id,product,category,amount,sale_date,quantity,customer_id,store_location
1,Banana Chips,Snacks,10881.41,2022-04-07,8,2764,Mysuru
2,Soft Drink 750ml,Beverages,114.69,2024-05-14,3,2222,Mysuru
3,Ice Cream Tub,Dairy,6597.61,2024-08-16,7,2084,Belagavi
4,Instant Noodles,Groceries,562.83,2022-08-23,1,2397,Ballari
5,Wireless Earphones,Electronics,5305.7,2024-06-09,6,1324,Davanagere
6,Rice 5kg,Groceries,8786.65,2023-01-01,5,2040,Mysuru
7,File Folder,Stationery,7543.45,2024-11-05,5,2248,Hubballi
8,Soft Drink 750ml,Beverages,228.1,2025-01-09,6,2953,Ballari
9,Rice 5kg,Groceries,9612.72,2022-08-18,6,2903,Shivamogga
10,Basmati Rice 5kg,Groceries,5293.87,2025-03-07,4,2940,Mysuru
11,Milk 1L,Dairy,4782.04,2024-12-26,8,2569,Mangaluru
12,Potato Chips,Snacks,4938.68,2022-12-05,8,1543,Ballari
13,Lassi 200ml,Beverages,8858.44,2025-01-09,7,2547,Udupi
14,Hair Oil 200ml,Personal Care,4187.41,2025-10-07,5,2331,Shivamogga
15,Body Lotion,Personal Care,3285.87,2023-04-06,8,1132,Shivamogga
16,Toor Dal 1kg,Groceries,2857.95,2022-01-15,4,1146,Udupi
17,File Folder,Stationery,1335.63,2022-03-06,1,2761,Shivamogga
18,Filter Coffee 500g,Beverages,358.96,2024-09-21,4,1439,Ballari
19,Potato Chips,Snacks,4300.49,2024-08-26,8,2654,Tumakuru
20,Face Wash,Personal Care,4401.82,2024-06-01,2,1726,Tumakuru
21,Murukku Pack,Snacks,5853.88,2022-04-21,8,2380,Kalaburagi
22,Torch Light,Electronics,2681.22,2023-11-26,2,2640,Mysuru
23,Extension Board,Electronics,6865.45,2024-07-07,4,1288,Tumakuru
24,Toothpaste 150g,Personal Care,2012.79,2022-06-04,5,1908,Ballari
25,Butter 100g,Dairy,88.42,2025-01-12,1,2713,Bengaluru
26,Curd 500g,Dairy,4753.22,2024-09-21,4,1986,Hubballi
27,Khakhra Pack,Snacks,503.39,2022-01-05,1,1800,Belagavi
28,Deodorant,Personal Care,2093.46,2025-02-12,5,2356,Udupi
29,Smart Watch,Electronics,3943.0,2023-03-22,3,2984,Bengaluru
30,Honey 500g,Groceries,1727.1,2022-04-28,1,1103,Vijayapura
31,Scrub Pad,Home Care,4394.29,2024-11-06,3,1165,Mangaluru
32,Tea Powder 500g,Beverages,2207.48,2023-04-27,2,1827,Mysuru
33,Oats 1kg,Groceries,8912.04,2022-03-23,4,2269,Mysuru
34,Chocolate Bar,Snacks,15279.57,2023-02-23,6,2372,Udupi
35,Ragi Flour 1kg,Groceries,6737.97,2022-09-26,4,2376,Kalaburagi
36,Printer Paper,Stationery,16621.82,2022-05-29,8,1020,Davanagere
37,Eraser Pack,Stationery,1155.46,2023-03-13,2,2037,Belagavi
38,Potato Chips,Snacks,3659.14,2023-05-16,6,1757,Belagavi
39,Mango Juice 1L,Beverages,17225.27,2025-12-11,8,1620,Vijayapura
40,HDMI Cable,Electronics,2322.02,2025-02-09,1,1614,Kalaburagi
41,Paneer 200g,Dairy,1466.85,2022-08-08,3,2521,Ballari
42,Soft Drink 750ml,Beverages,172.72,2023-03-08,5,2470,Shivamogga
43,Detergent Powder 1kg,Home Care,1251.4,2023-05-30,5,2855,Bengaluru
44,Curd 500g,Dairy,9500.05,2022-04-01,7,1008,Shivamogga
45,Potato Chips,Snacks,2641.67,2024-06-23,5,2130,Udupi
46,Namkeen Mix,Snacks,1500.82,2025-11-16,1,2852,Mangaluru
47,Marker Pen,Stationery,729.77,2025-04-07,1,2132,Mangaluru
48,Hand Wash,Personal Care,4171.14,2024-01-17,3,2842,Bengaluru
49,Coconut Oil 1L,Groceries,2476.28,2025-09-27,4,1211,Shivamogga
50,Corn Flakes,Groceries,18073.45,2022-11-13,7,2896,Hubballi
51,Mango Juice 1L,Beverages,6517.21,2022-02-20,3,1368,Udupi
52,Vermicelli 500g,Groceries,4343.94,2023-05-24,7,1547,Mangaluru
53,Paneer 200g,Dairy,3859.19,2024-08-21,7,1456,Hubballi
54,Deodorant,Personal Care,2452.03,2023-04-12,6,1457,Bengaluru
55,Phone Stand,Electronics,3959.96,2023-07-25,4,2771,Mysuru
56,Mobile Charger,Electronics,8570.19,2024-03-29,6,2392,Ballari
57,Vermicelli 500g,Groceries,540.17,2023-06-19,1,1366,Vijayapura
58,Power Bank 10000mAh,Electronics,2242.75,2024-06-08,1,1708,Udupi
59,Ragi Flour 1kg,Groceries,12634.17,2024-11-13,7,1237,Tumakuru
60,Peanut Butter,Groceries,3044.54,2025-12-22,4,1894,Bengaluru
61,Mouse,Electronics,2288.29,2022-05-24,4,2944,Kalaburagi
62,Vermicelli 500g,Groceries,3625.88,2022-09-13,6,2475,Belagavi
63,Pendrive 64GB,Electronics,10903.54,2023-10-31,5,1825,Udupi
64,Ball Pen Pack,Stationery,4374.47,2025-09-23,3,2926,Tumakuru
65,Shampoo 180ml,Personal Care,4237.97,2022-01-01,5,1623,Belagavi
66,Detergent Powder 1kg,Home Care,1850.09,2025-05-27,7,2341,Shivamogga
67,Glass Cleaner,Home Care,7599.46,2023-03-14,8,2047,Davanagere
68,Bath Soap,Personal Care,3351.31,2025-09-21,2,2297,Vijayapura
69,Vermicelli 500g,Groceries,1244.92,2023-04-27,2,2378,Belagavi
70,Floor Cleaner 1L,Home Care,7888.57,2022-04-05,4,1502,Davanagere
71,Buttermilk 200ml,Beverages,1341.73,2025-07-13,2,2179,Hubballi
72,Ice Cream Tub,Dairy,7249.76,2022-10-30,8,2344,Udupi
73,Rice 5kg,Groceries,3390.39,2023-03-25,2,1361,Udupi
74,Mouse,Electronics,4281.14,2023-05-26,8,2879,Mysuru
75,Deodorant,Personal Care,1352.62,2025-09-29,3,2088,Ballari
76,Mineral Water 1L,Beverages,14964.15,2024-06-25,6,2255,Udupi
77,Pendrive 64GB,Electronics,15748.52,2025-01-27,7,1914,Mangaluru
78,Air Freshener,Home Care,18838.94,2023-05-22,8,2721,Kalaburagi
79,Mobile Charger,Electronics,11394.18,2023-07-17,8,1901,Mysuru
80,Notebook,Stationery,7928.38,2023-10-17,4,2829,Ballari
81,Milk 1L,Dairy,1568.87,2024-02-24,3,2422,Mangaluru
82,Dishwash Liquid,Home Care,510.87,2023-11-09,2,2112,Davanagere
83,Chocolate Bar,Snacks,2205.53,2024-05-10,1,1798,Vijayapura
84,Toor Dal 1kg,Groceries,4891.86,2023-12-22,7,1612,Tumakuru
85,Chocolate Bar,Snacks,9349.54,2023-07-13,4,1893,Davanagere
86,Urad Dal 1kg,Groceries,3883.33,2025-10-22,7,2635,Tumakuru
87,Bath Soap,Personal Care,15186.77,2025-06-28,8,2094,Bengaluru
88,Cheese Slices,Dairy,859.99,2024-05-27,1,1278,Davanagere
89,Toothpaste 150g,Personal Care,386.13,2023-11-02,1,1434,Davanagere
90,Poha 1kg,Groceries,843.73,2024-02-16,6,1570,Tumakuru
91,USB Cable,Electronics,2683.67,2025-01-09,2,1107,Shivamogga
92,Floor Cleaner 1L,Home Care,4482.27,2025-08-27,2,1083,Bengaluru
93,Extension Board,Electronics,7815.48,2025-06-26,4,1313,Hubballi
94,Potato Chips,Snacks,4687.17,2025-03-01,8,2942,Hubballi
95,Glass Cleaner,Home Care,5061.75,2022-12-10,5,2241,Vijayapura
96,Parle-G Biscuits,Snacks,5350.1,2022-08-10,3,2186,Bengaluru
97,Basmati Rice 5kg,Groceries,9952.75,2023-02-11,7,1156,Vijayapura
98,File Folder,Stationery,5199.01,2023-09-10,4,2742,Kalaburagi
99,Mineral Water 1L,Beverages,4847.28,2025-03-05,2,2603,Bengaluru
100,Almonds 500g,Groceries,1574.43,2022-05-22,7,2037,Kalaburagi
101,Cashew 500g,Groceries,789.25,2024-09-30,1,1217,Tumakuru
102,Ghee 500ml,Groceries,2253.56,2024-06-10,8,1361,Udupi
103,Mouse,Electronics,3008.36,2025-01-07,5,2587,Davanagere
104,Glass Cleaner,Home Care,7165.62,2025-04-28,7,1550,Shivamogga
105,Extension Board,Electronics,3497.66,2024-07-12,2,1500,Davanagere
106,Oats 1kg,Groceries,14851.35,2024-10-09,7,2743,Shivamogga
107,Toothpaste 150g,Personal Care,3057.9,2023-06-14,8,1698,Belagavi
108,Mineral Water 1L,Beverages,11568.05,2024-11-24,5,2942,Hubballi
109,Milk 1L,Dairy,2347.86,2024-09-27,4,2138,Hubballi
110,Air Freshener,Home Care,19587.01,2022-02-05,8,1191,Belagavi
111,Floor Cleaner 1L,Home Care,15422.23,2023-09-20,7,2360,Vijayapura
112,Green Tea,Beverages,5735.65,2023-12-06,8,1872,Udupi
113,Instant Noodles,Groceries,3162.84,2024-07-18,6,1555,Belagavi
114,USB Cable,Electronics,4989.75,2023-01-30,4,1647,Mysuru
115,Stapler,Stationery,2258.47,2024-09-18,3,1567,Udupi
116,Jam 500g,Groceries,5486.92,2023-02-02,5,1607,Hubballi
117,Ghee 500ml,Groceries,779.35,2025-12-21,3,2094,Mangaluru
118,Mobile Charger,Electronics,1520.82,2025-02-07,1,1599,Udupi
119,Potato Chips,Snacks,4173.18,2022-01-26,8,2176,Belagavi
120,Air Freshener,Home Care,19556.51,2023-01-13,8,2978,Bengaluru
121,USB Cable,Electronics,9965.32,2022-05-14,8,1821,Davanagere
122,Filter Coffee 500g,Beverages,87.36,2025-02-26,1,2944,Belagavi
123,Milk 1L,Dairy,2077.27,2024-05-02,4,2242,Vijayapura
124,Eraser Pack,Stationery,2665.87,2024-02-19,4,1923,Davanagere
125,Printer Paper,Stationery,14511.49,2025-06-25,7,1124,Vijayapura
126,Butter 100g,Dairy,351.86,2023-06-26,4,2353,Mysuru
127,Mango Juice 1L,Beverages,7547.01,2022-06-03,4,1321,Bengaluru
128,Murukku Pack,Snacks,5663.47,2024-08-20,8,1597,Bengaluru
129,Toilet Cleaner,Home Care,7900.2,2025-12-10,5,2761,Davanagere
130,Filter Coffee 500g,Beverages,407.44,2025-07-04,4,2208,Kalaburagi
131,Hair Oil 200ml,Personal Care,5522.27,2023-04-06,7,2327,Mangaluru
132,Wireless Earphones,Electronics,2629.76,2022-12-06,3,2624,Belagavi
133,Mineral Water 1L,Beverages,11301.18,2024-08-17,5,2411,Belagavi
134,Khakhra Pack,Snacks,2698.15,2024-10-08,5,1897,Mysuru
135,Mineral Water 1L,Beverages,2466.29,2023-10-23,1,2237,Belagavi
136,Urad Dal 1kg,Groceries,1084.93,2025-10-12,2,2713,Vijayapura
137,Jam 500g,Groceries,1101.2,2025-10-08,1,2683,Belagavi
138,Peanut Butter,Groceries,842.52,2022-12-25,1,1964,Ballari
139,HDMI Cable,Electronics,19468.4,2023-01-07,8,2199,Tumakuru
140,Sticky Notes,Stationery,5876.83,2024-08-20,8,1713,Tumakuru
141,Vermicelli 500g,Groceries,3630.61,2022-11-26,6,1676,Tumakuru
142,Bluetooth Speaker,Electronics,8868.49,2024-03-31,5,2667,Ballari
143,Sugar 1kg,Groceries,13554.6,2023-06-01,8,1663,Mysuru
144,Khakhra Pack,Snacks,556.59,2025-01-16,1,1947,Tumakuru
145,Sunflower Oil 1L,Groceries,8963.37,2025-06-29,4,2550,Davanagere
146,File Folder,Stationery,11884.97,2023-02-21,8,1547,Ballari
147,Potato Chips,Snacks,2798.38,2025-12-01,5,1993,Mysuru
148,Urad Dal 1kg,Groceries,2390.5,2023-09-29,4,2129,Bengaluru
149,Instant Noodles,Groceries,3493.3,2022-08-21,7,1946,Mysuru
150,Torch Light,Electronics,4407.88,2023-08-21,3,2043,Udupi
151,Wireless Earphones,Electronics,7160.68,2024-08-25,7,1500,Davanagere
152,Instant Noodles,Groceries,1591.78,2025-05-12,3,2041,Udupi
153,Banana Chips,Snacks,2830.17,2024-04-29,2,1697,Ballari
154,Wireless Earphones,Electronics,917.13,2023-09-04,1,2716,Vijayapura
155,Honey 500g,Groceries,14125.57,2024-07-03,8,2104,Davanagere
156,Almonds 500g,Groceries,1320.85,2025-01-17,6,1773,Davanagere
157,Poha 1kg,Groceries,585.96,2023-05-05,4,2172,Tumakuru
158,Toilet Cleaner,Home Care,9651.32,2024-08-26,7,2445,Tumakuru
159,Ice Cream Tub,Dairy,2771.75,2022-03-17,3,1259,Ballari
160,Jam 500g,Groceries,6451.18,2024-06-20,6,1205,Ballari
161,Deodorant,Personal Care,444.16,2024-04-19,1,2784,Kalaburagi
162,Soft Drink 750ml,Beverages,71.8,2023-06-27,2,1694,Vijayapura
163,Cheese Slices,Dairy,2008.09,2025-10-13,2,2760,Ballari
164,Energy Drink,Beverages,9821.92,2024-09-26,6,2787,Ballari
165,Sugar 1kg,Groceries,3497.01,2025-11-02,2,2887,Belagavi
166,Toilet Cleaner,Home Care,2994.41,2022-07-21,2,2558,Kalaburagi
167,Butter 100g,Dairy,640.67,2023-09-06,8,2851,Bengaluru
168,Salt 1kg,Groceries,10792.76,2023-08-24,6,1735,Shivamogga
169,Hand Wash,Personal Care,4357.0,2024-04-23,3,2160,Kalaburagi
170,Toothpaste 150g,Personal Care,1137.7,2025-06-02,3,2784,Tumakuru
171,Eraser Pack,Stationery,2525.38,2025-04-09,4,1294,Hubballi
172,Glass Cleaner,Home Care,4766.4,2025-09-27,5,1020,Davanagere
173,Notebook,Stationery,5699.73,2023-12-09,3,2204,Belagavi
174,Sticky Notes,Stationery,4880.14,2024-07-24,7,2732,Belagavi
175,Hair Oil 200ml,Personal Care,6406.07,2022-08-07,7,1486,Tumakuru
176,Peanut Butter,Groceries,4874.26,2025-12-03,6,1605,Bengaluru
177,Phone Stand,Electronics,6754.52,2025-03-05,7,2772,Kalaburagi
178,Sunflower Oil 1L,Groceries,19049.84,2023-08-10,8,2589,Hubballi
179,Lassi 200ml,Beverages,6557.25,2023-01-25,6,2272,Belagavi
180,Phone Stand,Electronics,3109.29,2025-07-09,3,2324,Bengaluru
181,Basmati Rice 5kg,Groceries,10530.68,2024-01-18,8,2500,Mangaluru
182,Curd 500g,Dairy,6145.76,2024-04-30,5,1360,Hubballi
183,Potato Chips,Snacks,3421.12,2023-07-13,6,2701,Mangaluru
184,USB Cable,Electronics,11808.24,2023-08-28,8,2529,Shivamogga
185,Parle-G Biscuits,Snacks,14262.17,2022-10-16,8,2545,Hubballi
186,Cheese Slices,Dairy,5167.12,2024-03-19,6,1029,Belagavi
187,Stapler,Stationery,1590.13,2025-10-09,2,2534,Kalaburagi
188,Power Bank 10000mAh,Electronics,18131.68,2024-01-31,7,1222,Kalaburagi
189,Toilet Cleaner,Home Care,10984.88,2025-02-23,8,1672,Vijayapura
190,Floor Cleaner 1L,Home Care,4358.5,2024-08-08,2,2863,Udupi
191,Printer Paper,Stationery,13941.63,2022-04-03,7,2938,Bengaluru
192,Printer Paper,Stationery,15931.38,2023-04-26,8,2818,Ballari
193,Banana Chips,Snacks,10273.52,2025-10-05,7,2945,Udupi
194,Marker Pen,Stationery,4871.64,2022-11-13,7,2814,Tumakuru
195,HDMI Cable,Electronics,4793.07,2025-06-14,2,1836,Belagavi
196,Sugar 1kg,Groceries,10452.24,2024-06-29,6,2947,Hubballi
197,Ghee 500ml,Groceries,592.99,2024-01-23,2,2116,Kalaburagi
198,Coconut Oil 1L,Groceries,585.15,2023-01-24,1,2983,Mysuru
199,Deodorant,Personal Care,878.17,2025-08-07,2,2310,Vijayapura
200,Toor Dal 1kg,Groceries,742.34,2023-05-14,1,1258,Vijayapura
201,Detergent Powder 1kg,Home Care,533.0,2025-02-09,2,1425,Vijayapura
202,Dishwash Liquid,Home Care,1003.8,2022-10-30,4,2616,Vijayapura
203,Rice 5kg,Groceries,8604.42,2022-10-24,5,1267,Ballari
204,USB Cable,Electronics,3733.63,2022-02-22,3,1270,Bengaluru
205,Coconut Oil 1L,Groceries,2431.74,2022-02-02,4,1357,Belagavi
206,Sunflower Oil 1L,Groceries,7021.63,2024-12-13,3,1233,Udupi
207,Tea Powder 500g,Beverages,8442.71,2024-01-12,8,2052,Vijayapura
208,Paneer 200g,Dairy,4108.11,2025-06-13,8,1089,Udupi
209,Phone Stand,Electronics,5010.15,2022-03-05,5,1125,Davanagere
210,Khakhra Pack,Snacks,3917.64,2024-10-01,7,2459,Davanagere
211,Filter Coffee 500g,Beverages,181.12,2022-10-31,2,1135,Mangaluru
212,Mobile Charger,Electronics,8135.84,2025-05-08,6,2087,Belagavi
213,Deodorant,Personal Care,2738.06,2025-12-08,7,1235,Kalaburagi
214,HDMI Cable,Electronics,8860.72,2023-04-13,4,1848,Shivamogga
215,Deodorant,Personal Care,2926.67,2022-07-14,7,1641,Tumakuru
216,Ragi Flour 1kg,Groceries,8614.55,2022-11-09,5,2407,Davanagere
217,Tea Powder 500g,Beverages,2274.26,2022-07-10,2,1885,Mysuru
218,Green Tea,Beverages,2152.1,2025-04-16,3,2960,Ballari
219,Corn Flakes,Groceries,14631.68,2024-04-21,6,1725,Kalaburagi
220,Namkeen Mix,Snacks,1779.56,2025-05-14,1,1640,Shivamogga
221,Paneer 200g,Dairy,1910.75,2024-09-14,4,1460,Mysuru
222,Almonds 500g,Groceries,1206.59,2023-07-25,6,2176,Hubballi
223,Namkeen Mix,Snacks,1662.6,2025-09-09,1,2699,Udupi
224,Wireless Earphones,Electronics,897.49,2025-12-10,1,2562,Belagavi
225,Cashew 500g,Groceries,3988.88,2022-10-21,6,2160,Kalaburagi
226,Khakhra Pack,Snacks,1001.87,2025-07-20,2,2991,Bengaluru
227,Curd 500g,Dairy,4967.01,2024-07-18,4,1699,Mangaluru
228,Green Tea,Beverages,3704.04,2025-03-08,5,2222,Mysuru
229,Sunflower Oil 1L,Groceries,6238.91,2025-06-19,3,1102,Kalaburagi
230,Milk 1L,Dairy,2779.12,2024-05-18,5,1995,Vijayapura
231,Body Lotion,Personal Care,2969.81,2024-11-15,7,1234,Shivamogga
232,Hand Wash,Personal Care,2928.57,2025-10-21,2,2215,Davanagere
233,Sketch Pen Set,Stationery,452.77,2024-03-20,5,2228,Bengaluru
234,Rice 5kg,Groceries,6168.02,2023-03-09,4,2572,Mangaluru
235,USB Cable,Electronics,6517.24,2022-01-16,5,2019,Udupi
236,Hand Wash,Personal Care,4251.37,2024-12-26,3,2442,Hubballi
237,Pendrive 64GB,Electronics,11577.98,2022-03-28,6,1894,Bengaluru
238,Deodorant,Personal Care,912.07,2025-03-25,2,1880,Vijayapura
239,Khakhra Pack,Snacks,3618.06,2024-04-09,7,1043,Shivamogga
240,Bath Soap,Personal Care,14941.53,2024-01-12,8,1181,Tumakuru
241,Paneer 200g,Dairy,2026.08,2024-03-31,4,2074,Mysuru
242,Cheese Slices,Dairy,4920.83,2023-03-30,5,1683,Mangaluru
243,Filter Coffee 500g,Beverages,188.95,2023-02-02,2,2856,Shivamogga
244,Almonds 500g,Groceries,619.16,2022-10-27,3,1525,Hubballi
245,Shampoo 180ml,Personal Care,2726.33,2025-09-04,3,1155,Mangaluru
246,File Folder,Stationery,11216.07,2025-02-28,8,2557,Vijayapura
247,Sanitary Pads,Personal Care,11768.49,2025-07-08,6,1648,Mangaluru
248,Body Lotion,Personal Care,883.32,2025-07-17,2,1621,Belagavi
249,Jam 500g,Groceries,971.52,2022-06-01,1,1636,Davanagere
250,Sanitary Pads,Personal Care,1666.21,2023-08-11,1,1158,Kalaburagi
251,Curd 500g,Dairy,8846.49,2025-02-09,7,2955,Udupi
252,Salt 1kg,Groceries,14697.12,2025-03-16,8,2335,Hubballi
253,Poha 1kg,Groceries,1069.41,2022-05-07,8,1923,Mysuru
254,Cashew 500g,Groceries,1476.7,2022-12-20,2,1081,Hubballi
255,Body Lotion,Personal Care,3572.47,2025-06-02,8,1326,Shivamogga
256,Green Tea,Beverages,3466.99,2023-11-24,5,2391,Vijayapura
257,Sunflower Oil 1L,Groceries,12232.68,2022-07-13,6,2143,Kalaburagi
258,Ice Cream Tub,Dairy,4394.55,2025-09-06,5,2976,Vijayapura
259,Soft Drink 750ml,Beverages,198.58,2025-09-21,6,1290,Shivamogga
260,Basmati Rice 5kg,Groceries,9408.63,2025-12-22,7,2922,Mysuru
261,Basmati Rice 5kg,Groceries,10454.47,2023-11-04,7,2666,Mangaluru
262,Laptop Sleeve,Electronics,1160.78,2024-05-17,2,2042,Shivamogga
263,Toor Dal 1kg,Groceries,4051.39,2023-03-15,6,1700,Davanagere
264,Face Wash,Personal Care,10533.07,2022-11-14,4,1159,Belagavi
265,Butter 100g,Dairy,88.59,2025-06-19,1,1269,Vijayapura
266,Energy Drink,Beverages,4465.97,2025-11-19,3,2580,Vijayapura
267,Bath Soap,Personal Care,12732.44,2024-01-17,8,2386,Udupi
268,LED Bulb 9W,Electronics,16531.18,2024-07-08,8,1480,Ballari
269,LED Bulb 9W,Electronics,11049.69,2024-08-18,5,2852,Hubballi
270,Green Tea,Beverages,5631.47,2023-08-01,8,2594,Tumakuru
271,Pendrive 64GB,Electronics,16149.42,2023-02-13,7,2641,Vijayapura
272,Banana Chips,Snacks,6743.51,2024-09-11,5,2791,Shivamogga
273,Instant Noodles,Groceries,1132.42,2024-11-22,2,2744,Mysuru
274,Notebook,Stationery,4372.43,2023-07-13,2,1921,Ballari
275,Mixture Snack,Snacks,13032.87,2023-03-31,7,2673,Davanagere
276,Almonds 500g,Groceries,214.17,2024-03-22,1,2029,Shivamogga
277,LED Bulb 9W,Electronics,15551.44,2024-02-07,7,1460,Bengaluru
278,Ragi Flour 1kg,Groceries,3774.46,2025-08-24,2,1687,Mangaluru
279,Banana Chips,Snacks,1418.24,2024-08-25,1,2426,Mangaluru
280,Air Freshener,Home Care,20248.76,2022-06-12,8,1039,Belagavi
281,Dishwash Liquid,Home Care,787.19,2025-05-31,3,2081,Tumakuru
282,Parle-G Biscuits,Snacks,7730.45,2022-09-07,5,1098,Hubballi
283,Chocolate Bar,Snacks,17104.32,2024-10-20,8,2223,Ballari
284,Toor Dal 1kg,Groceries,2931.03,2023-08-20,4,1880,Bengaluru
285,Buttermilk 200ml,Beverages,3850.67,2024-05-03,6,1384,Kalaburagi
286,Laptop Sleeve,Electronics,1133.14,2024-01-09,2,1139,Ballari
287,Marker Pen,Stationery,669.01,2024-08-20,1,1090,Kalaburagi
288,Ice Cream Tub,Dairy,5275.3,2022-02-03,6,1732,Mysuru
289,Almonds 500g,Groceries,912.12,2025-07-10,4,1213,Vijayapura
290,Vermicelli 500g,Groceries,1595.58,2025-01-23,3,1694,Kalaburagi
291,Shampoo 180ml,Personal Care,7575.11,2024-09-07,8,2294,Mangaluru
292,Banana Chips,Snacks,3090.78,2024-07-26,2,1076,Belagavi
293,Hair Oil 200ml,Personal Care,904.52,2022-03-27,1,1647,Belagavi
294,Keyboard,Electronics,14942.89,2025-01-17,7,1970,Belagavi
295,Sugar 1kg,Groceries,7069.85,2022-04-08,4,2774,Kalaburagi
296,Vermicelli 500g,Groceries,2706.2,2024-01-24,5,1895,Tumakuru
297,Body Lotion,Personal Care,3010.79,2023-01-18,7,2017,Udupi
298,Bluetooth Speaker,Electronics,11181.72,2024-11-29,6,1547,Mysuru
299,Namkeen Mix,Snacks,3209.1,2023-01-05,2,2118,Belagavi
300,Poha 1kg,Groceries,244.83,2025-09-15,2,1606,Belagavi
301,Sanitary Pads,Personal Care,11944.38,2024-06-28,7,1720,Davanagere
302,Salt 1kg,Groceries,10423.31,2024-06-09,6,1563,Kalaburagi
303,Groundnut Oil 1L,Groceries,487.35,2024-04-11,2,1745,Ballari
304,Mango Juice 1L,Beverages,1874.23,2025-05-29,1,2389,Davanagere
305,Sugar 1kg,Groceries,5059.9,2025-08-14,3,1751,Shivamogga
306,Ice Cream Tub,Dairy,944.22,2025-10-22,1,1922,Shivamogga
307,Green Tea,Beverages,5973.56,2025-03-21,8,1282,Ballari
308,Ghee 500ml,Groceries,1823.07,2023-07-25,7,1512,Mysuru
309,Urad Dal 1kg,Groceries,1720.35,2024-03-03,3,2871,Ballari
310,Good Day Biscuits,Snacks,7234.35,2025-12-12,5,1914,Hubballi
311,Buttermilk 200ml,Beverages,3515.81,2024-10-02,5,1410,Mysuru
312,Banana Chips,Snacks,2934.34,2025-12-31,2,1912,Mysuru
313,Ragi Flour 1kg,Groceries,11048.44,2025-01-31,6,2111,Belagavi
314,Printer Paper,Stationery,6745.22,2025-12-05,3,2307,Mangaluru
315,Ghee 500ml,Groceries,999.99,2023-02-16,4,2623,Mangaluru
316,LED Bulb 9W,Electronics,14641.12,2025-02-08,8,2173,Shivamogga
317,Glass Cleaner,Home Care,2947.7,2022-06-26,3,1135,Belagavi
318,Cheese Slices,Dairy,7542.97,2024-04-18,8,2687,Vijayapura
319,Filter Coffee 500g,Beverages,308.31,2025-08-08,3,1152,Davanagere
320,Glass Cleaner,Home Care,5337.67,2025-02-03,6,2311,Vijayapura
321,Toothpaste 150g,Personal Care,1200.37,2022-04-24,3,2703,Mysuru
322,Mouse,Electronics,1695.01,2022-11-28,3,1661,Udupi
323,Floor Cleaner 1L,Home Care,13870.1,2024-11-28,6,2833,Belagavi
324,Milk 1L,Dairy,2640.35,2025-02-02,5,1563,Mangaluru
325,File Folder,Stationery,7222.54,2022-07-11,5,2030,Kalaburagi
326,Bath Soap,Personal Care,4908.66,2025-07-02,3,2476,Vijayapura
327,Cashew 500g,Groceries,785.66,2022-02-28,1,1167,Bengaluru
328,Torch Light,Electronics,7570.98,2025-03-17,5,1854,Vijayapura
329,Sticky Notes,Stationery,671.34,2025-07-08,1,2118,Belagavi
330,Torch Light,Electronics,7323.78,2025-11-03,5,1832,Belagavi
331,Deodorant,Personal Care,882.56,2022-11-20,2,1901,Tumakuru
332,Scrub Pad,Home Care,12096.49,2025-05-27,8,1295,Shivamogga
333,Ragi Flour 1kg,Groceries,11612.22,2022-09-25,6,2558,Shivamogga
334,Keyboard,Electronics,3748.27,2024-08-13,2,1251,Belagavi
335,Sanitary Pads,Personal Care,6787.67,2022-04-14,4,1595,Tumakuru
336,Buttermilk 200ml,Beverages,4499.75,2022-11-24,7,2667,Shivamogga
337,Peanut Butter,Groceries,4504.49,2022-11-23,6,2021,Ballari
338,Glass Cleaner,Home Care,8271.3,2024-10-15,8,1048,Mysuru
339,Cheese Slices,Dairy,8204.84,2023-03-17,8,2195,Shivamogga
340,Sunflower Oil 1L,Groceries,2134.98,2025-05-08,1,2808,Kalaburagi
341,Air Freshener,Home Care,12460.87,2022-08-09,5,1883,Mangaluru
342,Power Bank 10000mAh,Electronics,15370.44,2024-01-20,6,1093,Tumakuru
343,Sunflower Oil 1L,Groceries,8684.9,2023-08-15,4,1151,Tumakuru
344,Pendrive 64GB,Electronics,17774.9,2023-07-27,8,2691,Vijayapura
345,Buttermilk 200ml,Beverages,1253.26,2022-07-18,2,1807,Shivamogga
346,Cashew 500g,Groceries,4651.78,2023-02-12,6,2234,Ballari
347,Khakhra Pack,Snacks,490.51,2022-10-08,1,2462,Shivamogga
348,Air Freshener,Home Care,18402.52,2024-11-21,8,1287,Shivamogga
349,Buttermilk 200ml,Beverages,3787.26,2025-06-16,6,2515,Belagavi
350,Jam 500g,Groceries,6015.81,2024-11-09,6,2091,Davanagere
351,Oats 1kg,Groceries,10911.88,2022-02-04,5,1755,Shivamogga
352,Parle-G Biscuits,Snacks,11613.18,2025-11-10,7,2289,Bengaluru
353,Mineral Water 1L,Beverages,17446.26,2025-09-04,8,2604,Vijayapura
354,Peanut Butter,Groceries,3343.37,2025-04-10,4,1984,Mangaluru
355,Sketch Pen Set,Stationery,648.15,2025-10-26,7,1497,Bengaluru
356,Peanut Butter,Groceries,1501.8,2024-06-22,2,1643,Tumakuru
357,Soft Drink 750ml,Beverages,262.47,2024-04-20,7,2028,Vijayapura
358,Air Freshener,Home Care,2575.84,2024-11-28,1,1425,Ballari
359,Poha 1kg,Groceries,1074.57,2023-10-05,8,2960,Mangaluru
360,Deodorant,Personal Care,2575.05,2025-10-16,6,2582,Udupi
361,Torch Light,Electronics,7510.64,2023-01-29,5,2961,Hubballi
362,Mobile Charger,Electronics,6563.12,2023-09-02,5,2580,Belagavi
363,Detergent Powder 1kg,Home Care,1926.89,2023-12-16,8,2148,Udupi
364,Mobile Charger,Electronics,6420.06,2025-10-17,5,2113,Tumakuru
365,Cheese Slices,Dairy,6140.04,2022-10-27,6,1595,Bengaluru
366,Notebook,Stationery,4026.2,2024-06-24,2,2344,Belagavi
367,Scrub Pad,Home Care,6045.73,2025-01-08,4,1556,Ballari
368,Wireless Earphones,Electronics,2651.51,2025-04-16,3,1491,Hubballi
369,Sunflower Oil 1L,Groceries,9176.82,2022-04-18,4,1206,Tumakuru
370,Vermicelli 500g,Groceries,4307.51,2022-10-09,8,1011,Ballari
371,Mango Juice 1L,Beverages,14561.05,2024-09-01,7,1978,Kalaburagi
372,Hair Oil 200ml,Personal Care,4120.89,2025-08-15,5,1122,Mysuru
373,HDMI Cable,Electronics,9049.58,2022-03-18,4,2871,Mangaluru
374,Chocolate Bar,Snacks,7638.68,2022-03-16,3,2713,Tumakuru
375,Bluetooth Speaker,Electronics,5603.53,2023-08-16,3,2796,Bengaluru
376,Wheat Atta 10kg,Groceries,415.72,2022-08-08,5,2902,Shivamogga
377,Notebook,Stationery,18240.67,2025-01-17,8,2074,Davanagere
378,Banana Chips,Snacks,11312.62,2022-08-19,8,1678,Mangaluru
379,Deodorant,Personal Care,2219.16,2022-01-29,5,2509,Shivamogga
380,Ball Pen Pack,Stationery,5812.31,2025-08-01,4,2838,Tumakuru
381,Namkeen Mix,Snacks,8955.86,2025-10-02,6,1196,Mangaluru
382,Banana Chips,Snacks,11432.94,2023-05-24,8,1014,Belagavi
383,Ice Cream Tub,Dairy,3659.71,2023-07-01,4,2954,Shivamogga
384,Printer Paper,Stationery,2054.16,2024-01-07,1,2419,Hubballi
385,Groundnut Oil 1L,Groceries,467.96,2022-11-24,2,1831,Kalaburagi
386,Pendrive 64GB,Electronics,10952.91,2025-08-01,5,2877,Belagavi
387,Green Tea,Beverages,2678.09,2022-10-01,4,1980,Mangaluru
388,Deodorant,Personal Care,2508.5,2025-01-29,6,2870,Davanagere
389,Stapler,Stationery,3377.36,2025-10-25,4,2546,Vijayapura
390,Milk 1L,Dairy,4523.1,2024-01-11,8,1160,Vijayapura
391,Parle-G Biscuits,Snacks,1739.0,2024-11-01,1,1415,Vijayapura
392,Stapler,Stationery,2245.47,2024-12-01,3,1905,Mysuru
393,Detergent Powder 1kg,Home Care,1836.45,2024-11-11,8,1913,Bengaluru
394,Deodorant,Personal Care,1279.1,2024-07-24,3,2155,Bengaluru
395,Corn Flakes,Groceries,19519.29,2023-09-24,8,2482,Bengaluru
396,Cheese Slices,Dairy,4987.1,2023-03-23,5,2185,Mysuru
397,Salt 1kg,Groceries,11517.84,2022-05-11,7,2109,Bengaluru
398,Tea Powder 500g,Beverages,7732.01,2024-04-17,8,1369,Mangaluru
399,Torch Light,Electronics,10030.07,2024-02-23,7,1919,Tumakuru
400,Energy Drink,Beverages,3309.69,2025-09-17,2,2792,Ballari
401,Banana Chips,Snacks,8210.34,2025-01-05,6,1805,Ballari
402,Potato Chips,Snacks,2418.55,2022-02-16,4,1612,Davanagere
403,Marker Pen,Stationery,4818.58,2023-04-16,7,1507,Davanagere
404,Almonds 500g,Groceries,624.31,2022-08-20,3,1066,Kalaburagi
405,Chocolate Bar,Snacks,2221.38,2022-05-18,1,1207,Vijayapura
406,Sugar 1kg,Groceries,15060.49,2025-12-11,8,2787,Bengaluru
407,Extension Board,Electronics,1793.96,2023-04-25,1,2106,Hubballi
408,Groundnut Oil 1L,Groceries,707.38,2023-08-16,3,1480,Udupi
409,Peanut Butter,Groceries,4876.81,2025-10-09,6,2677,Shivamogga
410,LED Bulb 9W,Electronics,10869.07,2025-09-14,5,2068,Hubballi
411,Murukku Pack,Snacks,3257.13,2025-02-14,5,2943,Vijayapura
412,Shampoo 180ml,Personal Care,6114.28,2022-04-07,7,2992,Shivamogga
413,Torch Light,Electronics,10876.48,2023-10-15,7,2427,Tumakuru
414,Murukku Pack,Snacks,1964.4,2023-01-12,3,2546,Ballari
415,Air Freshener,Home Care,10587.5,2023-09-08,4,2757,Udupi
416,Mixture Snack,Snacks,17564.47,2025-02-25,8,1846,Tumakuru
417,Corn Flakes,Groceries,6917.37,2023-06-07,3,1417,Shivamogga
418,Torch Light,Electronics,3187.77,2024-01-30,2,1190,Ballari
419,Face Wash,Personal Care,2283.03,2025-10-11,1,2239,Vijayapura
420,Salt 1kg,Groceries,3184.59,2025-04-18,2,2484,Kalaburagi
421,Corn Flakes,Groceries,9394.8,2023-11-13,4,1621,Bengaluru
422,Dishwash Liquid,Home Care,1135.5,2022-08-29,4,2530,Davanagere
423,Extension Board,Electronics,7167.61,2023-05-06,4,2131,Shivamogga
424,Notebook,Stationery,14440.31,2025-08-21,7,1736,Belagavi
425,Power Bank 10000mAh,Electronics,14637.4,2024-10-15,6,1955,Mysuru
426,Air Freshener,Home Care,16074.19,2024-01-30,6,1641,Tumakuru
427,Salt 1kg,Groceries,7120.6,2022-02-03,4,1535,Ballari
428,Honey 500g,Groceries,11046.62,2023-02-06,7,1676,Hubballi
429,Energy Drink,Beverages,6385.11,2025-09-02,4,2933,Kalaburagi
430,Cashew 500g,Groceries,3882.68,2024-09-27,5,2980,Udupi
431,Torch Light,Electronics,11666.04,2023-12-23,8,1347,Mangaluru
432,Marker Pen,Stationery,5126.22,2025-01-15,8,2315,Bengaluru
433,Sketch Pen Set,Stationery,106.36,2022-06-02,1,2936,Kalaburagi
434,Sunflower Oil 1L,Groceries,2193.49,2025-07-15,1,1474,Mysuru
435,Soft Drink 750ml,Beverages,34.09,2024-07-22,1,1765,Bengaluru
436,Eraser Pack,Stationery,5214.1,2022-02-02,8,1014,Ballari
437,Instant Noodles,Groceries,3431.43,2024-12-20,7,2480,Belagavi
438,Stapler,Stationery,3624.19,2025-11-30,5,2381,Tumakuru
439,Shampoo 180ml,Personal Care,1872.09,2024-12-09,2,1305,Hubballi
440,Face Wash,Personal Care,12724.04,2023-07-02,5,2629,Tumakuru
441,Milk 1L,Dairy,3683.19,2024-07-29,6,2158,Hubballi
442,Floor Cleaner 1L,Home Care,10999.45,2022-06-15,5,2339,Kalaburagi
443,Sugar 1kg,Groceries,3622.94,2024-02-12,2,2132,Davanagere
444,Groundnut Oil 1L,Groceries,245.17,2022-06-19,1,2024,Tumakuru
445,Torch Light,Electronics,8934.77,2022-07-15,6,2833,Ballari
446,Salt 1kg,Groceries,6400.78,2025-11-18,4,2818,Vijayapura
447,Air Freshener,Home Care,11248.29,2022-06-02,5,2402,Belagavi
448,Marker Pen,Stationery,640.14,2023-10-07,1,1033,Hubballi
449,Jam 500g,Groceries,3155.04,2025-12-30,3,2682,Tumakuru
450,Filter Coffee 500g,Beverages,437.8,2023-05-08,5,2161,Tumakuru
451,Marker Pen,Stationery,4008.66,2022-10-14,6,2619,Udupi
452,Milk 1L,Dairy,3072.22,2024-06-14,6,1476,Mysuru
453,Cashew 500g,Groceries,5648.04,2023-10-31,7,1061,Kalaburagi
454,Wireless Earphones,Electronics,7655.75,2023-12-30,8,2133,Tumakuru
455,Hand Wash,Personal Care,4756.95,2025-09-15,3,1779,Mysuru
456,Eraser Pack,Stationery,3346.46,2025-12-31,5,1151,Mysuru
457,Wireless Earphones,Electronics,2807.28,2025-07-22,3,1316,Udupi
458,Ice Cream Tub,Dairy,5394.09,2022-07-07,6,1011,Belagavi
459,Body Lotion,Personal Care,2805.9,2022-07-29,6,1272,Mysuru
460,Toothpaste 150g,Personal Care,2810.08,2025-02-10,7,2050,Tumakuru
461,Paneer 200g,Dairy,471.01,2025-02-09,1,1191,Vijayapura
462,Mineral Water 1L,Beverages,14727.14,2022-01-26,6,1598,Tumakuru
463,Ice Cream Tub,Dairy,1932.73,2025-02-19,2,2854,Hubballi
464,Peanut Butter,Groceries,2490.2,2022-12-14,3,1285,Belagavi
465,Printer Paper,Stationery,10770.32,2022-05-10,5,1343,Tumakuru
466,Mobile Charger,Electronics,9334.0,2022-06-07,7,1740,Belagavi
467,Extension Board,Electronics,14912.46,2023-02-05,8,1938,Mysuru
468,Banana Chips,Snacks,6676.24,2024-03-21,5,1681,Vijayapura
469,Energy Drink,Beverages,9464.48,2024-05-31,6,2671,Kalaburagi
470,Mineral Water 1L,Beverages,6590.27,2025-05-20,3,2941,Udupi
471,Hair Oil 200ml,Personal Care,6583.88,2024-03-26,8,2984,Shivamogga
472,Ball Pen Pack,Stationery,13594.43,2023-05-12,8,1668,Tumakuru
473,Mobile Charger,Electronics,9460.92,2025-02-28,7,1410,Vijayapura
474,Marker Pen,Stationery,2126.57,2025-01-31,3,1056,Udupi
475,Glass Cleaner,Home Care,3796.88,2023-08-20,4,2703,Udupi
476,Tea Powder 500g,Beverages,7722.83,2022-10-13,7,2298,Belagavi
477,LED Bulb 9W,Electronics,10429.17,2024-05-16,5,2617,Tumakuru
478,Filter Coffee 500g,Beverages,824.92,2024-09-08,8,2193,Tumakuru
479,Stapler,Stationery,5665.26,2024-01-07,7,2437,Ballari
480,Mineral Water 1L,Beverages,4218.64,2023-05-24,2,2347,Kalaburagi
481,Coconut Oil 1L,Groceries,1844.64,2022-04-01,3,2154,Kalaburagi
482,Torch Light,Electronics,11248.94,2023-11-11,7,2978,Tumakuru
483,Paneer 200g,Dairy,471.93,2023-03-31,1,2046,Udupi
484,Mouse,Electronics,2326.65,2024-03-12,4,1949,Kalaburagi
485,Jam 500g,Groceries,2910.38,2022-02-20,3,1989,Mysuru
486,Ball Pen Pack,Stationery,11792.41,2022-06-25,7,1238,Udupi
487,Mixture Snack,Snacks,11706.69,2024-07-21,6,2607,Hubballi
488,Mouse,Electronics,4561.59,2022-07-19,8,1898,Udupi
489,Sanitary Pads,Personal Care,10019.81,2022-04-02,6,2660,Udupi
490,Parle-G Biscuits,Snacks,1745.66,2025-08-20,1,1224,Kalaburagi
491,Bath Soap,Personal Care,7027.97,2025-02-04,4,1328,Shivamogga
492,Corn Flakes,Groceries,18022.69,2023-04-20,7,2634,Tumakuru
493,File Folder,Stationery,3970.84,2025-09-08,3,1886,Tumakuru
494,Urad Dal 1kg,Groceries,2271.1,2024-05-29,4,1797,Bengaluru
495,Dishwash Liquid,Home Care,993.36,2025-12-12,4,2657,Mysuru
496,Peanut Butter,Groceries,1696.69,2025-01-04,2,1383,Shivamogga
497,Poha 1kg,Groceries,530.02,2023-06-22,4,2374,Davanagere
498,Sketch Pen Set,Stationery,609.25,2025-06-05,6,1804,Vijayapura
499,Parle-G Biscuits,Snacks,9500.44,2024-07-26,6,2265,Mangaluru
500,Printer Paper,Stationery,4462.56,2023-10-04,2,1242,Hubballi
501,Basmati Rice 5kg,Groceries,2719.59,2025-11-21,2,1290,Ballari
502,Ice Cream Tub,Dairy,6598.3,2025-03-23,7,1786,Tumakuru
503,Toothpaste 150g,Personal Care,3332.65,2025-11-21,8,2883,Kalaburagi
504,Shampoo 180ml,Personal Care,2586.09,2022-10-15,3,1384,Shivamogga
505,Sanitary Pads,Personal Care,1961.88,2022-01-20,1,1993,Mangaluru
506,Face Wash,Personal Care,18311.73,2024-11-01,7,2338,Davanagere
507,Murukku Pack,Snacks,5364.72,2024-06-28,8,2001,Mangaluru
508,Milk 1L,Dairy,595.49,2023-03-28,1,1599,Bengaluru
509,Mobile Charger,Electronics,5598.03,2022-12-11,4,2599,Davanagere
510,Oats 1kg,Groceries,17721.63,2022-08-20,8,2173,Mysuru
511,Wireless Earphones,Electronics,5800.99,2022-03-27,6,2557,Udupi
512,Body Lotion,Personal Care,1951.81,2022-07-29,4,2508,Kalaburagi
513,Extension Board,Electronics,9834.45,2022-03-08,5,1922,Belagavi
514,Almonds 500g,Groceries,430.45,2022-08-29,2,2589,Hubballi
515,Detergent Powder 1kg,Home Care,1608.38,2025-06-03,6,2296,Tumakuru
516,Bath Soap,Personal Care,5553.5,2023-02-28,3,2650,Bengaluru
517,Oats 1kg,Groceries,13245.31,2025-05-07,6,2104,Mangaluru
518,Poha 1kg,Groceries,640.05,2023-07-02,5,2951,Ballari
519,Butter 100g,Dairy,281.26,2024-04-22,3,2882,Bengaluru
520,Mobile Charger,Electronics,4335.06,2022-09-29,3,1512,Mangaluru
521,Poha 1kg,Groceries,562.51,2025-10-16,4,1805,Davanagere
522,Mixture Snack,Snacks,10396.08,2024-02-08,5,1926,Mysuru
523,Sticky Notes,Stationery,1317.1,2023-07-24,2,2423,Shivamogga
524,Deodorant,Personal Care,3284.41,2022-01-06,8,2780,Udupi
525,Curd 500g,Dairy,10460.94,2025-11-29,8,1734,Mysuru
526,Stapler,Stationery,5299.29,2024-05-29,7,2690,Hubballi
527,Bluetooth Speaker,Electronics,8284.91,2023-08-04,5,1692,Ballari
528,Peanut Butter,Groceries,2432.96,2024-09-20,3,2615,Shivamogga
529,Sunflower Oil 1L,Groceries,2053.81,2024-07-30,1,1034,Mysuru
530,Mango Juice 1L,Beverages,16007.02,2024-05-26,8,1415,Udupi
531,Potato Chips,Snacks,2640.2,2023-07-16,5,1192,Kalaburagi
532,Ghee 500ml,Groceries,1239.45,2025-09-22,5,2851,Kalaburagi
533,Bath Soap,Personal Care,1715.08,2023-09-18,1,2487,Udupi
534,Toilet Cleaner,Home Care,10950.95,2025-12-12,7,1195,Bengaluru
535,Dishwash Liquid,Home Care,1903.4,2025-04-30,8,1464,Ballari
536,Body Lotion,Personal Care,400.69,2023-12-05,1,2674,Mysuru
537,Namkeen Mix,Snacks,4859.62,2023-04-14,3,1785,Mysuru
538,Paneer 200g,Dairy,987.93,2023-09-05,2,1281,Tumakuru
539,Banana Chips,Snacks,4060.53,2025-02-27,3,1018,Vijayapura
540,HDMI Cable,Electronics,6659.06,2023-03-13,3,2287,Udupi
541,Soft Drink 750ml,Beverages,258.71,2024-06-25,7,2762,Hubballi
542,Curd 500g,Dairy,2363.21,2022-09-10,2,2208,Udupi
543,Ice Cream Tub,Dairy,6062.76,2023-10-07,6,2621,Mangaluru
544,Extension Board,Electronics,9413.27,2023-05-24,5,2134,Vijayapura
545,Mineral Water 1L,Beverages,12078.7,2025-11-15,5,1055,Kalaburagi
546,Printer Paper,Stationery,8658.75,2024-11-09,4,1387,Udupi
547,Cheese Slices,Dairy,4827.36,2023-05-06,5,2014,Tumakuru
548,Parle-G Biscuits,Snacks,6526.3,2025-05-01,4,1146,Ballari
549,Wheat Atta 10kg,Groceries,534.89,2022-09-28,6,1793,Vijayapura
550,Chocolate Bar,Snacks,14187.73,2022-12-20,6,2563,Davanagere
551,Filter Coffee 500g,Beverages,95.54,2022-01-29,1,1537,Hubballi
552,Salt 1kg,Groceries,1850.6,2024-03-26,1,2038,Belagavi
553,File Folder,Stationery,9734.23,2024-04-03,7,1169,Kalaburagi
554,Stapler,Stationery,2299.83,2023-09-27,3,1162,Ballari
555,Detergent Powder 1kg,Home Care,755.49,2024-03-11,3,2202,Kalaburagi
556,HDMI Cable,Electronics,4322.61,2024-06-14,2,2495,Hubballi
557,Groundnut Oil 1L,Groceries,864.45,2024-06-08,4,1238,Davanagere
558,Buttermilk 200ml,Beverages,651.08,2025-09-09,1,2517,Mangaluru
559,Good Day Biscuits,Snacks,1428.48,2025-12-07,1,1024,Mangaluru
560,Bluetooth Speaker,Electronics,10354.46,2023-06-15,6,1342,Shivamogga
561,Potato Chips,Snacks,2965.45,2022-08-30,5,2580,Bengaluru
562,Vermicelli 500g,Groceries,3909.52,2022-05-11,7,1539,Udupi
563,Peanut Butter,Groceries,1599.57,2024-11-12,2,1738,Bengaluru
564,Bluetooth Speaker,Electronics,5017.15,2023-06-07,3,2584,Mysuru
565,Peanut Butter,Groceries,1513.85,2024-11-08,2,1006,Bengaluru
566,Wheat Atta 10kg,Groceries,298.33,2024-01-16,4,1785,Mangaluru
567,Shampoo 180ml,Personal Care,872.95,2025-09-04,1,1859,Hubballi
568,Poha 1kg,Groceries,525.61,2023-10-18,4,1556,Mysuru
569,Peanut Butter,Groceries,4436.84,2025-10-10,6,2848,Bengaluru
570,Shampoo 180ml,Personal Care,3665.59,2022-04-05,4,2954,Tumakuru
571,Tea Powder 500g,Beverages,9155.48,2023-09-29,8,1671,Mysuru
572,Instant Noodles,Groceries,3918.25,2023-02-15,8,1598,Vijayapura
573,Printer Paper,Stationery,8565.87,2025-04-26,4,2991,Davanagere
574,Hair Oil 200ml,Personal Care,3180.06,2024-04-19,4,1049,Hubballi
575,Marker Pen,Stationery,4215.58,2025-11-21,6,2797,Bengaluru
576,Vermicelli 500g,Groceries,615.49,2024-02-10,1,2739,Udupi
577,Basmati Rice 5kg,Groceries,2732.46,2023-05-03,2,1860,Davanagere
578,Groundnut Oil 1L,Groceries,736.75,2022-07-10,3,1090,Hubballi
579,Mouse,Electronics,4281.63,2024-02-02,7,1939,Udupi
580,Milk 1L,Dairy,1125.66,2025-07-29,2,2680,Tumakuru
581,Filter Coffee 500g,Beverages,92.68,2022-09-25,1,1485,Belagavi
582,Power Bank 10000mAh,Electronics,15844.02,2024-03-15,6,2436,Udupi
583,Poha 1kg,Groceries,794.26,2023-04-24,6,1153,Hubballi
584,Banana Chips,Snacks,2758.57,2022-12-03,2,1921,Davanagere
585,Ragi Flour 1kg,Groceries,11432.98,2024-01-04,7,2976,Hubballi
586,Sanitary Pads,Personal Care,9074.14,2022-09-03,5,1186,Mangaluru
587,Printer Paper,Stationery,2034.09,2023-11-03,1,1304,Mysuru
588,Extension Board,Electronics,10750.57,2022-04-11,6,2387,Belagavi
589,Power Bank 10000mAh,Electronics,6615.37,2024-04-08,3,2751,Davanagere
590,Corn Flakes,Groceries,8669.03,2022-07-28,4,2647,Mangaluru
591,Good Day Biscuits,Snacks,1251.22,2023-04-01,1,1268,Hubballi
592,Khakhra Pack,Snacks,3358.1,2025-08-13,6,1173,Vijayapura
593,Jam 500g,Groceries,5423.77,2022-06-03,5,1045,Mysuru
594,Hair Oil 200ml,Personal Care,7261.0,2022-07-08,8,2854,Shivamogga
595,Good Day Biscuits,Snacks,1492.76,2022-04-14,1,1345,Vijayapura
596,Hand Wash,Personal Care,10706.18,2024-02-23,7,2400,Tumakuru
597,Shampoo 180ml,Personal Care,4887.2,2023-01-19,6,1564,Belagavi
598,Sanitary Pads,Personal Care,4974.23,2025-06-22,3,2264,Hubballi
599,Torch Light,Electronics,7347.22,2025-02-01,5,1982,Bengaluru
600,Curd 500g,Dairy,6217.45,2024-05-08,5,1409,Kalaburagi
601,Sketch Pen Set,Stationery,408.86,2025-01-18,4,2628,Bengaluru
602,Energy Drink,Beverages,9540.08,2024-09-19,6,1705,Vijayapura
603,Pendrive 64GB,Electronics,12378.97,2023-01-04,6,1054,Shivamogga
604,Mineral Water 1L,Beverages,8290.73,2023-07-30,4,1120,Davanagere
605,Sketch Pen Set,Stationery,629.56,2023-04-22,6,2995,Mangaluru
606,Butter 100g,Dairy,354.01,2023-06-30,4,2093,Udupi
607,Groundnut Oil 1L,Groceries,956.71,2024-03-06,4,1727,Mangaluru
608,Shampoo 180ml,Personal Care,3519.22,2025-11-29,4,1735,Vijayapura
609,Urad Dal 1kg,Groceries,3749.4,2025-02-28,6,1292,Vijayapura
610,Face Wash,Personal Care,19312.47,2022-12-26,8,2005,Bengaluru
611,Curd 500g,Dairy,1205.19,2023-03-25,1,1041,Ballari
612,Scrub Pad,Home Care,1553.11,2025-06-11,1,1413,Mangaluru
613,Cashew 500g,Groceries,2398.4,2023-10-25,3,1122,Bengaluru
614,Mixture Snack,Snacks,6415.92,2024-12-13,3,2763,Shivamogga
615,Filter Coffee 500g,Beverages,586.45,2025-09-18,6,1811,Vijayapura
616,Butter 100g,Dairy,494.45,2022-10-07,6,2999,Mangaluru
617,Hand Wash,Personal Care,12610.47,2022-12-23,8,2449,Ballari
618,Buttermilk 200ml,Beverages,3836.59,2025-04-21,6,2669,Mangaluru
619,Energy Drink,Beverages,8356.07,2023-08-27,5,1261,Mangaluru
620,Rice 5kg,Groceries,12028.99,2025-03-08,7,1067,Mangaluru
621,Lassi 200ml,Beverages,7532.75,2025-06-06,6,1453,Kalaburagi
622,Oats 1kg,Groceries,4769.91,2022-10-16,2,1679,Udupi
623,Filter Coffee 500g,Beverages,364.09,2023-10-17,4,1344,Kalaburagi
624,Curd 500g,Dairy,7558.13,2023-06-28,6,1430,Hubballi
625,Tea Powder 500g,Beverages,6086.83,2022-08-10,6,2476,Bengaluru
626,Sunflower Oil 1L,Groceries,15435.17,2024-05-09,7,2985,Mangaluru
627,Murukku Pack,Snacks,5873.45,2023-12-21,8,2119,Tumakuru
628,Butter 100g,Dairy,726.12,2025-03-29,8,2334,Kalaburagi
629,Floor Cleaner 1L,Home Care,6303.36,2022-03-10,3,1604,Bengaluru
630,Ragi Flour 1kg,Groceries,9634.94,2022-06-01,5,1701,Mangaluru
631,Energy Drink,Beverages,5011.72,2025-01-25,3,2929,Mysuru
632,Cashew 500g,Groceries,6142.81,2024-06-02,8,2931,Kalaburagi
633,Bath Soap,Personal Care,11418.97,2022-07-27,7,1679,Hubballi
634,Face Wash,Personal Care,17418.12,2025-01-11,7,1544,Kalaburagi
635,Notebook,Stationery,9839.51,2022-04-12,5,1805,Vijayapura
636,Instant Noodles,Groceries,4044.83,2024-01-09,8,1008,Tumakuru
637,Curd 500g,Dairy,6778.81,2025-07-04,5,2230,Davanagere
638,Hair Oil 200ml,Personal Care,1547.35,2022-12-16,2,2308,Belagavi
639,Milk 1L,Dairy,4807.0,2023-09-24,8,2608,Tumakuru
640,Air Freshener,Home Care,21355.26,2023-06-27,8,1187,Kalaburagi
641,Marker Pen,Stationery,4486.24,2024-02-21,7,1757,Mangaluru
642,Sanitary Pads,Personal Care,1741.68,2024-08-10,1,1540,Hubballi
643,Wireless Earphones,Electronics,891.87,2025-11-27,1,2367,Mysuru
644,Milk 1L,Dairy,3581.24,2024-04-27,6,2989,Vijayapura
645,Toilet Cleaner,Home Care,1620.65,2024-12-06,1,1858,Ballari
646,Air Freshener,Home Care,9849.1,2022-06-11,4,1809,Udupi
647,Sugar 1kg,Groceries,5118.67,2024-07-08,3,1355,Mangaluru
648,Dishwash Liquid,Home Care,961.73,2024-05-17,4,1161,Kalaburagi
649,Hand Wash,Personal Care,6731.47,2025-07-08,4,1303,Vijayapura
650,Power Bank 10000mAh,Electronics,15799.53,2022-05-18,6,1179,Tumakuru
651,Corn Flakes,Groceries,16680.81,2023-07-20,7,2065,Davanagere
652,Wheat Atta 10kg,Groceries,529.71,2022-11-03,7,1304,Vijayapura
653,Jam 500g,Groceries,2172.51,2025-02-26,2,2597,Mysuru
654,Notebook,Stationery,13403.35,2023-06-25,6,1785,Kalaburagi
655,Smart Watch,Electronics,10172.93,2023-07-19,8,1826,Mangaluru
656,Eraser Pack,Stationery,4013.63,2023-11-10,7,2415,Hubballi
657,Sunflower Oil 1L,Groceries,19364.18,2024-02-02,8,1042,Shivamogga
658,Printer Paper,Stationery,10311.35,2024-10-03,5,2758,Udupi
659,Butter 100g,Dairy,318.14,2024-06-26,4,2586,Shivamogga
660,Wireless Earphones,Electronics,6852.3,2022-07-02,7,1385,Davanagere
661,Dishwash Liquid,Home Care,1906.68,2024-11-23,7,2777,Shivamogga
662,Groundnut Oil 1L,Groceries,645.42,2025-12-24,3,2038,Tumakuru
663,Banana Chips,Snacks,1384.72,2023-02-16,1,2715,Bengaluru
664,Extension Board,Electronics,1813.79,2024-01-09,1,2444,Hubballi
665,Mobile Charger,Electronics,8873.6,2024-10-31,6,1813,Kalaburagi
666,Good Day Biscuits,Snacks,1300.67,2024-09-28,1,2217,Davanagere
667,Shampoo 180ml,Personal Care,7030.64,2023-12-18,8,1706,Mangaluru
668,Power Bank 10000mAh,Electronics,4657.46,2024-03-02,2,1102,Mangaluru
669,Peanut Butter,Groceries,3430.27,2025-08-18,4,1462,Kalaburagi
670,Detergent Powder 1kg,Home Care,1287.95,2024-11-17,5,1042,Kalaburagi
671,Wheat Atta 10kg,Groceries,710.25,2025-08-18,8,1355,Vijayapura
672,Wheat Atta 10kg,Groceries,311.87,2023-09-18,4,2460,Udupi
673,Torch Light,Electronics,7236.86,2024-02-11,5,2745,Shivamogga
674,Deodorant,Personal Care,2006.37,2023-09-11,5,2387,Ballari
675,Eraser Pack,Stationery,4496.19,2022-01-16,7,2048,Kalaburagi
676,Green Tea,Beverages,3403.89,2022-08-10,5,1987,Mysuru
677,Cashew 500g,Groceries,3792.11,2023-07-22,5,1535,Kalaburagi
678,HDMI Cable,Electronics,10532.87,2024-11-25,5,2568,Hubballi
679,Groundnut Oil 1L,Groceries,1702.22,2025-10-26,7,1287,Udupi
680,Urad Dal 1kg,Groceries,5045.01,2023-06-16,8,2858,Tumakuru
681,Khakhra Pack,Snacks,3955.89,2025-04-09,7,2451,Vijayapura
682,Face Wash,Personal Care,15014.14,2023-04-01,6,2406,Ballari
683,Sticky Notes,Stationery,5809.64,2025-10-07,8,1735,Ballari
684,Printer Paper,Stationery,6911.95,2025-02-17,3,1371,Belagavi
685,Butter 100g,Dairy,635.4,2023-06-14,8,2486,Ballari
686,Toothpaste 150g,Personal Care,2508.7,2023-04-01,6,1728,Hubballi
687,Basmati Rice 5kg,Groceries,10748.37,2023-11-10,7,1762,Belagavi
688,Honey 500g,Groceries,8167.82,2022-08-30,5,1964,Bengaluru
689,Sticky Notes,Stationery,1335.74,2023-02-03,2,2025,Mysuru
690,Energy Drink,Beverages,7843.78,2022-11-05,5,1282,Hubballi
691,Cashew 500g,Groceries,5666.91,2024-07-26,7,1294,Shivamogga
692,Toothpaste 150g,Personal Care,809.17,2025-07-16,2,1363,Shivamogga
693,Sticky Notes,Stationery,605.07,2023-07-15,1,1429,Mangaluru
694,Peanut Butter,Groceries,2396.19,2022-06-30,3,1266,Vijayapura
695,Hand Wash,Personal Care,10507.46,2024-09-04,7,1786,Bengaluru
696,Sugar 1kg,Groceries,7726.52,2022-01-29,4,2827,Shivamogga
697,Sketch Pen Set,Stationery,360.02,2022-01-09,4,2284,Udupi
698,Extension Board,Electronics,7602.2,2023-12-07,4,1640,Mangaluru
699,Paneer 200g,Dairy,3594.24,2023-09-19,7,1343,Mysuru
700,Salt 1kg,Groceries,9252.63,2024-07-22,5,2491,Ballari
701,Mineral Water 1L,Beverages,13546.34,2025-11-07,6,1275,Shivamogga
702,Smart Watch,Electronics,8828.01,2022-12-04,6,2942,Tumakuru
703,Toor Dal 1kg,Groceries,2653.44,2022-09-26,4,1433,Udupi
704,Toor Dal 1kg,Groceries,1947.47,2025-12-27,3,2333,Bengaluru
705,Energy Drink,Beverages,8415.55,2025-06-30,5,1100,Vijayapura
706,Sunflower Oil 1L,Groceries,4602.36,2022-02-10,2,1099,Udupi
707,Parle-G Biscuits,Snacks,11294.76,2022-09-11,7,2121,Belagavi
708,Air Freshener,Home Care,6984.89,2025-11-05,3,2291,Bengaluru
709,Printer Paper,Stationery,15587.41,2025-09-18,7,2066,Belagavi
710,Eraser Pack,Stationery,1864.16,2022-08-03,3,2048,Udupi
711,Eraser Pack,Stationery,1208.38,2022-08-06,2,2020,Hubballi
712,Lassi 200ml,Beverages,4889.29,2024-12-07,4,2993,Hubballi
713,Coconut Oil 1L,Groceries,4010.1,2022-03-22,7,2123,Davanagere
714,Detergent Powder 1kg,Home Care,1932.32,2022-01-06,8,1027,Kalaburagi
715,Curd 500g,Dairy,2717.3,2025-10-02,2,2012,Mangaluru
716,Curd 500g,Dairy,2660.42,2022-07-27,2,2853,Belagavi
717,Torch Light,Electronics,5828.23,2023-08-30,4,1541,Davanagere
718,Sunflower Oil 1L,Groceries,4744.9,2022-03-22,2,2746,Belagavi
719,Ghee 500ml,Groceries,1598.86,2022-08-26,6,1195,Bengaluru
720,Wheat Atta 10kg,Groceries,254.13,2022-12-16,3,1674,Shivamogga
721,Body Lotion,Personal Care,2390.3,2022-07-10,5,1764,Shivamogga
722,Toothpaste 150g,Personal Care,795.08,2024-07-23,2,1557,Tumakuru
723,Scrub Pad,Home Care,11585.32,2022-12-08,7,1232,Mangaluru
724,Groundnut Oil 1L,Groceries,650.81,2025-04-24,3,1989,Vijayapura
725,Body Lotion,Personal Care,1362.94,2024-01-05,3,2253,Bengaluru
726,Potato Chips,Snacks,4914.7,2022-08-20,8,2818,Tumakuru
727,Body Lotion,Personal Care,405.61,2025-09-03,1,1644,Bengaluru
728,Sketch Pen Set,Stationery,436.52,2025-10-03,4,2789,Shivamogga
729,Mouse,Electronics,1160.28,2023-05-25,2,1987,Shivamogga
730,Phone Stand,Electronics,6576.52,2025-02-17,7,2827,Vijayapura
731,Sunflower Oil 1L,Groceries,2296.64,2022-11-18,1,2036,Davanagere
732,Bluetooth Speaker,Electronics,4715.33,2024-10-03,3,1657,Hubballi
733,Vermicelli 500g,Groceries,2662.82,2023-04-02,5,2128,Kalaburagi
734,Energy Drink,Beverages,11884.26,2022-06-11,7,1941,Davanagere
735,Peanut Butter,Groceries,5875.6,2024-10-17,8,1916,Shivamogga
736,Good Day Biscuits,Snacks,11509.73,2022-02-06,8,1211,Tumakuru
737,Murukku Pack,Snacks,689.89,2022-01-01,1,2692,Mysuru
738,Lassi 200ml,Beverages,6241.48,2025-02-25,5,1424,Kalaburagi
739,Laptop Sleeve,Electronics,4917.7,2024-01-15,8,2691,Bengaluru
740,Floor Cleaner 1L,Home Care,16403.89,2025-06-23,8,2229,Davanagere
741,Phone Stand,Electronics,6324.88,2022-08-22,6,1200,Kalaburagi
742,Floor Cleaner 1L,Home Care,2054.47,2025-07-21,1,2976,Belagavi
743,Instant Noodles,Groceries,3391.18,2022-04-04,6,2837,Mangaluru
744,Bluetooth Speaker,Electronics,5485.24,2024-04-18,3,1220,Belagavi
745,Buttermilk 200ml,Beverages,2538.4,2024-03-15,4,1442,Davanagere
746,Face Wash,Personal Care,13236.58,2024-04-28,6,1096,Kalaburagi
747,Jam 500g,Groceries,2111.33,2024-07-11,2,1937,Kalaburagi
748,Jam 500g,Groceries,3282.15,2022-01-09,3,2087,Udupi
749,Sunflower Oil 1L,Groceries,16687.29,2024-09-16,7,2894,Ballari
750,Shampoo 180ml,Personal Care,2710.92,2022-09-20,3,1213,Tumakuru
751,Phone Stand,Electronics,6068.04,2024-02-27,6,1858,Vijayapura
752,Extension Board,Electronics,8961.78,2023-12-04,5,2988,Belagavi
753,Sanitary Pads,Personal Care,5087.8,2025-05-18,3,2434,Udupi
754,Keyboard,Electronics,10389.5,2025-01-26,5,2763,Shivamogga
755,Instant Noodles,Groceries,2042.97,2025-07-02,4,2464,Belagavi
756,Almonds 500g,Groceries,716.56,2025-08-24,3,2998,Mangaluru
757,Pendrive 64GB,Electronics,13194.3,2023-12-23,6,2152,Davanagere
758,Honey 500g,Groceries,11919.83,2024-12-29,7,1586,Tumakuru
759,Wheat Atta 10kg,Groceries,148.48,2022-10-25,2,1109,Kalaburagi
760,Groundnut Oil 1L,Groceries,898.52,2022-11-26,4,1587,Kalaburagi
761,USB Cable,Electronics,4324.42,2025-11-15,3,2607,Belagavi
762,Detergent Powder 1kg,Home Care,242.94,2024-07-15,1,1210,Vijayapura
763,Corn Flakes,Groceries,9891.05,2025-02-23,4,1797,Hubballi
764,Keyboard,Electronics,10097.56,2022-04-07,5,2898,Tumakuru
765,Ice Cream Tub,Dairy,7064.75,2025-11-04,7,1641,Ballari
766,Sunflower Oil 1L,Groceries,2341.41,2023-02-20,1,2271,Davanagere
767,Floor Cleaner 1L,Home Care,13380.28,2025-01-24,6,2513,Vijayapura
768,Hair Oil 200ml,Personal Care,3278.26,2022-12-30,4,2399,Mysuru
769,Toothpaste 150g,Personal Care,1273.98,2022-09-02,3,1773,Bengaluru
770,Namkeen Mix,Snacks,8227.74,2022-09-24,5,1330,Vijayapura
771,USB Cable,Electronics,1304.11,2025-12-24,1,2920,Mangaluru
772,Salt 1kg,Groceries,5531.37,2025-05-07,3,1105,Kalaburagi
773,Buttermilk 200ml,Beverages,3378.1,2025-03-18,5,2127,Shivamogga
774,Filter Coffee 500g,Beverages,566.26,2023-01-12,6,2067,Mysuru
775,Pendrive 64GB,Electronics,6224.37,2025-01-04,3,1827,Mysuru
776,Almonds 500g,Groceries,938.35,2025-09-20,4,1680,Shivamogga
777,Ghee 500ml,Groceries,1276.25,2025-06-20,5,2087,Davanagere
778,Corn Flakes,Groceries,2176.69,2023-12-10,1,1913,Hubballi
779,Torch Light,Electronics,6418.66,2025-10-29,4,2814,Shivamogga
780,Energy Drink,Beverages,3120.12,2025-01-11,2,2483,Belagavi
781,Urad Dal 1kg,Groceries,3451.21,2024-11-07,6,1913,Davanagere
782,Salt 1kg,Groceries,9167.42,2023-01-30,5,1657,Ballari
783,Milk 1L,Dairy,1049.64,2025-01-06,2,2093,Bengaluru
784,File Folder,Stationery,2661.01,2025-07-13,2,2585,Hubballi
785,Namkeen Mix,Snacks,3062.64,2025-12-10,2,2800,Udupi
786,Hand Wash,Personal Care,3212.44,2022-11-11,2,1049,Davanagere
787,Vermicelli 500g,Groceries,536.91,2022-04-22,1,1365,Belagavi
788,Corn Flakes,Groceries,4787.56,2023-04-12,2,2866,Belagavi
789,Murukku Pack,Snacks,4728.03,2024-04-08,7,1887,Shivamogga
790,Toor Dal 1kg,Groceries,5084.82,2024-12-31,7,1013,Kalaburagi
791,Eraser Pack,Stationery,1327.95,2025-04-14,2,1094,Udupi
792,Filter Coffee 500g,Beverages,611.63,2022-08-06,6,1594,Kalaburagi
793,Printer Paper,Stationery,4125.55,2024-06-15,2,1782,Tumakuru
794,Phone Stand,Electronics,1005.25,2024-12-28,1,1451,Mangaluru
795,Cheese Slices,Dairy,5121.88,2022-10-23,5,1611,Kalaburagi
796,Torch Light,Electronics,9625.33,2022-01-23,6,2134,Ballari
797,Mixture Snack,Snacks,3683.18,2025-03-18,2,2222,Tumakuru
798,Stapler,Stationery,1541.96,2023-12-06,2,1434,Tumakuru
799,Torch Light,Electronics,4110.32,2023-03-29,3,2264,Belagavi
800,Face Wash,Personal Care,4482.66,2025-03-07,2,2746,Bengaluru
801,Instant Noodles,Groceries,4471.67,2022-05-30,8,1596,Kalaburagi
802,Tea Powder 500g,Beverages,4903.39,2025-04-04,5,1998,Shivamogga
803,Coconut Oil 1L,Groceries,1853.35,2023-04-26,3,1205,Belagavi
804,Eraser Pack,Stationery,1364.37,2023-10-13,2,1996,Davanagere
805,Vermicelli 500g,Groceries,3039.16,2022-11-09,5,2159,Vijayapura
806,Ghee 500ml,Groceries,1771.75,2022-12-12,6,1010,Shivamogga
807,Extension Board,Electronics,7629.53,2025-08-05,4,1894,Belagavi
808,Ghee 500ml,Groceries,840.58,2023-11-11,3,2798,Davanagere
809,Glass Cleaner,Home Care,7471.19,2023-09-18,8,1998,Ballari
810,Paneer 200g,Dairy,1584.17,2022-06-17,3,2724,Belagavi
811,Banana Chips,Snacks,5644.93,2025-07-07,4,1157,Udupi
812,Filter Coffee 500g,Beverages,100.47,2025-07-17,1,1064,Vijayapura
813,Honey 500g,Groceries,12138.58,2023-03-12,7,2857,Bengaluru
814,Instant Noodles,Groceries,2739.81,2025-01-10,5,1967,Kalaburagi
815,Soft Drink 750ml,Beverages,212.06,2025-04-22,6,2502,Belagavi
816,Banana Chips,Snacks,11853.7,2022-07-05,8,1813,Shivamogga
817,Pendrive 64GB,Electronics,2178.93,2025-06-11,1,2402,Mangaluru
818,Keyboard,Electronics,5770.7,2023-01-02,3,2160,Vijayapura
819,Phone Stand,Electronics,3174.57,2024-09-17,3,2924,Shivamogga
820,Salt 1kg,Groceries,7148.07,2023-04-20,4,1129,Belagavi
821,Green Tea,Beverages,2578.03,2023-02-28,4,2061,Shivamogga
822,Ice Cream Tub,Dairy,8016.59,2022-04-06,8,1082,Kalaburagi
823,Poha 1kg,Groceries,278.17,2024-12-03,2,2298,Belagavi
824,Power Bank 10000mAh,Electronics,7119.91,2024-02-15,3,1749,Vijayapura
825,HDMI Cable,Electronics,4508.17,2024-02-10,2,2993,Hubballi
826,Mouse,Electronics,3995.18,2023-12-08,7,1998,Davanagere
827,Lassi 200ml,Beverages,1158.38,2022-10-12,1,1901,Mangaluru
828,Toilet Cleaner,Home Care,3043.31,2023-07-30,2,1434,Mangaluru
829,Toothpaste 150g,Personal Care,1183.24,2022-08-31,3,2354,Hubballi
830,Chocolate Bar,Snacks,14676.64,2024-09-13,6,2383,Davanagere
831,Scrub Pad,Home Care,6545.54,2025-08-18,4,2707,Tumakuru
832,Toor Dal 1kg,Groceries,2551.68,2025-03-20,4,2214,Mangaluru
833,Banana Chips,Snacks,1597.16,2022-10-28,1,1115,Mangaluru
834,Power Bank 10000mAh,Electronics,7324.29,2024-04-10,3,2228,Vijayapura
835,Sticky Notes,Stationery,722.44,2025-09-17,1,2683,Belagavi
836,Milk 1L,Dairy,2226.03,2024-08-23,4,2777,Davanagere
837,Bath Soap,Personal Care,7468.44,2025-05-15,4,1293,Vijayapura
838,Toothpaste 150g,Personal Care,1893.18,2025-11-05,5,1702,Davanagere
839,Mineral Water 1L,Beverages,4328.88,2024-02-29,2,1271,Mysuru
840,Toor Dal 1kg,Groceries,2821.04,2024-10-29,4,2402,Tumakuru
841,Soft Drink 750ml,Beverages,67.58,2025-06-13,2,2229,Bengaluru
842,Stapler,Stationery,1474.08,2025-09-12,2,1267,Vijayapura
843,Marker Pen,Stationery,738.31,2025-10-21,1,2330,Tumakuru
844,Mouse,Electronics,4009.57,2022-03-30,7,2429,Ballari
845,Namkeen Mix,Snacks,7079.22,2024-09-14,4,2618,Tumakuru
846,Almonds 500g,Groceries,429.27,2023-06-06,2,1978,Hubballi
847,Milk 1L,Dairy,2866.36,2025-01-18,5,1837,Belagavi
848,Face Wash,Personal Care,2494.03,2022-01-15,1,2184,Ballari
849,Good Day Biscuits,Snacks,1337.17,2023-02-25,1,2409,Shivamogga
850,Murukku Pack,Snacks,3770.58,2024-05-22,6,2335,Vijayapura
851,USB Cable,Electronics,7228.42,2024-05-17,5,2157,Shivamogga
852,Buttermilk 200ml,Beverages,3717.4,2024-03-24,5,2547,Hubballi
853,Murukku Pack,Snacks,5106.17,2025-02-19,8,2137,Davanagere
854,USB Cable,Electronics,6854.07,2025-12-15,5,1816,Udupi
855,Banana Chips,Snacks,3109.6,2024-07-03,2,2604,Udupi
856,Mango Juice 1L,Beverages,3806.32,2024-03-31,2,2610,Shivamogga
857,Instant Noodles,Groceries,506.38,2025-07-26,1,1011,Mysuru
858,Mixture Snack,Snacks,17600.54,2024-06-10,8,1181,Mysuru
859,Power Bank 10000mAh,Electronics,9481.88,2025-06-01,4,1078,Udupi
860,Ice Cream Tub,Dairy,6621.01,2024-12-03,7,1587,Udupi
861,Mineral Water 1L,Beverages,2492.05,2022-12-25,1,2312,Davanagere
862,Body Lotion,Personal Care,417.91,2025-09-07,1,2907,Ballari
863,Notebook,Stationery,7532.76,2025-05-12,4,2046,Ballari
864,Toilet Cleaner,Home Care,4710.14,2024-01-07,3,1490,Kalaburagi
865,Rice 5kg,Groceries,4419.28,2023-07-20,3,2597,Tumakuru
866,Coconut Oil 1L,Groceries,4102.17,2023-02-15,7,2061,Bengaluru
867,Tea Powder 500g,Beverages,2153.89,2025-02-19,2,2874,Vijayapura
868,Almonds 500g,Groceries,1428.41,2023-07-21,6,1464,Vijayapura
869,Face Wash,Personal Care,20797.02,2025-03-23,8,1010,Belagavi
870,Shampoo 180ml,Personal Care,6054.28,2025-02-18,7,1149,Ballari
871,Ball Pen Pack,Stationery,10157.14,2024-11-17,6,2960,Belagavi
872,Stapler,Stationery,4167.4,2024-02-12,5,2154,Davanagere
873,Extension Board,Electronics,11991.11,2024-07-28,6,2396,Davanagere
874,Jam 500g,Groceries,997.56,2023-06-13,1,1139,Tumakuru
875,Sticky Notes,Stationery,2781.45,2023-04-16,4,2639,Shivamogga
876,Murukku Pack,Snacks,4106.11,2022-01-20,6,2436,Belagavi
877,Extension Board,Electronics,8403.97,2025-10-11,5,2534,Shivamogga
878,Filter Coffee 500g,Beverages,280.38,2023-12-26,3,1448,Vijayapura
879,Wireless Earphones,Electronics,3133.52,2025-10-31,3,2906,Hubballi
880,Bluetooth Speaker,Electronics,6506.99,2023-05-11,4,2788,Belagavi
881,Detergent Powder 1kg,Home Care,940.59,2023-05-27,4,2713,Vijayapura
882,Coconut Oil 1L,Groceries,1891.93,2022-09-03,3,2885,Mysuru
883,Phone Stand,Electronics,8268.12,2025-01-13,8,2962,Bengaluru
884,Scrub Pad,Home Care,9875.92,2024-10-05,6,2840,Vijayapura
885,Mobile Charger,Electronics,10407.66,2024-11-12,8,1574,Tumakuru
886,Floor Cleaner 1L,Home Care,5797.77,2024-05-16,3,1980,Ballari
887,Sugar 1kg,Groceries,10843.2,2025-11-06,6,2590,Mangaluru
888,Deodorant,Personal Care,884.2,2024-07-31,2,1647,Udupi
889,Wheat Atta 10kg,Groceries,84.89,2024-02-17,1,2190,Mysuru
890,Poha 1kg,Groceries,819.93,2023-06-16,6,1384,Ballari
891,Power Bank 10000mAh,Electronics,9284.44,2025-06-09,4,1703,Shivamogga
892,Toothpaste 150g,Personal Care,3195.36,2024-05-08,8,2436,Shivamogga
893,Ghee 500ml,Groceries,1809.91,2023-01-04,7,2171,Mangaluru
894,Peanut Butter,Groceries,3402.78,2023-07-07,4,2647,Hubballi
895,Corn Flakes,Groceries,17685.4,2023-02-06,7,1299,Udupi
896,Soft Drink 750ml,Beverages,306.63,2022-12-28,8,1864,Davanagere
897,Banana Chips,Snacks,9395.5,2023-09-07,6,1514,Ballari
898,Oats 1kg,Groceries,2148.82,2025-11-15,1,1335,Bengaluru
899,Dishwash Liquid,Home Care,1293.2,2025-07-13,5,1198,Davanagere
900,Vermicelli 500g,Groceries,2844.59,2025-02-21,5,2142,Belagavi
901,Almonds 500g,Groceries,214.03,2023-12-21,1,2777,Kalaburagi
902,Lassi 200ml,Beverages,4702.99,2025-08-23,4,2330,Ballari
903,Shampoo 180ml,Personal Care,4193.94,2025-10-10,5,2046,Davanagere
904,Sanitary Pads,Personal Care,3569.49,2023-08-10,2,1950,Kalaburagi
905,Mixture Snack,Snacks,6253.18,2023-11-22,3,1864,Kalaburagi
906,Buttermilk 200ml,Beverages,5068.94,2022-05-27,7,1163,Mangaluru
907,Cashew 500g,Groceries,2840.65,2025-08-30,4,1597,Udupi
908,Wireless Earphones,Electronics,6404.34,2024-06-30,7,2600,Shivamogga
909,Jam 500g,Groceries,7871.58,2023-01-12,8,2750,Bengaluru
910,Potato Chips,Snacks,2340.21,2025-12-06,4,2536,Mysuru
911,Detergent Powder 1kg,Home Care,734.59,2022-07-15,3,1131,Davanagere
912,Instant Noodles,Groceries,491.78,2024-03-24,1,2074,Mysuru
913,Paneer 200g,Dairy,2626.2,2022-06-22,5,2342,Tumakuru
914,Basmati Rice 5kg,Groceries,5513.93,2023-08-05,4,1908,Kalaburagi
915,Potato Chips,Snacks,1709.16,2022-12-16,3,1059,Bengaluru
916,Phone Stand,Electronics,6500.05,2023-10-29,6,2770,Davanagere
917,Glass Cleaner,Home Care,4851.9,2022-10-04,5,2986,Udupi
918,Marker Pen,Stationery,2089.28,2024-07-24,3,2293,Udupi
919,Sticky Notes,Stationery,4723.26,2025-08-02,7,2094,Belagavi
920,Almonds 500g,Groceries,1756.87,2022-07-03,8,1905,Belagavi
921,Ghee 500ml,Groceries,1802.41,2023-09-14,7,1022,Bengaluru
922,Mouse,Electronics,1709.04,2024-08-18,3,2096,Bengaluru
923,Smart Watch,Electronics,10760.65,2024-05-31,8,2635,Belagavi
924,Mineral Water 1L,Beverages,9695.54,2025-01-27,4,1766,Hubballi
925,Murukku Pack,Snacks,4674.19,2022-12-01,7,2465,Udupi
926,Torch Light,Electronics,10964.19,2023-03-28,7,1539,Mysuru
927,Namkeen Mix,Snacks,6530.14,2025-06-09,4,2654,Udupi
928,Wireless Earphones,Electronics,4936.19,2024-12-25,5,2657,Belagavi
929,Murukku Pack,Snacks,2921.29,2023-01-09,4,1280,Belagavi
930,Parle-G Biscuits,Snacks,13361.04,2023-07-12,8,2435,Vijayapura
931,Smart Watch,Electronics,5403.9,2022-11-08,4,1102,Ballari
932,Toor Dal 1kg,Groceries,2305.18,2023-08-01,3,1552,Mangaluru
933,Body Lotion,Personal Care,420.67,2022-11-05,1,1031,Davanagere
934,Dishwash Liquid,Home Care,1534.29,2024-10-17,6,1761,Davanagere
935,Sugar 1kg,Groceries,10148.58,2022-10-27,6,1115,Belagavi
936,Cheese Slices,Dairy,1892.31,2023-01-07,2,1394,Belagavi
937,Energy Drink,Beverages,1475.79,2023-05-25,1,1789,Davanagere
938,Extension Board,Electronics,1719.65,2022-07-12,1,2068,Kalaburagi
939,Detergent Powder 1kg,Home Care,1955.73,2023-10-02,8,2918,Shivamogga
940,Mango Juice 1L,Beverages,2117.22,2025-01-30,1,2067,Mysuru
941,USB Cable,Electronics,11097.97,2023-02-11,8,1739,Bengaluru
942,Laptop Sleeve,Electronics,2469.19,2023-04-29,4,2297,Tumakuru
943,Poha 1kg,Groceries,124.75,2023-07-20,1,2198,Mysuru
944,Cheese Slices,Dairy,3383.68,2022-03-28,4,2191,Udupi
945,Air Freshener,Home Care,7231.16,2022-07-03,3,1510,Mangaluru
946,Bluetooth Speaker,Electronics,3563.45,2023-11-25,2,2907,Kalaburagi
947,Groundnut Oil 1L,Groceries,228.8,2022-11-12,1,2437,Ballari
948,Paneer 200g,Dairy,1535.62,2023-10-11,3,2144,Kalaburagi
949,Almonds 500g,Groceries,1824.33,2022-02-13,8,2412,Tumakuru
950,Coconut Oil 1L,Groceries,1702.61,2022-03-22,3,1994,Udupi
951,Body Lotion,Personal Care,2241.09,2024-09-30,5,1389,Vijayapura
952,Toothpaste 150g,Personal Care,2347.72,2024-08-17,6,1564,Vijayapura
953,Instant Noodles,Groceries,1489.2,2022-11-14,3,1921,Belagavi
954,Power Bank 10000mAh,Electronics,14465.89,2025-07-30,6,2037,Tumakuru
955,Toothpaste 150g,Personal Care,415.3,2024-01-16,1,2590,Vijayapura
956,LED Bulb 9W,Electronics,12666.24,2025-09-10,6,2981,Ballari
957,Ice Cream Tub,Dairy,3716.93,2024-10-15,4,2569,Ballari
958,Soft Drink 750ml,Beverages,174.19,2025-08-05,5,1660,Mysuru
959,Butter 100g,Dairy,155.96,2022-09-23,2,1366,Bengaluru
960,Hair Oil 200ml,Personal Care,1704.5,2022-07-22,2,1066,Vijayapura
961,Torch Light,Electronics,10613.34,2024-12-12,7,2278,Udupi
962,Jam 500g,Groceries,4554.41,2023-03-29,5,2241,Udupi
963,Filter Coffee 500g,Beverages,101.98,2023-03-04,1,2343,Davanagere
964,Milk 1L,Dairy,4768.54,2022-05-05,8,1740,Ballari
965,Chocolate Bar,Snacks,14884.68,2022-04-30,6,2687,Vijayapura
966,Wireless Earphones,Electronics,1003.7,2023-09-15,1,1160,Hubballi
967,Mouse,Electronics,1082.28,2023-04-19,2,2089,Tumakuru
968,Face Wash,Personal Care,9625.72,2023-05-25,4,2168,Kalaburagi
969,Shampoo 180ml,Personal Care,6344.37,2025-07-31,7,2181,Shivamogga
970,Deodorant,Personal Care,3204.59,2022-12-08,7,2623,Mangaluru
971,Instant Noodles,Groceries,3806.25,2025-09-08,7,1324,Ballari
972,Mineral Water 1L,Beverages,19891.73,2023-10-08,8,2127,Shivamogga
973,Green Tea,Beverages,5227.96,2024-05-31,7,2692,Udupi
974,Poha 1kg,Groceries,541.31,2023-03-15,4,1769,Ballari
975,USB Cable,Electronics,8846.89,2024-07-05,6,2966,Tumakuru
976,Rice 5kg,Groceries,1760.88,2025-05-05,1,1034,Ballari
977,Banana Chips,Snacks,6675.94,2023-03-31,5,1440,Shivamogga
978,Toor Dal 1kg,Groceries,3804.6,2024-11-13,5,2140,Vijayapura
979,Peanut Butter,Groceries,2206.36,2024-07-31,3,1729,Mangaluru
980,Banana Chips,Snacks,7210.0,2025-04-07,5,1512,Hubballi
981,USB Cable,Electronics,6198.38,2024-03-29,5,2166,Hubballi
982,Filter Coffee 500g,Beverages,596.4,2022-12-21,6,2000,Udupi
983,Peanut Butter,Groceries,1631.29,2023-09-08,2,1077,Udupi
984,Peanut Butter,Groceries,5130.46,2022-04-25,7,2888,Shivamogga
985,Almonds 500g,Groceries,1499.7,2022-09-04,7,2782,Hubballi
986,HDMI Cable,Electronics,2306.76,2025-07-18,1,1784,Bengaluru
987,Basmati Rice 5kg,Groceries,1399.37,2025-03-02,1,1307,Shivamogga
988,Pendrive 64GB,Electronics,7855.6,2025-10-11,4,2499,Tumakuru
989,Sanitary Pads,Personal Care,3453.22,2023-08-17,2,2611,Tumakuru
990,Mixture Snack,Snacks,5882.88,2024-09-01,3,2171,Udupi
991,Sunflower Oil 1L,Groceries,14886.11,2024-03-27,7,2028,Tumakuru
992,Potato Chips,Snacks,1693.58,2023-02-10,3,2000,Tumakuru
993,HDMI Cable,Electronics,9096.34,2024-12-09,4,1505,Hubballi
994,Filter Coffee 500g,Beverages,495.49,2023-10-25,5,2403,Vijayapura
995,Curd 500g,Dairy,2634.03,2024-05-17,2,1749,Shivamogga
996,Face Wash,Personal Care,13916.71,2025-09-04,6,1050,Belagavi
997,Bath Soap,Personal Care,10752.6,2024-06-24,6,2277,Mangaluru
998,Body Lotion,Personal Care,482.13,2023-04-24,1,1409,Kalaburagi
999,Green Tea,Beverages,2237.81,2022-06-25,3,1231,Udupi
1000,Sunflower Oil 1L,Groceries,9732.29,2022-10-30,4,2780,Belagavi
1001,Wheat Atta 10kg,Groceries,511.26,2022-08-16,6,1625,Davanagere
1002,Air Freshener,Home Care,2390.83,2025-01-06,1,1434,Hubballi
1003,Marker Pen,Stationery,3453.38,2025-06-29,5,2495,Mangaluru
1004,Laptop Sleeve,Electronics,550.0,2025-09-20,1,2079,Bengaluru
1005,USB Cable,Electronics,3693.28,2023-02-16,3,2617,Udupi
1006,Eraser Pack,Stationery,2875.91,2025-09-02,5,2936,Bengaluru
1007,Tea Powder 500g,Beverages,7704.01,2025-09-19,7,2746,Kalaburagi
1008,Ghee 500ml,Groceries,488.93,2025-08-22,2,1792,Hubballi
1009,Energy Drink,Beverages,3450.91,2024-09-19,2,2776,Vijayapura
1010,Stapler,Stationery,1504.0,2024-10-22,2,2980,Davanagere
1011,Corn Flakes,Groceries,2141.33,2024-12-20,1,1625,Shivamogga
1012,Smart Watch,Electronics,10288.11,2022-02-07,7,1711,Kalaburagi
1013,Coconut Oil 1L,Groceries,3673.68,2023-04-29,6,2027,Belagavi
1014,Groundnut Oil 1L,Groceries,1267.27,2022-03-02,5,2934,Ballari
1015,Mobile Charger,Electronics,5169.2,2024-03-15,4,2346,Mangaluru
1016,Curd 500g,Dairy,8949.89,2025-10-20,7,2255,Kalaburagi
1017,Toilet Cleaner,Home Care,10069.17,2022-11-09,7,1874,Belagavi
1018,Lassi 200ml,Beverages,6877.07,2022-09-27,6,1424,Kalaburagi
1019,Banana Chips,Snacks,6355.22,2023-09-25,4,2411,Udupi
1020,Sketch Pen Set,Stationery,294.65,2022-10-25,3,2344,Vijayapura
1021,Mango Juice 1L,Beverages,11063.78,2024-12-27,6,2943,Udupi
1022,Good Day Biscuits,Snacks,3964.26,2022-10-26,3,2490,Bengaluru
1023,Ragi Flour 1kg,Groceries,13512.51,2023-09-14,7,1908,Udupi
1024,Sticky Notes,Stationery,3124.25,2023-01-20,5,1219,Mangaluru
1025,Toothpaste 150g,Personal Care,426.88,2025-06-07,1,2264,Belagavi
1026,Lassi 200ml,Beverages,4721.06,2023-04-18,4,2408,Bengaluru
1027,Coconut Oil 1L,Groceries,1239.59,2024-09-03,2,1275,Ballari
1028,Lassi 200ml,Beverages,9656.41,2024-02-05,8,1377,Tumakuru
1029,Smart Watch,Electronics,10397.23,2023-01-31,8,1464,Bengaluru
1030,Murukku Pack,Snacks,740.14,2024-04-25,1,1456,Udupi
1031,Laptop Sleeve,Electronics,2371.97,2022-05-16,4,1363,Davanagere
1032,Buttermilk 200ml,Beverages,5618.66,2024-07-26,8,2818,Hubballi
1033,Namkeen Mix,Snacks,12019.12,2025-05-30,7,2506,Tumakuru
1034,Ragi Flour 1kg,Groceries,12647.27,2025-03-17,7,2217,Ballari
1035,Sketch Pen Set,Stationery,100.02,2024-07-13,1,1936,Bengaluru
1036,Extension Board,Electronics,14047.5,2022-03-22,7,2143,Tumakuru
1037,Mouse,Electronics,551.56,2024-06-19,1,1816,Belagavi
1038,Notebook,Stationery,15507.07,2023-08-26,8,2256,Bengaluru
1039,Mouse,Electronics,1751.27,2025-08-16,3,1926,Mysuru
1040,Pendrive 64GB,Electronics,3950.23,2025-04-13,2,2921,Udupi
1041,Marker Pen,Stationery,2008.11,2023-10-25,3,1924,Bengaluru
1042,Shampoo 180ml,Personal Care,7035.39,2025-12-30,8,2835,Hubballi
1043,Deodorant,Personal Care,807.97,2025-11-17,2,2329,Udupi
1044,Mango Juice 1L,Beverages,3706.8,2025-12-17,2,1921,Kalaburagi
1045,Ghee 500ml,Groceries,543.54,2024-02-26,2,2489,Ballari
1046,Buttermilk 200ml,Beverages,1981.43,2024-02-19,3,1090,Mangaluru
1047,Vermicelli 500g,Groceries,1636.94,2022-10-24,3,1367,Udupi
1048,Sunflower Oil 1L,Groceries,15028.34,2024-07-02,7,1592,Kalaburagi
1049,Toothpaste 150g,Personal Care,875.84,2023-02-20,2,1008,Vijayapura
1050,USB Cable,Electronics,1338.68,2024-10-18,1,2114,Bengaluru
1051,Lassi 200ml,Beverages,8777.96,2025-04-20,8,2351,Davanagere
1052,Deodorant,Personal Care,2942.08,2025-05-16,7,2230,Bengaluru
1053,Extension Board,Electronics,9367.79,2025-02-15,5,2680,Hubballi
1054,Sunflower Oil 1L,Groceries,6226.65,2025-08-30,3,1715,Bengaluru
1055,Mixture Snack,Snacks,2095.1,2025-05-20,1,1612,Shivamogga
1056,Curd 500g,Dairy,1173.68,2023-01-01,1,1331,Kalaburagi
1057,Notebook,Stationery,6811.83,2025-03-31,3,1738,Bengaluru
1058,Curd 500g,Dairy,6140.8,2024-02-16,5,2680,Mysuru
1059,Namkeen Mix,Snacks,3119.42,2022-10-03,2,1250,Udupi
1060,Mobile Charger,Electronics,8379.45,2024-12-10,6,1430,Udupi
1061,Detergent Powder 1kg,Home Care,230.47,2025-07-12,1,2084,Mysuru
1062,Scrub Pad,Home Care,7918.76,2023-10-11,5,1532,Ballari
1063,Peanut Butter,Groceries,5212.63,2025-06-12,6,2153,Davanagere
1064,Mouse,Electronics,4697.27,2023-01-04,8,2810,Vijayapura
1065,Toilet Cleaner,Home Care,8313.35,2022-01-04,5,1243,Bengaluru
1066,Glass Cleaner,Home Care,2013.39,2023-03-01,2,2638,Vijayapura
1067,Chocolate Bar,Snacks,14909.49,2023-12-18,7,2148,Kalaburagi
1068,Dishwash Liquid,Home Care,267.17,2025-11-14,1,1577,Belagavi
1069,Tea Powder 500g,Beverages,5118.88,2025-01-31,5,1664,Bengaluru
1070,Parle-G Biscuits,Snacks,9479.64,2025-03-11,6,2262,Bengaluru
1071,Shampoo 180ml,Personal Care,3338.16,2023-11-24,4,2889,Kalaburagi
1072,Scrub Pad,Home Care,13622.0,2025-08-15,8,1279,Davanagere
1073,Soft Drink 750ml,Beverages,311.62,2025-01-04,8,2835,Shivamogga
1074,Glass Cleaner,Home Care,7302.93,2022-04-25,7,2711,Ballari
1075,Printer Paper,Stationery,13085.0,2022-02-08,6,1427,Vijayapura
1076,Vermicelli 500g,Groceries,3206.52,2022-11-02,6,1575,Bengaluru
1077,Cashew 500g,Groceries,5294.41,2022-12-06,7,2170,Vijayapura
1078,Ice Cream Tub,Dairy,2827.16,2023-09-24,3,2445,Shivamogga
1079,Sugar 1kg,Groceries,9073.21,2024-10-14,5,2797,Hubballi
1080,Green Tea,Beverages,6048.89,2023-09-12,8,1443,Ballari
1081,Printer Paper,Stationery,5969.23,2022-03-18,3,2593,Hubballi
1082,Curd 500g,Dairy,10198.45,2024-09-15,8,2854,Ballari
1083,Soft Drink 750ml,Beverages,139.86,2024-09-17,4,2501,Ballari
1084,Basmati Rice 5kg,Groceries,8089.53,2022-07-21,6,2684,Ballari
1085,Potato Chips,Snacks,2368.57,2024-07-29,4,1794,Udupi
1086,Mouse,Electronics,1059.44,2022-04-01,2,2408,Vijayapura
1087,Curd 500g,Dairy,7589.07,2022-04-05,6,1212,Ballari
1088,Phone Stand,Electronics,4570.01,2023-10-02,5,2309,Hubballi
1089,Poha 1kg,Groceries,501.69,2023-07-21,4,2091,Shivamogga
1090,Body Lotion,Personal Care,848.43,2022-11-19,2,1561,Mysuru
1091,Wheat Atta 10kg,Groceries,154.43,2023-12-19,2,2126,Shivamogga
1092,Wireless Earphones,Electronics,3131.31,2023-08-04,3,2176,Hubballi
1093,Bath Soap,Personal Care,3370.64,2023-11-25,2,2108,Davanagere
1094,Sunflower Oil 1L,Groceries,6066.88,2025-10-15,3,1104,Mysuru
1095,Ice Cream Tub,Dairy,848.23,2024-03-13,1,1367,Udupi
1096,Mineral Water 1L,Beverages,18730.46,2023-10-02,8,1681,Hubballi
1097,Laptop Sleeve,Electronics,1234.69,2024-08-11,2,2163,Mangaluru
1098,Curd 500g,Dairy,9365.76,2023-09-28,8,2402,Kalaburagi
1099,Glass Cleaner,Home Care,7275.83,2023-04-04,8,1295,Vijayapura
1100,Power Bank 10000mAh,Electronics,14284.85,2025-12-03,6,2879,Kalaburagi
1101,Vermicelli 500g,Groceries,3478.33,2022-03-03,6,1134,Davanagere
1102,Parle-G Biscuits,Snacks,9748.46,2022-12-16,6,1579,Shivamogga
1103,Lassi 200ml,Beverages,3479.37,2024-04-10,3,2675,Udupi
1104,Paneer 200g,Dairy,3113.29,2022-05-26,6,2623,Belagavi
1105,Stapler,Stationery,6291.24,2024-04-26,8,1489,Vijayapura
1106,Extension Board,Electronics,6009.45,2024-02-26,3,1136,Shivamogga
1107,Detergent Powder 1kg,Home Care,1849.58,2024-06-10,7,2162,Shivamogga
1108,Marker Pen,Stationery,2557.11,2025-10-03,4,1160,Udupi
1109,Peanut Butter,Groceries,5909.29,2025-05-05,8,1949,Shivamogga
1110,Corn Flakes,Groceries,5020.63,2022-12-27,2,1631,Tumakuru
1111,Tea Powder 500g,Beverages,2211.87,2025-05-06,2,2580,Tumakuru
1112,Poha 1kg,Groceries,1100.12,2022-05-06,8,1186,Hubballi
1113,Banana Chips,Snacks,1557.55,2025-09-15,1,1306,Davanagere
1114,Stapler,Stationery,3923.33,2025-03-29,5,1916,Hubballi
1115,Detergent Powder 1kg,Home Care,1439.98,2025-10-23,6,1624,Tumakuru
1116,Almonds 500g,Groceries,442.97,2025-06-06,2,2046,Tumakuru
1117,Potato Chips,Snacks,2585.47,2025-01-29,5,2983,Bengaluru
1118,Rice 5kg,Groceries,8882.59,2023-08-01,6,2773,Bengaluru
1119,LED Bulb 9W,Electronics,14724.12,2024-03-18,7,2281,Shivamogga
1120,Energy Drink,Beverages,10910.79,2025-01-21,7,1433,Kalaburagi
1121,Shampoo 180ml,Personal Care,6411.71,2025-02-11,8,1788,Shivamogga
1122,Chocolate Bar,Snacks,6731.35,2025-10-04,3,1258,Mangaluru
1123,Wheat Atta 10kg,Groceries,168.93,2022-10-22,2,2478,Davanagere
1124,Phone Stand,Electronics,7745.52,2022-10-06,7,1174,Mangaluru
1125,Torch Light,Electronics,11029.47,2025-11-25,7,2238,Tumakuru
1126,Eraser Pack,Stationery,1877.64,2024-05-18,3,2131,Davanagere
1127,Ice Cream Tub,Dairy,5244.32,2024-05-19,6,2239,Bengaluru
1128,Peanut Butter,Groceries,6847.33,2023-04-30,8,2459,Ballari
1129,Wireless Earphones,Electronics,7283.96,2025-03-26,7,1752,Bengaluru
1130,Sugar 1kg,Groceries,15376.89,2022-08-20,8,2189,Davanagere
1131,Milk 1L,Dairy,1764.31,2024-12-14,3,2760,Belagavi
1132,Glass Cleaner,Home Care,1931.08,2025-06-03,2,1182,Hubballi
1133,Air Freshener,Home Care,5130.2,2025-01-09,2,2635,Vijayapura
1134,Basmati Rice 5kg,Groceries,1569.02,2024-12-31,1,2595,Bengaluru
1135,Air Freshener,Home Care,19842.29,2024-08-18,8,2176,Udupi
1136,Vermicelli 500g,Groceries,3975.83,2023-08-27,7,1593,Mangaluru
1137,Sugar 1kg,Groceries,9651.34,2025-02-28,5,1534,Bengaluru
1138,File Folder,Stationery,11474.08,2025-03-19,8,1106,Kalaburagi
1139,Ball Pen Pack,Stationery,1487.68,2022-06-18,1,1260,Ballari
1140,Filter Coffee 500g,Beverages,446.22,2025-06-15,5,1576,Belagavi
1141,USB Cable,Electronics,1415.03,2025-05-21,1,1358,Vijayapura
1142,Soft Drink 750ml,Beverages,281.43,2022-12-26,8,1536,Udupi
1143,LED Bulb 9W,Electronics,15140.96,2024-12-16,8,2766,Bengaluru
1144,Cashew 500g,Groceries,1613.26,2025-05-04,2,2913,Mangaluru
1145,Bluetooth Speaker,Electronics,12675.11,2023-05-03,7,2354,Davanagere
1146,Sticky Notes,Stationery,1898.29,2023-12-08,3,1112,Kalaburagi
1147,Power Bank 10000mAh,Electronics,4431.12,2024-08-08,2,1817,Davanagere
1148,Printer Paper,Stationery,18105.77,2024-12-26,8,1479,Tumakuru
1149,Ice Cream Tub,Dairy,7047.01,2024-12-22,8,2783,Tumakuru
1150,Wheat Atta 10kg,Groceries,445.2,2024-07-08,5,1783,Kalaburagi
1151,Ragi Flour 1kg,Groceries,1625.02,2024-12-24,1,2306,Shivamogga
1152,Hand Wash,Personal Care,7400.59,2023-07-01,5,2644,Mysuru
1153,USB Cable,Electronics,9375.45,2025-10-14,7,2535,Hubballi
1154,Jam 500g,Groceries,4020.66,2025-10-19,4,2414,Mangaluru
1155,Ragi Flour 1kg,Groceries,1828.42,2022-05-20,1,1025,Tumakuru
1156,Butter 100g,Dairy,177.99,2023-12-21,2,1450,Udupi
1157,Notebook,Stationery,9747.15,2022-02-18,5,2269,Mysuru
1158,Groundnut Oil 1L,Groceries,1027.35,2025-07-30,4,1250,Udupi
1159,Good Day Biscuits,Snacks,2938.44,2022-09-24,2,1770,Kalaburagi
1160,Torch Light,Electronics,4758.53,2025-11-25,3,1378,Belagavi
1161,Ball Pen Pack,Stationery,12830.43,2022-06-05,8,2309,Davanagere
1162,Mobile Charger,Electronics,10097.23,2025-09-29,7,2577,Shivamogga
1163,USB Cable,Electronics,4276.92,2023-07-22,3,2592,Bengaluru
1164,Energy Drink,Beverages,10801.47,2022-05-04,7,1529,Belagavi
1165,Shampoo 180ml,Personal Care,6315.42,2023-02-15,8,2250,Tumakuru
1166,Shampoo 180ml,Personal Care,6369.37,2025-01-12,8,2575,Tumakuru
1167,Dishwash Liquid,Home Care,562.61,2023-06-15,2,1212,Bengaluru
1168,Filter Coffee 500g,Beverages,190.48,2023-05-29,2,2592,Davanagere
1169,Toor Dal 1kg,Groceries,5222.11,2025-08-04,8,1002,Bengaluru
1170,Laptop Sleeve,Electronics,3763.04,2025-12-04,7,1676,Tumakuru
1171,Peanut Butter,Groceries,802.86,2024-10-01,1,1980,Tumakuru
1172,Khakhra Pack,Snacks,1087.82,2022-01-07,2,1788,Udupi
1173,Scrub Pad,Home Care,3257.63,2024-01-06,2,1683,Kalaburagi
1174,Printer Paper,Stationery,13755.97,2025-08-18,7,1186,Shivamogga
1175,Stapler,Stationery,4409.99,2024-07-30,6,2558,Belagavi
1176,Torch Light,Electronics,5498.84,2022-03-22,4,2982,Tumakuru
1177,Phone Stand,Electronics,3879.45,2024-03-09,4,2836,Mysuru
1178,File Folder,Stationery,8450.27,2025-07-19,6,1897,Udupi
1179,Face Wash,Personal Care,6514.78,2022-02-21,3,2475,Vijayapura
1180,LED Bulb 9W,Electronics,15813.64,2025-01-12,8,2318,Belagavi
1181,Bluetooth Speaker,Electronics,15025.12,2022-02-03,8,1076,Shivamogga
1182,Groundnut Oil 1L,Groceries,1495.02,2022-03-29,6,1831,Mysuru
1183,Dishwash Liquid,Home Care,2261.86,2025-01-03,8,1306,Udupi
1184,Honey 500g,Groceries,7141.18,2022-03-17,4,2507,Mangaluru
1185,Smart Watch,Electronics,1393.17,2025-06-20,1,1094,Hubballi
1186,HDMI Cable,Electronics,6085.18,2025-07-19,3,1103,Belagavi
1187,Butter 100g,Dairy,701.75,2025-04-25,8,1131,Mysuru
1188,Parle-G Biscuits,Snacks,13301.64,2025-06-14,8,1452,Mysuru
1189,Hair Oil 200ml,Personal Care,5788.61,2025-10-21,7,1824,Shivamogga
1190,Good Day Biscuits,Snacks,3967.54,2023-03-13,3,2566,Bengaluru
1191,Jam 500g,Groceries,2904.7,2022-09-05,3,1561,Mangaluru
1192,Chocolate Bar,Snacks,7304.64,2025-02-07,3,1338,Davanagere
1193,Extension Board,Electronics,1695.56,2025-07-18,1,2255,Tumakuru
1194,Mango Juice 1L,Beverages,2171.68,2022-06-15,1,1014,Bengaluru
1195,Shampoo 180ml,Personal Care,1799.07,2025-04-30,2,2817,Belagavi
1196,Chocolate Bar,Snacks,19464.28,2023-02-27,8,1294,Kalaburagi
1197,Wireless Earphones,Electronics,7535.21,2022-12-24,8,2251,Udupi
1198,Sugar 1kg,Groceries,5779.98,2025-06-07,3,2947,Mysuru
1199,File Folder,Stationery,6846.09,2022-01-10,5,2143,Hubballi
1200,Face Wash,Personal Care,5253.73,2022-07-15,2,2268,Shivamogga
1201,Marker Pen,Stationery,2716.42,2025-07-06,4,2351,Hubballi
1202,Mobile Charger,Electronics,1303.97,2022-11-02,1,2404,Davanagere
1203,Bluetooth Speaker,Electronics,4802.83,2022-03-30,3,1111,Kalaburagi
1204,Ghee 500ml,Groceries,1273.85,2023-05-30,5,1685,Vijayapura
1205,Deodorant,Personal Care,391.6,2022-04-18,1,2895,Ballari
1206,Shampoo 180ml,Personal Care,2739.43,2024-09-20,3,2055,Mysuru
1207,Filter Coffee 500g,Beverages,392.23,2025-04-28,4,2188,Shivamogga
1208,Chocolate Bar,Snacks,9834.72,2023-10-30,4,1472,Mysuru
1209,Poha 1kg,Groceries,491.59,2024-04-24,4,2782,Hubballi
1210,Energy Drink,Beverages,5841.31,2025-04-13,4,1993,Bengaluru
1211,Hand Wash,Personal Care,4331.25,2025-06-02,3,1932,Mangaluru
1212,Ice Cream Tub,Dairy,5145.19,2023-02-02,6,2295,Shivamogga
1213,Wireless Earphones,Electronics,3709.21,2022-03-07,4,2418,Vijayapura
1214,Groundnut Oil 1L,Groceries,1092.41,2024-08-11,5,1940,Tumakuru
1215,Bath Soap,Personal Care,9919.57,2023-08-28,6,2237,Mangaluru
1216,Sticky Notes,Stationery,2046.28,2025-02-06,3,2752,Hubballi
1217,Curd 500g,Dairy,9549.3,2024-09-28,7,2766,Hubballi
1218,Jam 500g,Groceries,8549.17,2023-07-26,8,1030,Udupi
1219,Namkeen Mix,Snacks,6180.27,2024-06-08,4,2187,Hubballi
1220,Jam 500g,Groceries,3252.05,2022-01-11,3,1856,Bengaluru
1221,Salt 1kg,Groceries,14220.07,2024-10-29,8,1069,Tumakuru
1222,Sketch Pen Set,Stationery,694.38,2025-11-27,7,2683,Mysuru
1223,Sanitary Pads,Personal Care,13866.79,2025-02-17,8,2543,Bengaluru
1224,Murukku Pack,Snacks,2527.98,2023-08-29,4,1490,Kalaburagi
1225,Curd 500g,Dairy,1268.13,2023-09-17,1,1332,Udupi
1226,Deodorant,Personal Care,465.76,2024-08-07,1,2581,Mangaluru
1227,Khakhra Pack,Snacks,1712.58,2024-01-29,3,2284,Davanagere
1228,Sticky Notes,Stationery,720.01,2022-05-25,1,1789,Udupi
1229,Vermicelli 500g,Groceries,561.38,2023-07-07,1,2430,Vijayapura
1230,Marker Pen,Stationery,2893.42,2022-06-15,4,2271,Shivamogga
1231,Groundnut Oil 1L,Groceries,1523.35,2022-08-16,6,1785,Shivamogga
1232,Glass Cleaner,Home Care,935.21,2022-12-25,1,2328,Ballari
1233,Tea Powder 500g,Beverages,3957.01,2023-11-17,4,1489,Ballari
1234,Parle-G Biscuits,Snacks,13673.42,2025-04-03,8,2785,Udupi
1235,Detergent Powder 1kg,Home Care,964.13,2023-07-02,4,2032,Kalaburagi
1236,Namkeen Mix,Snacks,7410.7,2024-02-03,5,1708,Davanagere
1237,Smart Watch,Electronics,2785.76,2024-12-25,2,2390,Ballari
1238,Ball Pen Pack,Stationery,12732.16,2025-10-10,8,2937,Udupi
1239,Tea Powder 500g,Beverages,4599.81,2024-07-26,4,1179,Mysuru
1240,Cheese Slices,Dairy,2695.04,2022-06-07,3,1224,Mangaluru
1241,Mobile Charger,Electronics,2887.62,2024-10-13,2,1309,Hubballi
1242,Mouse,Electronics,563.72,2025-10-29,1,2109,Mangaluru
1243,Air Freshener,Home Care,14607.0,2025-08-13,6,1044,Belagavi
1244,Face Wash,Personal Care,4330.1,2023-04-21,2,2710,Ballari
1245,Torch Light,Electronics,8662.87,2023-12-04,6,2343,Kalaburagi
1246,Poha 1kg,Groceries,1089.08,2025-11-28,8,2086,Ballari
1247,Body Lotion,Personal Care,3416.05,2022-09-28,8,2840,Belagavi
1248,Bath Soap,Personal Care,8278.44,2024-02-01,5,2989,Belagavi
1249,Sunflower Oil 1L,Groceries,6501.08,2024-07-22,3,2959,Mangaluru
1250,Eraser Pack,Stationery,1975.19,2023-08-08,3,1374,Mangaluru
1251,Laptop Sleeve,Electronics,1577.14,2022-08-28,3,1085,Shivamogga
1252,Peanut Butter,Groceries,2372.81,2024-01-28,3,1378,Hubballi
1253,Corn Flakes,Groceries,2436.51,2023-12-06,1,1303,Shivamogga
1254,Sanitary Pads,Personal Care,5521.59,2022-09-06,3,2886,Bengaluru
1255,Khakhra Pack,Snacks,4548.46,2024-07-27,8,2901,Shivamogga
1256,Soft Drink 750ml,Beverages,39.52,2025-01-23,1,2999,Ballari
1257,Vermicelli 500g,Groceries,2910.68,2023-08-17,5,2986,Vijayapura
1258,Laptop Sleeve,Electronics,1793.12,2024-06-24,3,1694,Udupi
1259,Parle-G Biscuits,Snacks,14098.43,2022-10-13,8,2389,Ballari
1260,Parle-G Biscuits,Snacks,7383.15,2025-06-18,5,2723,Hubballi
1261,Sanitary Pads,Personal Care,10075.33,2022-04-23,6,2246,Kalaburagi
1262,Face Wash,Personal Care,10114.25,2023-07-24,4,1401,Bengaluru
1263,Milk 1L,Dairy,4657.04,2022-06-28,8,2999,Ballari
1264,Cheese Slices,Dairy,3745.04,2025-05-20,4,2240,Ballari
1265,Groundnut Oil 1L,Groceries,1384.7,2024-05-25,6,1758,Tumakuru
1266,Green Tea,Beverages,678.82,2023-12-21,1,1631,Davanagere
1267,Corn Flakes,Groceries,4448.64,2024-06-28,2,2519,Tumakuru
1268,Body Lotion,Personal Care,2072.68,2024-05-18,5,2493,Tumakuru
1269,Banana Chips,Snacks,2751.6,2023-09-14,2,1973,Ballari
1270,Vermicelli 500g,Groceries,1271.77,2025-04-24,2,2549,Tumakuru
1271,Curd 500g,Dairy,1250.22,2023-07-14,1,1849,Mangaluru
1272,Corn Flakes,Groceries,19660.72,2022-10-08,8,1409,Mangaluru
1273,Energy Drink,Beverages,8068.5,2022-03-28,5,2686,Belagavi
1274,Honey 500g,Groceries,8217.74,2024-08-07,5,1460,Bengaluru
1275,Rice 5kg,Groceries,4588.69,2025-08-04,3,2709,Kalaburagi
1276,Air Freshener,Home Care,5100.25,2023-08-13,2,1855,Mangaluru
1277,Smart Watch,Electronics,5076.35,2023-07-22,4,2010,Mysuru
1278,Mineral Water 1L,Beverages,13951.06,2025-03-04,6,1894,Belagavi
1279,File Folder,Stationery,12369.11,2022-09-02,8,1765,Ballari
1280,Peanut Butter,Groceries,855.67,2022-11-30,1,2192,Bengaluru
1281,Mixture Snack,Snacks,12069.57,2025-11-20,6,1278,Shivamogga
1282,Mango Juice 1L,Beverages,1926.66,2024-05-09,1,2304,Shivamogga
1283,Sunflower Oil 1L,Groceries,10697.92,2025-08-01,5,2918,Mysuru
1284,Keyboard,Electronics,8192.39,2023-01-11,4,2567,Mysuru
1285,Mineral Water 1L,Beverages,6924.25,2023-10-10,3,2694,Kalaburagi
1286,Printer Paper,Stationery,11185.16,2025-11-10,5,1743,Mysuru
1287,Stapler,Stationery,5125.2,2022-01-27,6,1281,Ballari
1288,Notebook,Stationery,13156.39,2024-04-23,6,1697,Mangaluru
1289,Paneer 200g,Dairy,1910.68,2023-03-29,4,2704,Hubballi
1290,Corn Flakes,Groceries,4638.87,2022-06-06,2,1239,Mangaluru
1291,Toor Dal 1kg,Groceries,5446.05,2025-11-16,8,1743,Mangaluru
1292,Body Lotion,Personal Care,2491.71,2023-09-16,6,1059,Udupi
1293,Good Day Biscuits,Snacks,5078.44,2025-11-22,4,1292,Udupi
1294,Toilet Cleaner,Home Care,7017.76,2022-09-24,5,1161,Tumakuru
1295,Parle-G Biscuits,Snacks,2949.35,2024-09-18,2,2552,Tumakuru
1296,Salt 1kg,Groceries,6260.03,2025-09-13,4,2052,Vijayapura
1297,Groundnut Oil 1L,Groceries,1741.22,2023-06-03,8,1089,Mysuru
1298,Printer Paper,Stationery,2266.84,2022-09-11,1,2885,Vijayapura
1299,Detergent Powder 1kg,Home Care,936.99,2023-12-21,4,1060,Mysuru
1300,Mixture Snack,Snacks,11046.83,2023-12-14,5,1722,Mangaluru
1301,Pendrive 64GB,Electronics,8449.37,2022-05-20,4,1203,Vijayapura
1302,Wheat Atta 10kg,Groceries,342.28,2023-08-01,4,1352,Ballari
1303,Rice 5kg,Groceries,3484.05,2024-10-29,2,2744,Udupi
1304,Air Freshener,Home Care,15432.34,2023-01-15,6,1901,Kalaburagi
1305,Paneer 200g,Dairy,1642.42,2024-02-17,3,1869,Hubballi
1306,Keyboard,Electronics,7634.15,2023-10-06,4,1254,Davanagere
1307,Parle-G Biscuits,Snacks,4891.03,2024-01-10,3,2444,Belagavi
1308,Corn Flakes,Groceries,2161.37,2024-10-08,1,1237,Tumakuru
1309,Notebook,Stationery,16948.96,2023-10-01,8,2408,Davanagere
1310,Floor Cleaner 1L,Home Care,14230.47,2024-05-26,7,1387,Mysuru
1311,Air Freshener,Home Care,13892.01,2025-10-12,6,2007,Kalaburagi
1312,Paneer 200g,Dairy,3547.34,2025-09-10,7,2386,Mysuru
1313,Good Day Biscuits,Snacks,4027.79,2025-11-24,3,2210,Mysuru
1314,Bath Soap,Personal Care,3407.3,2023-02-12,2,1694,Hubballi
1315,Mineral Water 1L,Beverages,14808.15,2024-05-19,7,2486,Davanagere
1316,Mobile Charger,Electronics,7301.32,2025-08-11,5,2932,Tumakuru
1317,Coconut Oil 1L,Groceries,4937.86,2024-04-08,8,1993,Ballari
1318,Mobile Charger,Electronics,4390.54,2022-08-10,3,1251,Belagavi
1319,Smart Watch,Electronics,10606.43,2022-10-03,8,1061,Mysuru
1320,Sunflower Oil 1L,Groceries,4463.55,2022-02-24,2,2991,Mangaluru
1321,Energy Drink,Beverages,8913.71,2025-06-27,6,2277,Mysuru
1322,Filter Coffee 500g,Beverages,795.18,2023-02-18,8,1602,Kalaburagi
1323,Bluetooth Speaker,Electronics,13755.9,2025-01-15,8,1704,Ballari
1324,Marker Pen,Stationery,745.91,2022-03-06,1,1882,Mysuru
1325,Ice Cream Tub,Dairy,7123.85,2024-02-10,8,1907,Davanagere
1326,Sugar 1kg,Groceries,1727.12,2025-09-12,1,2763,Belagavi
1327,Bath Soap,Personal Care,13816.87,2023-10-02,8,2466,Tumakuru
1328,Smart Watch,Electronics,2841.07,2024-10-01,2,2352,Ballari
1329,Marker Pen,Stationery,5445.64,2022-11-17,8,2038,Bengaluru
1330,Cheese Slices,Dairy,4685.27,2024-02-13,5,2264,Kalaburagi
1331,Coconut Oil 1L,Groceries,2879.37,2022-02-27,5,2210,Bengaluru
1332,Potato Chips,Snacks,3297.37,2025-04-10,6,1056,Kalaburagi
1333,Cashew 500g,Groceries,4747.92,2023-12-08,7,1732,Tumakuru
1334,Almonds 500g,Groceries,224.91,2023-05-23,1,1481,Kalaburagi
1335,Basmati Rice 5kg,Groceries,3141.99,2022-05-15,2,2780,Belagavi
1336,Parle-G Biscuits,Snacks,9143.67,2025-01-07,6,1668,Bengaluru
1337,Deodorant,Personal Care,3017.19,2024-05-12,7,1547,Bengaluru
1338,Air Freshener,Home Care,2714.38,2024-02-13,1,2169,Tumakuru
1339,Poha 1kg,Groceries,283.76,2022-07-24,2,2415,Kalaburagi
1340,Detergent Powder 1kg,Home Care,1499.08,2025-09-28,6,1696,Mangaluru
1341,Buttermilk 200ml,Beverages,3291.99,2024-06-11,5,1414,Davanagere
1342,Sticky Notes,Stationery,1434.64,2025-01-02,2,1439,Belagavi
1343,Power Bank 10000mAh,Electronics,2334.69,2025-03-20,1,1824,Hubballi
1344,Eraser Pack,Stationery,1318.28,2025-03-30,2,1195,Vijayapura
1345,Cashew 500g,Groceries,3369.18,2024-12-23,5,1974,Tumakuru
1346,Detergent Powder 1kg,Home Care,1588.76,2025-08-27,6,2688,Belagavi
1347,Pendrive 64GB,Electronics,10409.77,2025-01-10,5,1642,Hubballi
1348,Chocolate Bar,Snacks,15584.43,2024-11-21,7,1929,Kalaburagi
1349,Instant Noodles,Groceries,1753.87,2025-07-09,3,2441,Ballari
1350,Toothpaste 150g,Personal Care,3058.44,2024-08-15,8,1549,Kalaburagi
1351,Stapler,Stationery,6104.44,2025-07-07,7,1123,Ballari
1352,Hair Oil 200ml,Personal Care,5090.02,2023-05-08,6,1309,Udupi
1353,Printer Paper,Stationery,14828.21,2022-05-12,7,2299,Hubballi
1354,Murukku Pack,Snacks,3631.3,2025-08-16,5,1329,Belagavi
1355,Mineral Water 1L,Beverages,8980.01,2022-08-21,4,1308,Hubballi
1356,Urad Dal 1kg,Groceries,2430.54,2023-09-28,4,1951,Davanagere
1357,Corn Flakes,Groceries,16251.46,2022-03-17,7,1414,Mangaluru
1358,Wireless Earphones,Electronics,2605.44,2023-07-23,3,2349,Ballari
1359,Shampoo 180ml,Personal Care,943.95,2024-09-22,1,2603,Bengaluru
1360,Groundnut Oil 1L,Groceries,453.68,2023-09-03,2,2776,Mysuru
1361,Murukku Pack,Snacks,4233.12,2022-07-04,6,1813,Udupi
1362,Banana Chips,Snacks,5465.62,2024-10-21,4,2911,Mysuru
1363,Mouse,Electronics,2938.11,2022-07-04,5,1488,Vijayapura
1364,Good Day Biscuits,Snacks,7947.75,2025-04-11,6,2510,Tumakuru
1365,LED Bulb 9W,Electronics,13353.62,2022-08-07,7,1359,Hubballi
1366,Mobile Charger,Electronics,10908.85,2025-04-22,8,1115,Davanagere
1367,Stapler,Stationery,5006.11,2022-08-20,6,1649,Ballari
1368,Namkeen Mix,Snacks,13492.78,2023-07-23,8,2802,Mangaluru
1369,Ghee 500ml,Groceries,2257.18,2023-09-24,8,1044,Kalaburagi
1370,Lassi 200ml,Beverages,1237.03,2025-09-18,1,2637,Bengaluru
1371,Laptop Sleeve,Electronics,2144.24,2024-02-27,4,1634,Kalaburagi
1372,Ghee 500ml,Groceries,544.74,2023-04-30,2,2757,Davanagere
1373,Ice Cream Tub,Dairy,1000.57,2024-03-15,1,2900,Belagavi
1374,Printer Paper,Stationery,4690.52,2023-04-28,2,1610,Hubballi
1375,Mango Juice 1L,Beverages,16571.64,2025-08-12,8,1833,Bengaluru
1376,Mobile Charger,Electronics,2957.7,2024-10-03,2,1965,Udupi
1377,Murukku Pack,Snacks,4270.53,2022-07-25,6,2689,Mangaluru
1378,Power Bank 10000mAh,Electronics,4722.47,2025-05-18,2,2494,Ballari
1379,Poha 1kg,Groceries,1110.86,2022-04-17,8,2314,Kalaburagi
1380,Toothpaste 150g,Personal Care,3433.58,2022-10-06,8,1007,Tumakuru
1381,Hair Oil 200ml,Personal Care,4114.53,2022-06-18,5,1227,Mangaluru
1382,Extension Board,Electronics,5870.1,2025-11-05,3,1841,Shivamogga
1383,Sanitary Pads,Personal Care,15718.41,2022-10-01,8,1534,Mangaluru
1384,Jam 500g,Groceries,6366.87,2023-02-11,6,1173,Tumakuru
1385,Green Tea,Beverages,2082.78,2024-02-12,3,2935,Vijayapura
1386,Floor Cleaner 1L,Home Care,2311.95,2025-02-17,1,2326,Vijayapura
1387,File Folder,Stationery,6108.39,2024-08-05,4,1407,Belagavi
1388,Bath Soap,Personal Care,1716.72,2024-05-28,1,2230,Belagavi
1389,Soft Drink 750ml,Beverages,78.86,2022-12-15,2,2940,Vijayapura
1390,Good Day Biscuits,Snacks,1431.41,2024-06-10,1,2584,Davanagere
1391,Bluetooth Speaker,Electronics,3246.36,2023-02-21,2,1391,Belagavi
1392,Notebook,Stationery,16223.48,2024-06-02,8,2754,Hubballi
1393,Mineral Water 1L,Beverages,10058.78,2023-08-03,4,2489,Kalaburagi
1394,Face Wash,Personal Care,15686.01,2022-10-26,7,1059,Belagavi
1395,Power Bank 10000mAh,Electronics,9962.4,2023-05-24,4,1758,Vijayapura
1396,Torch Light,Electronics,10783.97,2024-08-18,8,1273,Shivamogga
1397,Cheese Slices,Dairy,3912.3,2025-12-21,4,1867,Udupi
1398,Mineral Water 1L,Beverages,10463.52,2025-02-14,5,1121,Bengaluru
1399,Vermicelli 500g,Groceries,2327.15,2023-12-27,4,2242,Kalaburagi
1400,Mineral Water 1L,Beverages,2061.73,2024-10-30,1,2270,Tumakuru
1401,Printer Paper,Stationery,15616.39,2022-09-28,7,2983,Ballari
1402,Salt 1kg,Groceries,4850.38,2024-10-28,3,2010,Shivamogga
1403,Glass Cleaner,Home Care,2646.53,2025-12-25,3,2087,Tumakuru
1404,Mixture Snack,Snacks,9360.14,2022-04-01,5,1262,Davanagere
1405,Mobile Charger,Electronics,9044.84,2023-08-03,6,2849,Belagavi
1406,Buttermilk 200ml,Beverages,3395.99,2024-06-11,5,2829,Mangaluru
1407,Ragi Flour 1kg,Groceries,14884.33,2022-11-06,8,2139,Kalaburagi
1408,Sticky Notes,Stationery,4892.71,2022-11-01,8,1112,Hubballi
1409,Toothpaste 150g,Personal Care,403.18,2022-12-01,1,2446,Davanagere
1410,Hand Wash,Personal Care,3364.47,2024-10-10,2,1084,Davanagere
1411,Coconut Oil 1L,Groceries,4738.19,2022-08-19,8,2733,Udupi
1412,Mixture Snack,Snacks,3932.82,2023-02-22,2,2779,Belagavi
1413,Toothpaste 150g,Personal Care,1277.59,2023-07-13,3,2154,Kalaburagi
1414,Honey 500g,Groceries,6691.94,2022-01-09,4,2078,Vijayapura
1415,Toothpaste 150g,Personal Care,3077.85,2023-05-20,7,2574,Davanagere
1416,Butter 100g,Dairy,466.05,2025-10-27,6,2394,Mysuru
1417,Cheese Slices,Dairy,5729.99,2022-08-06,6,2715,Shivamogga
1418,Soft Drink 750ml,Beverages,33.09,2025-12-20,1,2351,Davanagere
1419,Deodorant,Personal Care,2166.26,2022-01-12,5,1675,Bengaluru
1420,HDMI Cable,Electronics,17343.45,2025-03-11,8,1265,Hubballi
1421,Sunflower Oil 1L,Groceries,10768.26,2022-04-24,5,2524,Mysuru
1422,Instant Noodles,Groceries,3492.8,2023-06-07,7,1365,Hubballi
1423,Khakhra Pack,Snacks,975.67,2023-03-03,2,1334,Tumakuru
1424,Khakhra Pack,Snacks,2777.31,2025-09-01,5,1316,Mysuru
1425,Printer Paper,Stationery,18295.41,2023-09-28,8,2851,Kalaburagi
1426,Lassi 200ml,Beverages,3375.92,2022-07-16,3,2705,Shivamogga
1427,Keyboard,Electronics,7761.78,2024-03-05,4,1976,Belagavi
1428,Oats 1kg,Groceries,14095.41,2024-05-15,7,2661,Shivamogga
1429,Buttermilk 200ml,Beverages,2003.94,2024-05-22,3,1191,Bengaluru
1430,Keyboard,Electronics,12771.2,2025-10-17,6,1460,Kalaburagi
1431,Soft Drink 750ml,Beverages,290.54,2025-08-18,8,2075,Mysuru
1432,Ball Pen Pack,Stationery,12275.69,2024-09-05,8,1616,Mangaluru
1433,Potato Chips,Snacks,3027.0,2024-12-07,5,1876,Belagavi
1434,Oats 1kg,Groceries,2215.76,2022-04-03,1,2052,Mysuru
1435,Keyboard,Electronics,13374.58,2024-08-09,7,2354,Udupi
1436,Oats 1kg,Groceries,10649.91,2025-04-14,5,1168,Ballari
1437,Toor Dal 1kg,Groceries,1471.68,2024-08-05,2,1368,Mangaluru
1438,Cheese Slices,Dairy,859.87,2025-12-13,1,1610,Shivamogga
1439,Jam 500g,Groceries,8421.61,2024-07-10,8,2278,Belagavi
1440,Cashew 500g,Groceries,2085.16,2022-06-10,3,2530,Vijayapura
1441,Power Bank 10000mAh,Electronics,4802.22,2022-02-06,2,1012,Tumakuru
1442,Parle-G Biscuits,Snacks,1524.58,2024-09-04,1,1943,Udupi
1443,Khakhra Pack,Snacks,4146.39,2025-06-17,8,1739,Udupi
1444,Cheese Slices,Dairy,4303.43,2022-10-04,5,1029,Hubballi
1445,Parle-G Biscuits,Snacks,1695.68,2023-01-21,1,2760,Bengaluru
1446,Detergent Powder 1kg,Home Care,2059.53,2025-08-23,8,1496,Tumakuru
1447,File Folder,Stationery,5181.15,2024-08-07,4,1304,Davanagere
1448,Namkeen Mix,Snacks,1502.32,2022-11-09,1,2514,Udupi
1449,Body Lotion,Personal Care,3535.09,2024-07-09,8,2199,Hubballi
1450,Hair Oil 200ml,Personal Care,4333.1,2024-03-13,5,1105,Shivamogga
1451,Wheat Atta 10kg,Groceries,168.34,2025-12-31,2,1885,Tumakuru
1452,Bluetooth Speaker,Electronics,7793.87,2024-03-29,5,1996,Ballari
1453,Jam 500g,Groceries,7579.91,2022-05-05,8,2082,Bengaluru
1454,Namkeen Mix,Snacks,9866.76,2023-07-03,6,2829,Kalaburagi
1455,Chocolate Bar,Snacks,17307.25,2025-06-29,8,2923,Kalaburagi
1456,Almonds 500g,Groceries,1811.9,2022-02-12,8,1331,Belagavi
1457,Face Wash,Personal Care,18553.02,2023-04-21,8,2040,Hubballi
1458,Jam 500g,Groceries,6513.69,2025-09-07,6,1960,Mangaluru
1459,Ball Pen Pack,Stationery,11877.81,2025-10-10,7,2337,Udupi
1460,Ghee 500ml,Groceries,2293.56,2022-11-28,8,2274,Hubballi
1461,Notebook,Stationery,4292.63,2022-09-22,2,1355,Hubballi
1462,Mango Juice 1L,Beverages,14858.56,2024-05-01,8,2932,Davanagere
1463,Printer Paper,Stationery,8126.71,2022-04-07,4,1038,Shivamogga
1464,Power Bank 10000mAh,Electronics,15116.61,2022-12-24,6,2696,Ballari
1465,Sugar 1kg,Groceries,3573.05,2022-08-22,2,2265,Hubballi
1466,Good Day Biscuits,Snacks,5470.84,2023-11-28,4,2608,Shivamogga
1467,Salt 1kg,Groceries,9164.08,2025-11-14,5,2790,Ballari
1468,Lassi 200ml,Beverages,2411.5,2024-06-15,2,2637,Davanagere
1469,Parle-G Biscuits,Snacks,3447.25,2025-06-02,2,2602,Mysuru
1470,Corn Flakes,Groceries,2361.87,2022-12-09,1,2291,Mysuru
1471,Detergent Powder 1kg,Home Care,1397.17,2023-08-22,6,2451,Davanagere
1472,Pendrive 64GB,Electronics,17667.36,2022-07-23,8,1316,Kalaburagi
1473,Ghee 500ml,Groceries,1726.47,2022-09-09,6,2738,Hubballi
1474,Body Lotion,Personal Care,3278.45,2022-01-14,7,1503,Davanagere
1475,Cashew 500g,Groceries,3692.11,2022-06-24,5,1545,Shivamogga
1476,Chocolate Bar,Snacks,14421.32,2023-05-18,6,1311,Ballari
1477,Chocolate Bar,Snacks,8693.09,2024-05-28,4,1847,Tumakuru
1478,Deodorant,Personal Care,2777.88,2024-06-25,6,1299,Bengaluru
1479,Mouse,Electronics,1078.41,2023-10-07,2,1823,Mangaluru
1480,Hand Wash,Personal Care,1497.97,2022-03-17,1,2353,Kalaburagi
1481,Soft Drink 750ml,Beverages,39.57,2025-12-31,1,2637,Kalaburagi
1482,Mouse,Electronics,2892.75,2025-10-26,5,2436,Ballari
1483,Printer Paper,Stationery,14001.45,2022-01-17,6,2694,Belagavi
1484,Sketch Pen Set,Stationery,310.8,2024-07-02,3,2319,Hubballi
1485,Marker Pen,Stationery,5688.11,2025-08-21,8,1829,Hubballi
1486,Printer Paper,Stationery,3914.55,2023-11-17,2,1799,Udupi
1487,Potato Chips,Snacks,2671.23,2024-11-13,5,2131,Belagavi
1488,Mouse,Electronics,3709.62,2022-11-24,6,1048,Bengaluru
1489,Marker Pen,Stationery,3243.08,2023-09-15,5,2488,Tumakuru
1490,Pendrive 64GB,Electronics,4416.36,2024-02-03,2,1532,Kalaburagi
1491,Pendrive 64GB,Electronics,11708.99,2025-08-26,6,2928,Mysuru
1492,Sanitary Pads,Personal Care,9273.58,2022-01-11,5,1929,Shivamogga
1493,LED Bulb 9W,Electronics,7844.66,2023-08-06,4,2366,Udupi
1494,Peanut Butter,Groceries,2504.14,2024-11-30,3,2511,Hubballi
1495,Paneer 200g,Dairy,3088.85,2023-01-30,6,2686,Shivamogga
1496,Deodorant,Personal Care,790.36,2024-05-21,2,2697,Tumakuru
1497,Milk 1L,Dairy,1025.98,2022-09-24,2,1976,Hubballi
1498,Sanitary Pads,Personal Care,3560.88,2024-12-13,2,1825,Vijayapura
1499,Corn Flakes,Groceries,17737.25,2025-04-11,7,2022,Kalaburagi
1500,Namkeen Mix,Snacks,13509.13,2024-09-29,8,2499,Tumakuru
1501,Mango Juice 1L,Beverages,6062.3,2024-09-19,3,2457,Davanagere
1502,Potato Chips,Snacks,1177.46,2024-07-21,2,1970,Bengaluru
1503,Mango Juice 1L,Beverages,13131.98,2022-09-01,6,2233,Tumakuru
1504,Parle-G Biscuits,Snacks,3178.3,2023-08-17,2,1083,Ballari
1505,Soft Drink 750ml,Beverages,70.38,2024-02-06,2,1622,Belagavi
1506,Smart Watch,Electronics,1482.85,2022-10-19,1,2606,Vijayapura
1507,Chocolate Bar,Snacks,2547.59,2023-09-17,1,2821,Belagavi
1508,Dishwash Liquid,Home Care,829.34,2024-09-28,3,1005,Mysuru
1509,Instant Noodles,Groceries,2977.54,2022-04-02,6,1856,Davanagere
1510,Peanut Butter,Groceries,4054.64,2023-11-23,5,2601,Tumakuru
1511,Air Freshener,Home Care,7810.9,2024-10-30,3,2304,Davanagere
1512,Sanitary Pads,Personal Care,13599.06,2023-10-29,8,1183,Vijayapura
1513,Laptop Sleeve,Electronics,3858.41,2024-03-20,7,1695,Ballari
1514,Salt 1kg,Groceries,14226.69,2025-08-15,8,1182,Mangaluru
1515,Urad Dal 1kg,Groceries,2902.81,2022-09-11,5,2319,Ballari
1516,Milk 1L,Dairy,2453.6,2025-01-14,4,2182,Bengaluru
1517,Oats 1kg,Groceries,9213.22,2024-10-26,4,2837,Bengaluru
1518,Good Day Biscuits,Snacks,4494.83,2023-07-18,3,2612,Hubballi
1519,Extension Board,Electronics,13421.87,2024-12-28,8,2243,Shivamogga
1520,Khakhra Pack,Snacks,538.66,2022-02-17,1,1697,Tumakuru
1521,Toothpaste 150g,Personal Care,2568.88,2024-12-17,7,1650,Tumakuru
1522,USB Cable,Electronics,2491.63,2022-07-23,2,2110,Mangaluru
1523,Notebook,Stationery,5835.32,2022-07-03,3,1316,Belagavi
1524,Murukku Pack,Snacks,1865.78,2023-10-29,3,1372,Bengaluru
1525,Groundnut Oil 1L,Groceries,1152.12,2023-10-18,5,1292,Tumakuru
1526,Poha 1kg,Groceries,651.56,2022-09-05,5,1107,Hubballi
1527,LED Bulb 9W,Electronics,8075.37,2024-10-30,4,1789,Mysuru
1528,Wireless Earphones,Electronics,923.94,2025-02-06,1,1834,Mysuru
1529,Scrub Pad,Home Care,1577.46,2023-04-24,1,2872,Bengaluru
1530,Wireless Earphones,Electronics,1820.25,2025-02-10,2,2335,Mangaluru
1531,Printer Paper,Stationery,14936.08,2025-07-26,7,2025,Hubballi
1532,Mixture Snack,Snacks,12262.72,2022-12-11,6,2602,Hubballi
1533,Stapler,Stationery,6134.45,2025-02-10,7,1926,Bengaluru
1534,Rice 5kg,Groceries,14030.96,2025-06-25,8,1593,Kalaburagi
1535,Bath Soap,Personal Care,1597.33,2024-09-14,1,1560,Vijayapura
1536,USB Cable,Electronics,10392.41,2025-07-18,7,1436,Vijayapura
1537,Keyboard,Electronics,8838.6,2024-12-29,5,2154,Mysuru
1538,Printer Paper,Stationery,4223.73,2022-09-09,2,2701,Mangaluru
1539,Corn Flakes,Groceries,12684.24,2023-03-08,5,2251,Ballari
1540,Ragi Flour 1kg,Groceries,10890.71,2025-12-20,6,1928,Belagavi
1541,Extension Board,Electronics,10630.65,2024-07-30,6,2965,Vijayapura
1542,Vermicelli 500g,Groceries,633.65,2022-10-01,1,2324,Bengaluru
1543,Lassi 200ml,Beverages,8345.17,2022-01-20,8,2378,Mangaluru
1544,Murukku Pack,Snacks,5743.24,2025-01-07,8,1167,Kalaburagi
1545,HDMI Cable,Electronics,4527.93,2025-10-07,2,1912,Kalaburagi
1546,Good Day Biscuits,Snacks,9005.55,2024-02-10,6,2695,Vijayapura
1547,Coconut Oil 1L,Groceries,3911.29,2025-11-28,7,1018,Mysuru
1548,Glass Cleaner,Home Care,6269.41,2024-06-29,6,1020,Hubballi
1549,Toor Dal 1kg,Groceries,3637.11,2025-12-23,5,1733,Hubballi
1550,Curd 500g,Dairy,6759.1,2023-03-29,5,1480,Davanagere
1551,Ghee 500ml,Groceries,258.62,2025-12-12,1,2448,Vijayapura
1552,Detergent Powder 1kg,Home Care,234.81,2025-07-31,1,1812,Mysuru
1553,Mobile Charger,Electronics,10380.12,2023-02-01,8,2352,Udupi
1554,Oats 1kg,Groceries,6008.17,2022-09-20,3,2528,Mysuru
1555,Potato Chips,Snacks,3079.15,2023-04-12,5,2805,Ballari
1556,Mobile Charger,Electronics,5942.58,2022-02-17,4,2987,Udupi
1557,Stapler,Stationery,4156.56,2024-07-18,5,1005,Tumakuru
1558,Torch Light,Electronics,1573.79,2023-10-24,1,1886,Tumakuru
1559,Mobile Charger,Electronics,2878.23,2024-08-13,2,2015,Shivamogga
1560,Mouse,Electronics,633.18,2023-04-05,1,1097,Belagavi
1561,Chocolate Bar,Snacks,18054.36,2024-03-13,8,1399,Shivamogga
1562,Milk 1L,Dairy,617.35,2023-04-08,1,2413,Tumakuru
1563,Filter Coffee 500g,Beverages,352.83,2023-11-06,4,1637,Mysuru
1564,File Folder,Stationery,2557.69,2024-06-03,2,2655,Bengaluru
1565,Jam 500g,Groceries,6416.11,2023-05-22,6,1221,Davanagere
1566,LED Bulb 9W,Electronics,12936.77,2023-11-15,6,2065,Hubballi
1567,Filter Coffee 500g,Beverages,790.88,2025-07-04,8,1915,Vijayapura
1568,Good Day Biscuits,Snacks,3003.22,2022-03-10,2,1773,Shivamogga
1569,Tea Powder 500g,Beverages,2918.87,2024-06-24,3,1113,Belagavi
1570,Buttermilk 200ml,Beverages,4326.82,2025-10-19,7,1115,Ballari
1571,Sunflower Oil 1L,Groceries,11944.31,2024-04-02,5,1197,Vijayapura
1572,Murukku Pack,Snacks,2927.35,2025-09-13,4,2278,Bengaluru
1573,Deodorant,Personal Care,2955.37,2024-05-26,7,2803,Vijayapura
1574,Eraser Pack,Stationery,1222.76,2025-10-15,2,2604,Bengaluru
1575,Deodorant,Personal Care,2596.25,2022-08-10,6,1211,Bengaluru
1576,Mineral Water 1L,Beverages,4661.17,2023-02-01,2,2853,Vijayapura
1577,Potato Chips,Snacks,2751.5,2024-09-12,5,2485,Vijayapura
1578,Body Lotion,Personal Care,1264.77,2022-04-01,3,1124,Mangaluru
1579,Basmati Rice 5kg,Groceries,10189.49,2025-08-27,7,2545,Shivamogga
1580,Basmati Rice 5kg,Groceries,4048.35,2023-09-25,3,2236,Shivamogga
1581,Ball Pen Pack,Stationery,10200.5,2024-11-26,6,2202,Kalaburagi
1582,Mixture Snack,Snacks,1920.91,2025-02-19,1,2759,Bengaluru
1583,Namkeen Mix,Snacks,9168.05,2023-02-15,6,2312,Hubballi
1584,Tea Powder 500g,Beverages,6000.71,2024-09-01,6,2423,Udupi
1585,Glass Cleaner,Home Care,6172.26,2025-03-05,6,2973,Shivamogga
1586,Buttermilk 200ml,Beverages,3329.46,2022-11-29,5,1215,Davanagere
1587,Salt 1kg,Groceries,12823.27,2022-01-08,8,2309,Hubballi
1588,Toilet Cleaner,Home Care,12438.75,2023-05-05,8,1985,Udupi
1589,Vermicelli 500g,Groceries,3854.91,2023-01-13,7,2692,Bengaluru
1590,Ghee 500ml,Groceries,247.42,2022-03-03,1,2137,Mysuru
1591,Mixture Snack,Snacks,10016.13,2025-07-16,5,2200,Shivamogga
1592,Salt 1kg,Groceries,1596.02,2023-08-05,1,1357,Hubballi
1593,Power Bank 10000mAh,Electronics,7066.12,2025-02-09,3,1504,Mangaluru
1594,Hair Oil 200ml,Personal Care,799.38,2023-06-21,1,2866,Mysuru
1595,Toor Dal 1kg,Groceries,2055.21,2022-08-16,3,1694,Hubballi
1596,Basmati Rice 5kg,Groceries,11011.03,2024-02-02,8,2354,Mangaluru
1597,Sketch Pen Set,Stationery,750.04,2022-05-14,7,1243,Mangaluru
1598,Potato Chips,Snacks,2126.98,2024-02-14,4,2423,Shivamogga
1599,Ragi Flour 1kg,Groceries,13551.56,2023-05-16,7,2887,Bengaluru
1600,Buttermilk 200ml,Beverages,2899.53,2023-08-26,4,2618,Mangaluru
1601,Poha 1kg,Groceries,486.8,2023-07-28,4,2788,Mangaluru
1602,Keyboard,Electronics,14651.23,2022-06-16,8,2607,Davanagere
1603,Phone Stand,Electronics,1886.6,2024-03-05,2,2539,Kalaburagi
1604,Keyboard,Electronics,11663.58,2024-08-08,6,1367,Shivamogga
1605,Green Tea,Beverages,5919.72,2024-10-10,8,1971,Belagavi
1606,Honey 500g,Groceries,11836.58,2025-04-10,7,2331,Bengaluru
1607,Detergent Powder 1kg,Home Care,1079.02,2024-07-14,4,2768,Hubballi
1608,Cheese Slices,Dairy,3606.61,2024-02-12,4,2171,Mangaluru
1609,Green Tea,Beverages,3582.71,2022-10-03,5,2540,Mysuru
1610,Ball Pen Pack,Stationery,12478.23,2023-04-17,8,2196,Bengaluru
1611,Glass Cleaner,Home Care,5681.08,2024-08-15,6,1886,Tumakuru
1612,Green Tea,Beverages,5467.28,2024-02-23,8,1051,Mangaluru
1613,Body Lotion,Personal Care,1694.35,2022-06-05,4,1736,Mysuru
1614,Ball Pen Pack,Stationery,3285.55,2023-04-12,2,1202,Mysuru
1615,Filter Coffee 500g,Beverages,511.37,2023-02-15,6,1684,Hubballi
1616,Vermicelli 500g,Groceries,2810.5,2025-10-31,5,2732,Belagavi
1617,Face Wash,Personal Care,7897.55,2025-01-17,3,2869,Belagavi
1618,Wheat Atta 10kg,Groceries,392.25,2023-12-11,5,2604,Tumakuru
1619,Khakhra Pack,Snacks,536.56,2024-11-15,1,2559,Mangaluru
1620,Cheese Slices,Dairy,3547.27,2023-03-06,4,1972,Hubballi
1621,Mouse,Electronics,4913.67,2024-08-02,8,1698,Mysuru
1622,Ragi Flour 1kg,Groceries,6968.68,2025-11-30,4,1856,Hubballi
1623,Body Lotion,Personal Care,3806.33,2022-03-03,8,1768,Mangaluru
1624,Peanut Butter,Groceries,2307.83,2022-01-20,3,2024,Kalaburagi
1625,Coconut Oil 1L,Groceries,3387.16,2024-05-21,6,2405,Tumakuru
1626,Stapler,Stationery,3872.06,2022-02-17,5,2163,Bengaluru
1627,Banana Chips,Snacks,4868.33,2023-11-08,3,2164,Kalaburagi
1628,Lassi 200ml,Beverages,8884.07,2023-02-23,7,2943,Tumakuru
1629,Tea Powder 500g,Beverages,6999.31,2022-08-11,7,1674,Vijayapura
1630,Sanitary Pads,Personal Care,8397.5,2022-08-02,5,2383,Ballari
1631,Shampoo 180ml,Personal Care,920.22,2025-05-20,1,2001,Bengaluru
1632,Toothpaste 150g,Personal Care,1482.67,2024-03-01,4,1582,Hubballi
1633,Toilet Cleaner,Home Care,7828.31,2022-05-24,5,1932,Bengaluru
1634,Green Tea,Beverages,662.81,2024-04-21,1,1801,Mangaluru
1635,Parle-G Biscuits,Snacks,4930.82,2024-09-06,3,2522,Mysuru
1636,Ice Cream Tub,Dairy,3425.34,2023-02-26,4,1635,Tumakuru
1637,Laptop Sleeve,Electronics,4203.49,2025-03-23,8,2924,Belagavi
1638,Jam 500g,Groceries,4006.66,2025-11-03,4,1940,Belagavi
1639,Hair Oil 200ml,Personal Care,938.7,2024-07-01,1,1132,Tumakuru
1640,Lassi 200ml,Beverages,4655.75,2025-03-11,4,2801,Davanagere
1641,Deodorant,Personal Care,3453.72,2022-07-06,8,1590,Kalaburagi
1642,Deodorant,Personal Care,2653.66,2025-12-28,6,2623,Belagavi
1643,Cheese Slices,Dairy,2766.34,2023-01-03,3,2844,Vijayapura
1644,Hand Wash,Personal Care,11962.66,2025-09-11,8,1376,Udupi
1645,Oats 1kg,Groceries,4293.39,2022-03-31,2,1491,Mangaluru
1646,Mobile Charger,Electronics,7176.8,2022-05-17,5,2430,Udupi
1647,Dishwash Liquid,Home Care,2041.99,2025-02-06,8,1249,Shivamogga
1648,Filter Coffee 500g,Beverages,187.97,2023-10-30,2,1840,Davanagere
1649,Bath Soap,Personal Care,8244.44,2022-04-02,5,1947,Bengaluru
1650,Filter Coffee 500g,Beverages,733.34,2024-03-28,8,2753,Hubballi
1651,Cheese Slices,Dairy,846.26,2022-08-23,1,2453,Mangaluru
1652,Poha 1kg,Groceries,1065.86,2022-05-20,8,1170,Ballari
1653,Phone Stand,Electronics,4214.7,2024-06-15,4,1288,Davanagere
1654,Mobile Charger,Electronics,3892.64,2022-02-06,3,2244,Mysuru
1655,Shampoo 180ml,Personal Care,3994.43,2024-03-11,5,1345,Mysuru
1656,Laptop Sleeve,Electronics,583.93,2022-11-11,1,1903,Shivamogga
1657,Shampoo 180ml,Personal Care,3603.45,2025-10-14,4,2091,Hubballi
1658,Body Lotion,Personal Care,474.33,2024-12-06,1,2313,Kalaburagi
1659,Phone Stand,Electronics,1976.81,2023-09-24,2,1910,Bengaluru
1660,Mineral Water 1L,Beverages,2081.54,2024-02-12,1,2572,Hubballi
1661,Extension Board,Electronics,11875.88,2023-02-14,6,1188,Bengaluru
1662,Chocolate Bar,Snacks,2572.17,2023-11-22,1,2681,Hubballi
1663,Laptop Sleeve,Electronics,1064.81,2022-07-17,2,2633,Kalaburagi
1664,Bath Soap,Personal Care,4775.0,2024-11-15,3,1221,Shivamogga
1665,Poha 1kg,Groceries,547.89,2025-01-14,4,1810,Tumakuru
1666,Good Day Biscuits,Snacks,5171.77,2024-01-01,4,1663,Mangaluru
1667,Wheat Atta 10kg,Groceries,591.89,2022-01-25,7,1798,Hubballi
1668,Deodorant,Personal Care,1553.32,2023-07-25,4,2332,Vijayapura
1669,Green Tea,Beverages,647.99,2023-03-24,1,1842,Belagavi
1670,Mineral Water 1L,Beverages,20073.24,2022-07-28,8,2460,Ballari
1671,Oats 1kg,Groceries,6253.71,2022-07-14,3,2229,Shivamogga
1672,File Folder,Stationery,10237.05,2025-11-21,7,1273,Shivamogga
1673,Shampoo 180ml,Personal Care,5678.43,2025-09-26,6,1988,Mysuru
1674,Vermicelli 500g,Groceries,597.89,2025-04-13,1,1920,Tumakuru
1675,Keyboard,Electronics,7783.24,2025-12-14,4,1028,Hubballi
1676,Toor Dal 1kg,Groceries,1350.46,2024-05-27,2,2551,Hubballi
1677,Eraser Pack,Stationery,1152.09,2024-02-07,2,2022,Belagavi
1678,Hair Oil 200ml,Personal Care,2500.53,2025-08-07,3,1078,Hubballi
1679,Mineral Water 1L,Beverages,19180.54,2023-11-05,8,1275,Belagavi
1680,Ragi Flour 1kg,Groceries,1774.72,2024-04-29,1,2328,Belagavi
1681,Urad Dal 1kg,Groceries,2453.43,2023-11-10,4,1702,Hubballi
1682,Detergent Powder 1kg,Home Care,270.34,2025-09-23,1,1509,Kalaburagi
1683,Floor Cleaner 1L,Home Care,14916.31,2023-01-11,7,1906,Kalaburagi
1684,Rice 5kg,Groceries,3449.13,2022-05-24,2,2954,Hubballi
1685,Sunflower Oil 1L,Groceries,7284.93,2022-09-15,3,1188,Mangaluru
1686,Jam 500g,Groceries,3793.48,2022-06-10,4,1873,Udupi
1687,Glass Cleaner,Home Care,4482.49,2023-02-09,5,1502,Tumakuru
1688,Shampoo 180ml,Personal Care,3319.21,2025-03-26,4,1919,Kalaburagi
1689,Hair Oil 200ml,Personal Care,4583.53,2024-09-12,5,1164,Shivamogga
1690,Cheese Slices,Dairy,6130.04,2024-06-22,7,1866,Ballari
1691,Buttermilk 200ml,Beverages,4985.0,2024-09-14,7,1041,Tumakuru
1692,Namkeen Mix,Snacks,3422.74,2023-09-07,2,2219,Ballari
1693,Soft Drink 750ml,Beverages,103.1,2024-08-07,3,1627,Davanagere
1694,Notebook,Stationery,14719.13,2024-09-11,7,1148,Shivamogga
1695,Banana Chips,Snacks,11129.82,2023-01-24,8,1009,Bengaluru
1696,Pendrive 64GB,Electronics,12639.98,2024-05-01,6,2926,Tumakuru
1697,Green Tea,Beverages,4955.21,2025-08-05,7,2205,Mysuru
1698,Murukku Pack,Snacks,749.28,2022-09-12,1,1789,Vijayapura
1699,Mango Juice 1L,Beverages,8498.32,2023-06-07,4,2580,Udupi
1700,Almonds 500g,Groceries,1790.1,2024-01-25,8,2427,Bengaluru
1701,HDMI Cable,Electronics,17067.7,2023-05-21,7,1497,Davanagere
1702,Sugar 1kg,Groceries,11368.86,2025-10-17,6,1058,Udupi
1703,Laptop Sleeve,Electronics,1611.01,2024-07-21,3,2934,Kalaburagi
1704,Mixture Snack,Snacks,9624.86,2025-03-30,5,2950,Kalaburagi
1705,Mango Juice 1L,Beverages,1863.71,2022-07-09,1,2320,Udupi
1706,Ice Cream Tub,Dairy,6740.26,2022-06-14,7,2062,Hubballi
1707,Namkeen Mix,Snacks,5203.32,2023-06-02,3,2417,Belagavi
1708,Pendrive 64GB,Electronics,15026.2,2024-04-22,7,2542,Udupi
1709,Curd 500g,Dairy,2615.92,2023-12-07,2,2668,Mangaluru
1710,Wireless Earphones,Electronics,4164.91,2024-03-26,4,2432,Belagavi
1711,Rice 5kg,Groceries,5122.17,2022-01-04,3,1199,Mysuru
1712,Chocolate Bar,Snacks,16907.14,2024-06-01,7,1350,Mangaluru
1713,Green Tea,Beverages,2214.96,2023-02-10,3,1997,Mangaluru
1714,Pendrive 64GB,Electronics,4178.89,2023-03-12,2,1381,Hubballi
1715,Groundnut Oil 1L,Groceries,750.54,2023-01-28,3,1532,Tumakuru
1716,Body Lotion,Personal Care,954.32,2022-12-07,2,1164,Belagavi
1717,Milk 1L,Dairy,3640.12,2022-05-12,7,1701,Bengaluru
1718,Honey 500g,Groceries,6552.86,2025-10-09,4,2558,Mysuru
1719,Wheat Atta 10kg,Groceries,78.19,2022-01-15,1,2363,Vijayapura
1720,Salt 1kg,Groceries,3200.15,2022-01-15,2,1770,Vijayapura
1721,Mouse,Electronics,3194.31,2024-08-27,5,2551,Shivamogga
1722,Lassi 200ml,Beverages,7840.68,2025-10-28,7,2824,Shivamogga
1723,Ragi Flour 1kg,Groceries,7692.86,2025-09-24,4,1817,Tumakuru
1724,Buttermilk 200ml,Beverages,741.25,2023-11-08,1,2652,Mysuru
1725,Rice 5kg,Groceries,13798.25,2024-04-02,8,2486,Mangaluru
1726,Urad Dal 1kg,Groceries,1231.78,2023-07-27,2,2948,Udupi
1727,Extension Board,Electronics,10872.81,2025-11-06,6,2350,Davanagere
1728,Keyboard,Electronics,14047.55,2022-01-07,7,2307,Shivamogga
1729,Toor Dal 1kg,Groceries,4527.03,2023-10-29,6,2389,Davanagere
1730,Toilet Cleaner,Home Care,11895.56,2025-06-08,8,2627,Mysuru
1731,Almonds 500g,Groceries,1659.09,2024-09-02,7,2349,Udupi
1732,Butter 100g,Dairy,575.91,2023-02-04,7,2459,Mangaluru
1733,Mouse,Electronics,544.27,2022-06-28,1,1618,Kalaburagi
1734,Instant Noodles,Groceries,4057.4,2024-07-02,8,2956,Mysuru
1735,Scrub Pad,Home Care,6098.82,2022-12-16,4,2543,Kalaburagi
1736,Curd 500g,Dairy,2513.4,2022-03-01,2,1329,Shivamogga
1737,Ice Cream Tub,Dairy,4365.31,2023-06-12,5,2364,Davanagere
1738,Laptop Sleeve,Electronics,1165.17,2024-12-30,2,2298,Udupi
1739,Smart Watch,Electronics,2968.13,2023-11-13,2,2786,Hubballi
1740,Peanut Butter,Groceries,1646.9,2024-02-12,2,2865,Udupi
1741,Energy Drink,Beverages,11864.91,2023-04-03,7,1531,Mysuru
1742,Ball Pen Pack,Stationery,2866.31,2023-11-28,2,2517,Vijayapura
1743,Face Wash,Personal Care,4857.53,2022-09-18,2,2748,Shivamogga
1744,Energy Drink,Beverages,1536.09,2025-04-23,1,2097,Hubballi
1745,Ice Cream Tub,Dairy,6239.95,2024-01-18,7,2634,Kalaburagi
1746,Potato Chips,Snacks,2088.4,2022-01-19,4,2103,Davanagere
1747,Ragi Flour 1kg,Groceries,5637.26,2023-08-31,3,2715,Hubballi
1748,Bluetooth Speaker,Electronics,12773.65,2023-08-04,8,1299,Udupi
1749,Laptop Sleeve,Electronics,575.07,2023-09-25,1,2029,Udupi
1750,Good Day Biscuits,Snacks,7538.65,2025-12-17,5,2176,Davanagere
1751,File Folder,Stationery,5643.14,2025-12-13,4,2980,Tumakuru
1752,Groundnut Oil 1L,Groceries,1315.47,2023-03-08,6,2737,Udupi
1753,Floor Cleaner 1L,Home Care,2301.36,2023-01-02,1,2755,Davanagere
1754,Cheese Slices,Dairy,5144.63,2025-09-12,5,2869,Mangaluru
1755,Toor Dal 1kg,Groceries,4754.68,2025-10-20,7,1970,Shivamogga
1756,Cheese Slices,Dairy,6004.04,2023-08-03,7,1579,Udupi
1757,Face Wash,Personal Care,15407.67,2023-10-25,7,2541,Vijayapura
1758,Sunflower Oil 1L,Groceries,11068.24,2022-12-02,5,2183,Mangaluru
1759,Body Lotion,Personal Care,3406.8,2022-10-24,8,1430,Hubballi
1760,Hair Oil 200ml,Personal Care,831.2,2025-03-24,1,1209,Kalaburagi
1761,Mixture Snack,Snacks,15470.12,2024-05-24,7,2392,Mangaluru
1762,Groundnut Oil 1L,Groceries,457.61,2024-08-28,2,1368,Bengaluru
1763,Good Day Biscuits,Snacks,8382.4,2022-11-01,6,2285,Udupi
1764,Khakhra Pack,Snacks,1957.16,2023-05-09,4,1813,Davanagere
1765,Printer Paper,Stationery,6668.84,2024-02-08,3,2589,Udupi
1766,Laptop Sleeve,Electronics,1190.49,2025-08-24,2,1783,Belagavi
1767,File Folder,Stationery,10997.74,2022-09-03,8,1239,Mysuru
1768,Good Day Biscuits,Snacks,11281.9,2024-11-09,8,1461,Bengaluru
1769,Jam 500g,Groceries,7646.9,2022-07-13,8,2627,Vijayapura
1770,Toothpaste 150g,Personal Care,2830.15,2025-08-13,7,2440,Tumakuru
1771,Printer Paper,Stationery,5952.68,2022-05-11,3,2462,Ballari
1772,Toothpaste 150g,Personal Care,3016.78,2022-02-10,7,1807,Ballari
1773,Stapler,Stationery,5858.77,2025-04-12,8,2104,Udupi
1774,HDMI Cable,Electronics,4721.01,2023-03-01,2,2978,Kalaburagi
1775,Good Day Biscuits,Snacks,4412.23,2025-11-24,3,1369,Bengaluru
1776,Corn Flakes,Groceries,20001.34,2022-09-09,8,1081,Mangaluru
1777,Peanut Butter,Groceries,3299.34,2022-06-29,4,2152,Belagavi
1778,Sugar 1kg,Groceries,4047.37,2024-11-02,2,1612,Shivamogga
1779,Marker Pen,Stationery,2020.42,2025-09-09,3,1001,Hubballi
1780,Printer Paper,Stationery,2349.53,2024-11-29,1,2853,Belagavi
1781,Phone Stand,Electronics,7501.79,2024-10-01,8,2424,Shivamogga
1782,Mouse,Electronics,3603.16,2024-11-11,6,1430,Udupi
1783,Butter 100g,Dairy,81.3,2023-01-21,1,1291,Belagavi
1784,Dishwash Liquid,Home Care,795.51,2023-03-19,3,2212,Shivamogga
1785,Mobile Charger,Electronics,4358.12,2024-05-14,3,1153,Ballari
1786,USB Cable,Electronics,6589.67,2022-12-01,5,1820,Davanagere
1787,Milk 1L,Dairy,2910.35,2025-11-23,5,1294,Ballari
1788,Detergent Powder 1kg,Home Care,512.98,2023-07-06,2,2297,Udupi
1789,Torch Light,Electronics,6131.23,2025-02-28,4,2347,Kalaburagi
1790,Keyboard,Electronics,5739.74,2022-11-11,3,1648,Tumakuru
1791,Energy Drink,Beverages,1744.66,2023-05-22,1,1159,Belagavi
1792,Good Day Biscuits,Snacks,2843.83,2024-04-13,2,1136,Shivamogga
1793,Sticky Notes,Stationery,1306.35,2023-11-15,2,2594,Belagavi
1794,Mixture Snack,Snacks,7742.44,2022-07-20,4,1773,Hubballi
1795,Energy Drink,Beverages,3373.55,2022-09-10,2,1360,Ballari
1796,Basmati Rice 5kg,Groceries,10675.11,2023-12-16,8,2435,Vijayapura
1797,Notebook,Stationery,10607.8,2022-04-09,5,1350,Shivamogga
1798,Ice Cream Tub,Dairy,2688.43,2025-10-20,3,2983,Ballari
1799,Instant Noodles,Groceries,3785.08,2022-09-19,7,1531,Bengaluru
1800,Keyboard,Electronics,6017.27,2022-10-20,3,1776,Vijayapura
1801,Wireless Earphones,Electronics,1039.01,2025-08-02,1,2996,Shivamogga
1802,Extension Board,Electronics,13337.82,2023-01-10,7,1899,Shivamogga
1803,Glass Cleaner,Home Care,4589.8,2024-05-26,5,2067,Udupi
1804,Toilet Cleaner,Home Care,7791.99,2022-06-28,5,2941,Belagavi
1805,Murukku Pack,Snacks,4375.19,2025-07-23,6,1163,Mysuru
1806,LED Bulb 9W,Electronics,3772.55,2022-04-28,2,1174,Udupi
1807,Notebook,Stationery,17640.02,2022-01-22,8,2971,Tumakuru
1808,Keyboard,Electronics,5809.7,2024-11-20,3,2404,Kalaburagi
1809,Stapler,Stationery,1574.3,2025-06-16,2,1390,Udupi
1810,Rice 5kg,Groceries,11695.9,2023-12-08,7,1501,Udupi
1811,Phone Stand,Electronics,1032.21,2022-12-12,1,2382,Ballari
1812,Floor Cleaner 1L,Home Care,5824.47,2022-10-01,3,2053,Shivamogga
1813,Sunflower Oil 1L,Groceries,15614.23,2022-12-16,7,1765,Mysuru
1814,Cashew 500g,Groceries,3146.49,2022-08-30,4,1595,Belagavi
1815,Scrub Pad,Home Care,7657.91,2022-01-05,5,2512,Kalaburagi
1816,Oats 1kg,Groceries,14486.13,2023-09-17,7,2903,Kalaburagi
1817,Keyboard,Electronics,2113.81,2025-06-19,1,2738,Davanagere
1818,Groundnut Oil 1L,Groceries,1273.96,2024-07-31,6,1673,Belagavi
1819,Coconut Oil 1L,Groceries,1076.41,2023-01-17,2,1824,Shivamogga
1820,Wheat Atta 10kg,Groceries,161.79,2023-02-09,2,1174,Ballari
1821,Keyboard,Electronics,5729.28,2024-09-25,3,1015,Mangaluru
1822,Phone Stand,Electronics,4775.77,2024-03-20,5,1767,Belagavi
1823,Ghee 500ml,Groceries,2041.87,2025-01-03,7,2663,Belagavi
1824,Paneer 200g,Dairy,4233.26,2024-06-18,8,1332,Mangaluru
1825,Coconut Oil 1L,Groceries,3767.97,2025-12-23,7,1407,Mysuru
1826,Face Wash,Personal Care,10868.87,2024-03-19,5,1863,Udupi
1827,Vermicelli 500g,Groceries,545.43,2023-02-12,1,2943,Davanagere
1828,Laptop Sleeve,Electronics,2604.63,2024-09-28,5,2127,Davanagere
1829,Potato Chips,Snacks,3570.89,2024-03-29,6,2028,Udupi
1830,Ice Cream Tub,Dairy,2557.79,2022-08-09,3,2624,Bengaluru
1831,Potato Chips,Snacks,1647.07,2022-01-28,3,2572,Kalaburagi
1832,LED Bulb 9W,Electronics,2093.78,2023-12-02,1,1880,Vijayapura
1833,Wheat Atta 10kg,Groceries,571.94,2023-08-01,7,1996,Mysuru
1834,Namkeen Mix,Snacks,6661.62,2024-11-13,4,1383,Hubballi
1835,Mobile Charger,Electronics,2980.46,2025-12-06,2,1507,Kalaburagi
1836,Namkeen Mix,Snacks,6474.54,2022-07-31,4,2436,Udupi
1837,Pendrive 64GB,Electronics,5936.61,2025-04-25,3,2289,Kalaburagi
1838,Soft Drink 750ml,Beverages,133.51,2024-04-01,4,1079,Belagavi
1839,Face Wash,Personal Care,7075.82,2025-06-16,3,1409,Mysuru
1840,Sunflower Oil 1L,Groceries,15338.51,2023-09-20,7,2434,Kalaburagi
1841,Toilet Cleaner,Home Care,5870.11,2024-09-08,4,1126,Ballari
1842,Namkeen Mix,Snacks,1563.44,2023-07-06,1,1745,Belagavi
1843,Almonds 500g,Groceries,1447.98,2022-04-08,7,1373,Bengaluru
1844,Rice 5kg,Groceries,1657.3,2023-10-21,1,1435,Belagavi
1845,Air Freshener,Home Care,13380.69,2022-07-26,5,1883,Mangaluru
1846,USB Cable,Electronics,10504.17,2023-09-16,8,1229,Mysuru
1847,Laptop Sleeve,Electronics,584.56,2022-09-24,1,1679,Shivamogga
1848,Ghee 500ml,Groceries,1537.92,2023-07-20,6,1431,Vijayapura
1849,Ice Cream Tub,Dairy,1992.79,2022-09-25,2,2290,Udupi
1850,Lassi 200ml,Beverages,2103.32,2025-09-02,2,2675,Hubballi
1851,Face Wash,Personal Care,20780.88,2022-06-03,8,2929,Ballari
1852,Eraser Pack,Stationery,3639.37,2024-08-29,6,2559,Hubballi
1853,Stapler,Stationery,2187.35,2023-01-28,3,1857,Ballari
1854,USB Cable,Electronics,8738.79,2024-07-07,6,2290,Udupi
1855,Good Day Biscuits,Snacks,8770.14,2024-05-08,7,2073,Ballari
1856,Toor Dal 1kg,Groceries,2147.98,2025-11-27,3,2982,Mangaluru
1857,Ball Pen Pack,Stationery,1695.59,2022-05-05,1,2627,Udupi
1858,Face Wash,Personal Care,16740.56,2024-12-26,7,2783,Ballari
1859,Filter Coffee 500g,Beverages,278.19,2024-11-09,3,1787,Ballari
1860,Ice Cream Tub,Dairy,6612.27,2023-02-28,7,1377,Bengaluru
1861,Mango Juice 1L,Beverages,8222.46,2022-01-19,4,2801,Ballari
1862,Deodorant,Personal Care,2042.6,2023-03-28,5,1607,Udupi
1863,Wireless Earphones,Electronics,1791.41,2022-04-04,2,2093,Hubballi
1864,Ball Pen Pack,Stationery,1597.32,2023-07-23,1,2900,Mangaluru
1865,Wireless Earphones,Electronics,986.08,2023-05-25,1,2687,Hubballi
1866,Stapler,Stationery,1444.63,2023-12-13,2,2296,Vijayapura
1867,Green Tea,Beverages,3901.46,2025-12-15,6,2811,Ballari
1868,Power Bank 10000mAh,Electronics,7166.17,2025-06-06,3,1604,Shivamogga
1869,Groundnut Oil 1L,Groceries,250.87,2023-03-26,1,2497,Belagavi
1870,Shampoo 180ml,Personal Care,4726.48,2025-01-05,5,2347,Vijayapura
1871,Paneer 200g,Dairy,3911.99,2023-06-12,7,2782,Kalaburagi
1872,Sticky Notes,Stationery,2856.64,2023-03-28,4,1665,Belagavi
1873,Detergent Powder 1kg,Home Care,1629.54,2023-04-20,7,2495,Udupi
1874,Hand Wash,Personal Care,8537.91,2024-09-08,6,1192,Davanagere
1875,Toothpaste 150g,Personal Care,3040.32,2022-12-27,8,1387,Vijayapura
1876,Smart Watch,Electronics,4327.78,2022-02-13,3,1636,Mangaluru
1877,Shampoo 180ml,Personal Care,6273.33,2023-01-20,7,1143,Mangaluru
1878,Filter Coffee 500g,Beverages,623.81,2025-08-14,7,2988,Tumakuru
1879,Butter 100g,Dairy,269.11,2022-01-25,3,2236,Mysuru
1880,Energy Drink,Beverages,10104.25,2022-01-28,7,2564,Kalaburagi
1881,Salt 1kg,Groceries,4838.21,2022-06-21,3,1549,Mangaluru
1882,File Folder,Stationery,1494.77,2022-01-20,1,2962,Mysuru
1883,Marker Pen,Stationery,4393.51,2022-06-24,6,1415,Mangaluru
1884,Scrub Pad,Home Care,13668.82,2023-09-22,8,1680,Davanagere
1885,Soft Drink 750ml,Beverages,131.65,2025-11-18,4,1548,Kalaburagi
1886,Marker Pen,Stationery,1237.0,2022-04-02,2,1211,Ballari
1887,Ball Pen Pack,Stationery,3115.03,2024-04-30,2,1291,Bengaluru
1888,Floor Cleaner 1L,Home Care,2005.8,2024-02-29,1,1302,Shivamogga
1889,HDMI Cable,Electronics,10617.17,2025-11-02,5,1788,Kalaburagi
1890,Parle-G Biscuits,Snacks,12190.99,2022-08-14,8,1460,Mysuru
1891,Notebook,Stationery,11405.51,2023-11-15,6,1243,Shivamogga
1892,Milk 1L,Dairy,573.97,2022-12-31,1,1878,Ballari
1893,Vermicelli 500g,Groceries,1818.57,2022-11-04,3,2830,Kalaburagi
1894,Printer Paper,Stationery,10458.11,2022-08-01,5,1556,Davanagere
1895,Phone Stand,Electronics,6587.98,2025-12-27,6,2636,Mysuru
1896,Rice 5kg,Groceries,5084.98,2022-10-28,3,1656,Mangaluru
1897,Ice Cream Tub,Dairy,7725.75,2024-09-06,8,2669,Mysuru
1898,Parle-G Biscuits,Snacks,12471.84,2023-07-25,7,1297,Mysuru
1899,Poha 1kg,Groceries,375.41,2024-02-28,3,1723,Shivamogga
1900,Bluetooth Speaker,Electronics,11979.88,2024-04-27,7,2233,Kalaburagi
1901,Vermicelli 500g,Groceries,1861.66,2025-09-01,3,2888,Hubballi
1902,Ice Cream Tub,Dairy,6537.34,2025-01-08,7,2094,Davanagere
1903,Stapler,Stationery,3135.23,2025-04-04,4,2465,Tumakuru
1904,Sketch Pen Set,Stationery,414.62,2023-04-27,4,1741,Bengaluru
1905,Detergent Powder 1kg,Home Care,243.13,2024-08-28,1,2962,Mangaluru
1906,Parle-G Biscuits,Snacks,1765.95,2024-01-10,1,2739,Mangaluru
1907,Ball Pen Pack,Stationery,11546.67,2025-02-03,8,2991,Tumakuru
1908,Extension Board,Electronics,7798.78,2022-04-25,4,2530,Mangaluru
1909,Good Day Biscuits,Snacks,4013.52,2022-02-23,3,2426,Tumakuru
1910,Green Tea,Beverages,737.94,2025-09-19,1,2192,Mysuru
1911,Scrub Pad,Home Care,4368.55,2024-01-19,3,1290,Mysuru
1912,Extension Board,Electronics,3302.65,2024-05-02,2,1307,Mangaluru
1913,Air Freshener,Home Care,7790.35,2025-12-01,3,2944,Belagavi
1914,Air Freshener,Home Care,18089.0,2024-06-28,7,2601,Kalaburagi
1915,Wheat Atta 10kg,Groceries,378.26,2022-05-03,5,2805,Kalaburagi
1916,Sugar 1kg,Groceries,5543.0,2022-01-23,3,1812,Tumakuru
1917,Deodorant,Personal Care,2304.44,2024-10-24,5,1627,Udupi
1918,Toilet Cleaner,Home Care,11537.14,2023-07-11,7,2993,Mysuru
1919,Mouse,Electronics,4509.74,2022-09-14,7,2522,Hubballi
1920,Khakhra Pack,Snacks,509.25,2023-01-12,1,2685,Udupi
1921,Corn Flakes,Groceries,5015.47,2024-08-17,2,1978,Shivamogga
1922,HDMI Cable,Electronics,16755.49,2022-12-04,7,1112,Shivamogga
1923,Torch Light,Electronics,9660.24,2022-08-11,7,1214,Mysuru
1924,Ghee 500ml,Groceries,1469.7,2023-08-01,6,1334,Ballari
1925,Paneer 200g,Dairy,967.11,2022-01-23,2,2550,Belagavi
1926,Face Wash,Personal Care,9840.59,2022-03-08,4,1493,Belagavi
1927,Milk 1L,Dairy,569.39,2024-09-17,1,1094,Bengaluru
1928,Ragi Flour 1kg,Groceries,3848.21,2022-01-18,2,1731,Belagavi
1929,Cheese Slices,Dairy,3612.97,2024-03-11,4,2487,Shivamogga
1930,Potato Chips,Snacks,1095.14,2024-10-28,2,1207,Ballari
1931,Soft Drink 750ml,Beverages,36.75,2024-02-22,1,1977,Vijayapura
1932,Sugar 1kg,Groceries,8606.72,2025-10-29,5,1949,Mysuru
1933,File Folder,Stationery,3080.17,2023-04-20,2,2812,Hubballi
1934,HDMI Cable,Electronics,7102.17,2022-11-26,3,2974,Ballari
1935,Mouse,Electronics,3491.18,2022-09-26,6,1695,Belagavi
1936,Ghee 500ml,Groceries,1719.18,2025-12-30,7,2586,Kalaburagi
1937,Ice Cream Tub,Dairy,3483.7,2025-06-04,4,2243,Mysuru
1938,Soft Drink 750ml,Beverages,265.69,2022-01-31,8,1293,Belagavi
1939,Instant Noodles,Groceries,1086.24,2024-07-20,2,1643,Mangaluru
1940,Ball Pen Pack,Stationery,4259.16,2025-03-26,3,1745,Shivamogga
1941,Curd 500g,Dairy,2383.17,2024-08-01,2,1529,Davanagere
1942,USB Cable,Electronics,11123.39,2022-10-15,8,2925,Mysuru
1943,Oats 1kg,Groceries,15931.36,2023-08-11,8,1822,Tumakuru
1944,Eraser Pack,Stationery,1872.49,2024-11-15,3,2731,Vijayapura
1945,Ragi Flour 1kg,Groceries,9720.7,2024-04-26,6,2037,Davanagere
1946,Power Bank 10000mAh,Electronics,2492.03,2025-08-11,1,1117,Udupi
1947,Extension Board,Electronics,1703.32,2022-08-04,1,1596,Tumakuru
1948,Mango Juice 1L,Beverages,15128.86,2023-04-02,7,1796,Davanagere
1949,Laptop Sleeve,Electronics,1093.77,2024-08-17,2,2316,Ballari
1950,Glass Cleaner,Home Care,1762.88,2022-08-10,2,2879,Tumakuru
1951,Hand Wash,Personal Care,6001.97,2022-05-13,4,1650,Shivamogga
1952,Lassi 200ml,Beverages,8731.19,2024-09-02,8,1235,Belagavi
1953,Deodorant,Personal Care,429.07,2024-08-20,1,1299,Kalaburagi
1954,Dishwash Liquid,Home Care,1580.43,2025-05-16,6,2586,Tumakuru
1955,Groundnut Oil 1L,Groceries,1495.53,2024-08-27,6,1438,Bengaluru
1956,Dishwash Liquid,Home Care,283.38,2025-11-01,1,1867,Belagavi
1957,USB Cable,Electronics,3712.3,2022-05-22,3,1561,Tumakuru
1958,Milk 1L,Dairy,3021.24,2024-07-13,5,2785,Tumakuru
1959,Sketch Pen Set,Stationery,411.96,2023-06-16,4,1377,Bengaluru
1960,Curd 500g,Dairy,8631.34,2023-09-01,7,1337,Hubballi
1961,Almonds 500g,Groceries,1519.56,2025-01-01,7,2411,Mangaluru
1962,Hand Wash,Personal Care,9941.69,2025-03-14,6,1797,Bengaluru
1963,Corn Flakes,Groceries,8637.12,2025-09-29,4,2185,Vijayapura
1964,Mixture Snack,Snacks,12563.48,2023-10-11,6,1030,Mangaluru
1965,Deodorant,Personal Care,1275.58,2023-10-11,3,1233,Kalaburagi
1966,Murukku Pack,Snacks,3424.61,2022-01-08,5,1923,Mangaluru
1967,Sticky Notes,Stationery,5522.07,2025-03-30,8,1200,Bengaluru
1968,Dishwash Liquid,Home Care,1022.85,2025-01-23,4,2586,Mangaluru
1969,Mineral Water 1L,Beverages,15107.26,2023-03-06,7,2951,Hubballi
1970,Peanut Butter,Groceries,779.63,2024-01-16,1,1034,Belagavi
1971,Basmati Rice 5kg,Groceries,3019.41,2025-08-21,2,1934,Tumakuru
1972,Murukku Pack,Snacks,3971.63,2025-01-15,6,1873,Ballari
1973,Vermicelli 500g,Groceries,1270.18,2024-07-28,2,1878,Shivamogga
1974,Shampoo 180ml,Personal Care,2613.62,2024-02-21,3,1584,Kalaburagi
1975,Hand Wash,Personal Care,7962.53,2022-07-23,5,1180,Mysuru
1976,Curd 500g,Dairy,1302.89,2024-04-22,1,1213,Davanagere
1977,Eraser Pack,Stationery,1297.02,2024-10-27,2,2191,Bengaluru
1978,Laptop Sleeve,Electronics,3017.93,2023-03-10,5,1457,Davanagere
1979,Instant Noodles,Groceries,3509.49,2024-08-19,7,2947,Mysuru
1980,Almonds 500g,Groceries,1712.69,2025-08-13,8,2442,Udupi
1981,Cheese Slices,Dairy,1020.53,2023-04-04,1,2040,Belagavi
1982,Wireless Earphones,Electronics,4609.19,2024-04-29,5,2379,Hubballi
1983,Rice 5kg,Groceries,10189.87,2022-02-23,7,1315,Shivamogga
1984,Mouse,Electronics,3411.87,2025-03-17,6,1881,Hubballi
1985,Corn Flakes,Groceries,15494.17,2025-08-12,7,1806,Bengaluru
1986,Peanut Butter,Groceries,5186.93,2025-07-27,7,1800,Udupi
1987,Shampoo 180ml,Personal Care,6535.52,2024-11-25,7,1325,Tumakuru
1988,Toilet Cleaner,Home Care,3161.94,2022-09-16,2,2033,Mysuru
1989,File Folder,Stationery,10563.52,2025-07-08,7,2878,Belagavi
1990,Instant Noodles,Groceries,1775.97,2023-02-22,3,1191,Mysuru
1991,Urad Dal 1kg,Groceries,3622.69,2025-04-30,7,1314,Bengaluru
1992,Eraser Pack,Stationery,1281.42,2022-02-21,2,2521,Udupi
1993,Potato Chips,Snacks,4655.44,2024-01-04,8,1383,Hubballi
1994,HDMI Cable,Electronics,8621.41,2025-01-01,4,2722,Hubballi
1995,Energy Drink,Beverages,8236.75,2023-07-18,5,1170,Mangaluru
1996,File Folder,Stationery,1451.28,2025-04-01,1,2776,Mysuru
1997,Parle-G Biscuits,Snacks,14168.98,2022-09-09,8,1220,Mangaluru
1998,Notebook,Stationery,11204.16,2022-07-10,5,1159,Davanagere
1999,Ghee 500ml,Groceries,1058.29,2024-10-02,4,2630,Bengaluru
2000,Murukku Pack,Snacks,1360.52,2025-07-05,2,1157,Hubballi
2001,Chocolate Bar,Snacks,17678.58,2025-07-21,7,2861,Davanagere
2002,Mango Juice 1L,Beverages,5811.57,2023-01-01,3,2351,Vijayapura
2003,File Folder,Stationery,1304.07,2023-12-04,1,1711,Davanagere
2004,Buttermilk 200ml,Beverages,630.65,2023-06-06,1,2898,Mysuru
2005,Face Wash,Personal Care,2411.1,2024-11-26,1,2049,Mangaluru
2006,Dishwash Liquid,Home Care,1439.04,2023-03-21,6,1061,Shivamogga
2007,Banana Chips,Snacks,5431.86,2025-11-17,4,2925,Mangaluru
2008,Wireless Earphones,Electronics,4776.18,2022-07-08,5,1714,Udupi
2009,Instant Noodles,Groceries,2698.3,2024-10-12,5,1894,Ballari
2010,Khakhra Pack,Snacks,2050.44,2023-02-10,4,2408,Udupi
2011,Mobile Charger,Electronics,8951.18,2025-04-18,7,1639,Mangaluru
2012,Detergent Powder 1kg,Home Care,1973.47,2024-07-02,8,1868,Vijayapura
2013,Wireless Earphones,Electronics,5894.03,2025-05-28,6,1785,Tumakuru
2014,Hair Oil 200ml,Personal Care,4999.22,2025-07-19,6,2679,Mysuru
2015,Sanitary Pads,Personal Care,5911.89,2024-11-13,3,1519,Vijayapura
2016,Murukku Pack,Snacks,3481.36,2025-08-14,5,2947,Ballari
2017,Coconut Oil 1L,Groceries,3788.15,2023-01-04,7,2657,Shivamogga
2018,Namkeen Mix,Snacks,4742.51,2022-05-29,3,1441,Kalaburagi
2019,Green Tea,Beverages,3954.06,2023-10-06,6,1251,Bengaluru
2020,Ragi Flour 1kg,Groceries,1843.97,2023-03-14,1,1954,Vijayapura
2021,Poha 1kg,Groceries,541.15,2024-02-29,4,1581,Vijayapura
2022,Dishwash Liquid,Home Care,956.89,2023-07-24,4,2467,Vijayapura
2023,Laptop Sleeve,Electronics,1144.52,2025-08-16,2,1864,Kalaburagi
2024,Hand Wash,Personal Care,9759.47,2023-02-10,6,1404,Bengaluru
2025,Bluetooth Speaker,Electronics,12497.06,2023-07-17,8,1863,Mysuru
2026,Good Day Biscuits,Snacks,10249.98,2023-11-01,8,2211,Tumakuru
2027,LED Bulb 9W,Electronics,1934.76,2025-08-11,1,2605,Vijayapura
2028,Rice 5kg,Groceries,12292.22,2024-04-04,8,1076,Ballari
2029,Sketch Pen Set,Stationery,96.37,2022-02-03,1,1143,Davanagere
2030,Butter 100g,Dairy,627.49,2023-07-17,7,1650,Shivamogga
2031,Khakhra Pack,Snacks,1091.34,2023-10-04,2,2012,Vijayapura
2032,Sunflower Oil 1L,Groceries,14998.28,2024-07-19,7,2011,Kalaburagi
2033,Good Day Biscuits,Snacks,8949.05,2022-07-30,6,1060,Hubballi
2034,Sunflower Oil 1L,Groceries,2071.3,2023-10-24,1,2765,Udupi
2035,Hand Wash,Personal Care,5718.71,2023-01-27,4,2483,Shivamogga
2036,Stapler,Stationery,871.98,2022-04-18,1,1532,Bengaluru
2037,Parle-G Biscuits,Snacks,1777.63,2022-06-03,1,1541,Shivamogga
2038,Buttermilk 200ml,Beverages,4520.25,2022-12-15,7,2895,Mangaluru
2039,Honey 500g,Groceries,12163.2,2023-10-16,8,2766,Mangaluru
2040,Honey 500g,Groceries,11833.81,2025-09-30,7,1251,Ballari
2041,Sketch Pen Set,Stationery,404.65,2025-09-16,4,2004,Belagavi
2042,Poha 1kg,Groceries,1010.5,2023-06-25,8,2570,Belagavi
2043,Milk 1L,Dairy,3412.8,2023-05-12,6,2351,Kalaburagi
2044,Detergent Powder 1kg,Home Care,457.53,2024-10-09,2,1124,Hubballi
2045,Wheat Atta 10kg,Groceries,326.03,2024-02-28,4,1385,Davanagere
2046,Paneer 200g,Dairy,2899.33,2025-04-24,6,2560,Ballari
2047,Keyboard,Electronics,12274.7,2023-10-01,6,2452,Davanagere
2048,HDMI Cable,Electronics,7208.63,2022-08-05,3,2873,Mangaluru
2049,Floor Cleaner 1L,Home Care,12439.4,2024-07-15,6,2778,Vijayapura
2050,Keyboard,Electronics,8213.52,2023-01-20,4,1141,Belagavi
2051,Namkeen Mix,Snacks,5063.24,2025-03-28,3,2328,Mysuru
2052,Mixture Snack,Snacks,17439.43,2022-08-14,8,1493,Bengaluru
2053,Deodorant,Personal Care,1216.21,2024-09-02,3,2356,Ballari
2054,Sanitary Pads,Personal Care,10455.09,2025-02-01,6,1173,Shivamogga
2055,Hand Wash,Personal Care,5694.74,2024-10-25,4,1883,Ballari
2056,Vermicelli 500g,Groceries,578.32,2024-01-28,1,1201,Bengaluru
2057,HDMI Cable,Electronics,16455.9,2024-05-15,7,1398,Belagavi
2058,Face Wash,Personal Care,15673.52,2023-07-20,7,2085,Vijayapura
2059,Bluetooth Speaker,Electronics,11084.98,2022-04-13,7,2324,Hubballi
2060,Parle-G Biscuits,Snacks,6024.52,2022-03-15,4,2179,Belagavi
2061,LED Bulb 9W,Electronics,4069.34,2023-07-19,2,1464,Vijayapura
2062,Khakhra Pack,Snacks,3696.14,2023-03-27,7,2504,Udupi
2063,Wireless Earphones,Electronics,7218.7,2023-02-21,8,1712,Kalaburagi
2064,Notebook,Stationery,10870.35,2022-07-13,5,1380,Ballari
2065,Eraser Pack,Stationery,5294.75,2025-11-09,8,1489,Mangaluru
2066,Ragi Flour 1kg,Groceries,3299.02,2023-11-12,2,2843,Davanagere
2067,Mixture Snack,Snacks,2094.71,2024-05-26,1,1685,Bengaluru
2068,Shampoo 180ml,Personal Care,4648.44,2022-12-16,5,2392,Bengaluru
2069,Mineral Water 1L,Beverages,15017.7,2025-04-09,6,1003,Davanagere
2070,Extension Board,Electronics,13494.29,2022-02-05,8,2162,Kalaburagi
2071,Ball Pen Pack,Stationery,6247.13,2022-12-09,4,2547,Mangaluru
2072,Butter 100g,Dairy,164.91,2023-11-19,2,1927,Davanagere
2073,Almonds 500g,Groceries,1125.0,2023-06-04,5,1747,Davanagere
2074,Wheat Atta 10kg,Groceries,472.6,2023-11-15,6,2826,Ballari
2075,Phone Stand,Electronics,7457.99,2025-11-05,8,2064,Udupi
2076,Sticky Notes,Stationery,624.31,2024-04-20,1,2754,Hubballi
2077,Phone Stand,Electronics,2944.95,2022-03-05,3,1501,Vijayapura
2078,Hand Wash,Personal Care,8644.4,2022-07-02,6,1397,Tumakuru
2079,Sticky Notes,Stationery,1468.24,2025-07-07,2,2391,Ballari
2080,Sanitary Pads,Personal Care,5227.25,2025-10-22,3,1715,Shivamogga
2081,Cheese Slices,Dairy,7151.11,2023-07-20,7,1634,Hubballi
2082,Salt 1kg,Groceries,10870.25,2022-09-09,6,1888,Davanagere
2083,Oats 1kg,Groceries,12603.42,2022-01-18,6,2022,Kalaburagi
2084,Mixture Snack,Snacks,16806.0,2024-12-07,8,2980,Belagavi
2085,Eraser Pack,Stationery,1820.5,2023-08-14,3,1133,Belagavi
2086,Wheat Atta 10kg,Groceries,595.99,2023-08-03,8,2691,Vijayapura
2087,Good Day Biscuits,Snacks,1368.26,2022-01-11,1,1882,Shivamogga
2088,Phone Stand,Electronics,919.54,2022-10-10,1,1718,Belagavi
2089,Pendrive 64GB,Electronics,6905.25,2025-12-31,3,1555,Mangaluru
2090,Hair Oil 200ml,Personal Care,6085.23,2022-06-15,7,1596,Hubballi
2091,Sugar 1kg,Groceries,16050.63,2023-05-25,8,2663,Kalaburagi
2092,Sticky Notes,Stationery,4628.39,2022-07-20,7,2829,Belagavi
2093,Printer Paper,Stationery,10080.45,2024-06-11,5,2391,Shivamogga
2094,Honey 500g,Groceries,5117.46,2023-02-13,3,1513,Mangaluru
2095,Chocolate Bar,Snacks,8998.73,2022-06-25,4,1609,Vijayapura
2096,File Folder,Stationery,11401.07,2024-02-09,8,2603,Tumakuru
2097,Butter 100g,Dairy,258.8,2025-11-22,3,1642,Ballari
2098,Coconut Oil 1L,Groceries,4639.21,2024-08-13,8,1862,Tumakuru
2099,Glass Cleaner,Home Care,1040.35,2022-02-24,1,2961,Tumakuru
2100,Curd 500g,Dairy,3907.86,2023-09-12,3,2612,Hubballi
2101,Honey 500g,Groceries,9136.96,2025-01-17,6,2844,Vijayapura
2102,Ball Pen Pack,Stationery,1633.28,2024-03-15,1,1258,Tumakuru
2103,Laptop Sleeve,Electronics,559.73,2024-11-26,1,1943,Bengaluru
2104,Milk 1L,Dairy,536.38,2025-08-23,1,1220,Shivamogga
2105,Mineral Water 1L,Beverages,4870.81,2025-03-04,2,1987,Udupi
2106,Vermicelli 500g,Groceries,540.88,2025-04-12,1,2382,Ballari
2107,Sunflower Oil 1L,Groceries,8959.49,2025-02-25,4,2517,Davanagere
2108,Banana Chips,Snacks,6393.7,2025-08-03,4,2746,Mangaluru
2109,Printer Paper,Stationery,11257.85,2022-01-14,5,2650,Davanagere
2110,Eraser Pack,Stationery,2331.87,2022-01-01,4,1314,Vijayapura
2111,Good Day Biscuits,Snacks,2604.22,2022-08-01,2,1971,Bengaluru
2112,Pendrive 64GB,Electronics,16513.16,2022-09-07,8,1615,Tumakuru
2113,Scrub Pad,Home Care,5130.44,2025-01-24,3,1534,Vijayapura
2114,Body Lotion,Personal Care,876.81,2025-07-26,2,1045,Mangaluru
2115,Mixture Snack,Snacks,7575.59,2025-12-03,4,2120,Hubballi
2116,Air Freshener,Home Care,18961.03,2025-09-29,8,1205,Vijayapura
2117,Bluetooth Speaker,Electronics,10652.74,2024-03-12,6,1791,Udupi
2118,Paneer 200g,Dairy,4036.73,2024-05-20,8,1304,Bengaluru
2119,Notebook,Stationery,15353.01,2024-03-08,8,1023,Vijayapura
2120,Printer Paper,Stationery,2219.63,2025-09-07,1,2270,Davanagere
2121,Salt 1kg,Groceries,11132.37,2024-08-16,6,2808,Udupi
2122,Deodorant,Personal Care,1917.46,2022-11-21,5,1733,Ballari
2123,Pendrive 64GB,Electronics,8185.88,2025-12-17,4,2076,Tumakuru
2124,Keyboard,Electronics,3635.79,2022-11-07,2,1721,Kalaburagi
2125,Oats 1kg,Groceries,13053.69,2022-10-14,6,1571,Kalaburagi
2126,Printer Paper,Stationery,13795.27,2025-08-14,7,1991,Tumakuru
2127,Air Freshener,Home Care,7534.93,2024-11-04,3,2589,Kalaburagi
2128,Sketch Pen Set,Stationery,461.14,2023-10-26,5,2206,Vijayapura
2129,Almonds 500g,Groceries,1393.26,2022-03-02,7,2745,Udupi
2130,Mango Juice 1L,Beverages,7422.24,2022-08-06,4,2023,Kalaburagi
2131,Air Freshener,Home Care,15615.74,2023-04-30,6,1216,Mangaluru
2132,Ice Cream Tub,Dairy,7020.31,2022-05-07,7,2254,Belagavi
2133,Parle-G Biscuits,Snacks,1744.89,2022-05-30,1,1905,Shivamogga
2134,Lassi 200ml,Beverages,1256.04,2023-10-20,1,1221,Udupi
2135,Sanitary Pads,Personal Care,11858.82,2025-07-29,7,2176,Ballari
2136,Hair Oil 200ml,Personal Care,3249.76,2024-06-15,4,2391,Belagavi
2137,Floor Cleaner 1L,Home Care,8898.2,2024-06-07,4,2667,Ballari
2138,Face Wash,Personal Care,4866.4,2025-07-12,2,2966,Kalaburagi
2139,Butter 100g,Dairy,311.2,2022-10-15,4,2830,Bengaluru
2140,Ghee 500ml,Groceries,1919.22,2022-05-28,7,1698,Mangaluru
2141,Torch Light,Electronics,11029.48,2023-03-01,8,2169,Davanagere
2142,Pendrive 64GB,Electronics,12298.19,2025-02-18,6,2748,Mangaluru
2143,Tea Powder 500g,Beverages,8407.28,2024-02-10,8,2790,Mysuru
2144,Oats 1kg,Groceries,4059.7,2024-11-25,2,1611,Mysuru
2145,Good Day Biscuits,Snacks,10380.39,2025-05-16,8,2108,Shivamogga
2146,Toor Dal 1kg,Groceries,2988.76,2023-08-17,4,2889,Belagavi
2147,Ice Cream Tub,Dairy,5069.22,2022-11-20,6,2983,Belagavi
2148,Filter Coffee 500g,Beverages,402.13,2025-06-05,4,2025,Belagavi
2149,Khakhra Pack,Snacks,544.54,2022-08-16,1,2194,Davanagere
2150,Power Bank 10000mAh,Electronics,2205.7,2024-05-13,1,1535,Hubballi
2151,Vermicelli 500g,Groceries,542.97,2025-01-25,1,2673,Udupi
2152,Vermicelli 500g,Groceries,554.25,2022-05-30,1,2650,Vijayapura
2153,Buttermilk 200ml,Beverages,656.03,2022-05-25,1,2946,Tumakuru
2154,Mineral Water 1L,Beverages,4930.83,2024-09-07,2,2939,Mangaluru
2155,Wireless Earphones,Electronics,882.85,2024-10-14,1,2040,Hubballi
2156,HDMI Cable,Electronics,13294.97,2023-09-14,6,2601,Hubballi
2157,Toor Dal 1kg,Groceries,635.56,2023-02-06,1,2095,Vijayapura
2158,Energy Drink,Beverages,1613.26,2022-04-17,1,1793,Tumakuru
2159,Potato Chips,Snacks,4126.56,2025-01-30,7,1283,Mysuru
2160,Body Lotion,Personal Care,959.44,2024-01-24,2,1721,Hubballi
2161,Cashew 500g,Groceries,5595.52,2023-05-03,7,1476,Mysuru
2162,Jam 500g,Groceries,946.53,2025-01-03,1,2164,Bengaluru
2163,Wheat Atta 10kg,Groceries,348.64,2022-06-06,4,1117,Mangaluru
2164,Body Lotion,Personal Care,1275.29,2023-10-06,3,1717,Vijayapura
2165,HDMI Cable,Electronics,9881.61,2022-09-23,4,2242,Tumakuru
2166,Scrub Pad,Home Care,3315.07,2022-06-06,2,1513,Ballari
2167,Detergent Powder 1kg,Home Care,2082.19,2024-01-02,8,2839,Hubballi
2168,Body Lotion,Personal Care,2418.28,2025-02-03,5,1600,Kalaburagi
2169,Extension Board,Electronics,8817.21,2025-01-13,5,2032,Mysuru
2170,Sunflower Oil 1L,Groceries,14468.45,2025-12-15,6,2947,Vijayapura
2171,Smart Watch,Electronics,6415.5,2022-10-08,5,2724,Ballari
2172,Toilet Cleaner,Home Care,7953.23,2023-03-08,5,1252,Shivamogga
2173,Mixture Snack,Snacks,2221.17,2025-12-01,1,1902,Kalaburagi
2174,Deodorant,Personal Care,769.05,2022-03-11,2,1554,Belagavi
2175,Jam 500g,Groceries,6728.44,2022-06-23,7,1123,Belagavi
2176,Buttermilk 200ml,Beverages,4733.9,2024-02-23,7,1788,Davanagere
2177,Salt 1kg,Groceries,6393.05,2023-01-13,4,2352,Tumakuru
2178,Stapler,Stationery,828.06,2022-03-06,1,2110,Shivamogga
2179,Urad Dal 1kg,Groceries,3732.29,2023-06-22,6,2660,Vijayapura
2180,Dishwash Liquid,Home Care,251.59,2025-06-26,1,1889,Tumakuru
2181,Groundnut Oil 1L,Groceries,476.24,2025-10-20,2,1589,Ballari
2182,Glass Cleaner,Home Care,6825.03,2025-03-09,7,2575,Ballari
2183,Power Bank 10000mAh,Electronics,7972.03,2024-08-15,3,2528,Hubballi
2184,Potato Chips,Snacks,541.83,2025-10-29,1,2948,Belagavi
2185,Milk 1L,Dairy,2370.92,2023-08-29,4,1692,Vijayapura
2186,Cheese Slices,Dairy,959.73,2024-01-11,1,1551,Kalaburagi
2187,USB Cable,Electronics,1248.42,2025-03-10,1,2354,Shivamogga
2188,Power Bank 10000mAh,Electronics,7217.95,2022-02-05,3,1901,Bengaluru
2189,Glass Cleaner,Home Care,1050.6,2024-09-10,1,2307,Ballari
2190,Dishwash Liquid,Home Care,1658.43,2022-06-12,7,1567,Vijayapura
2191,Instant Noodles,Groceries,3554.94,2024-06-21,6,1369,Belagavi
2192,Mobile Charger,Electronics,7457.94,2022-09-18,5,1466,Kalaburagi
2193,Shampoo 180ml,Personal Care,2783.87,2025-09-05,3,1102,Hubballi
2194,Parle-G Biscuits,Snacks,1528.67,2024-11-03,1,2763,Davanagere
2195,Honey 500g,Groceries,8968.49,2023-04-12,6,1125,Udupi
2196,Power Bank 10000mAh,Electronics,10989.21,2023-12-25,5,2107,Udupi
2197,Salt 1kg,Groceries,6588.69,2022-06-08,4,2039,Davanagere
2198,Parle-G Biscuits,Snacks,3091.75,2023-10-30,2,2169,Shivamogga
2199,Chocolate Bar,Snacks,4818.77,2023-08-03,2,1294,Bengaluru
2200,Poha 1kg,Groceries,775.38,2024-04-15,6,2838,Kalaburagi
2201,Green Tea,Beverages,6177.17,2023-08-26,8,2274,Bengaluru
2202,Mango Juice 1L,Beverages,11007.57,2022-11-04,6,2868,Vijayapura
2203,Urad Dal 1kg,Groceries,1172.14,2023-10-04,2,2047,Udupi
2204,Keyboard,Electronics,12693.43,2024-02-15,6,2702,Vijayapura
2205,Sugar 1kg,Groceries,5407.61,2025-08-22,3,1161,Mysuru
2206,Floor Cleaner 1L,Home Care,14968.28,2022-09-06,7,2736,Ballari
2207,Sunflower Oil 1L,Groceries,18429.56,2024-12-01,8,1904,Shivamogga
2208,Wireless Earphones,Electronics,4092.8,2023-08-24,4,2866,Hubballi
2209,Vermicelli 500g,Groceries,2480.74,2024-01-12,4,1473,Davanagere
2210,Ragi Flour 1kg,Groceries,3671.17,2024-06-30,2,2501,Tumakuru
2211,Ghee 500ml,Groceries,524.95,2024-11-01,2,1157,Shivamogga
2212,HDMI Cable,Electronics,18351.01,2024-07-08,8,2611,Tumakuru
2213,Toilet Cleaner,Home Care,4939.27,2023-05-17,3,2591,Tumakuru
2214,Honey 500g,Groceries,5040.67,2023-08-11,3,1700,Shivamogga
2215,Good Day Biscuits,Snacks,2692.71,2024-10-31,2,1304,Vijayapura
2216,Bluetooth Speaker,Electronics,7420.89,2024-07-18,4,1032,Mangaluru
2217,Good Day Biscuits,Snacks,9145.83,2025-02-09,7,2457,Davanagere
2218,Butter 100g,Dairy,276.45,2024-06-02,3,1050,Udupi
2219,Bath Soap,Personal Care,3245.24,2024-12-20,2,2882,Tumakuru
2220,Namkeen Mix,Snacks,9035.36,2025-11-28,6,2141,Hubballi
2221,Ball Pen Pack,Stationery,3006.42,2023-11-21,2,2212,Vijayapura
2222,Buttermilk 200ml,Beverages,1487.59,2022-04-03,2,1152,Udupi
2223,Coconut Oil 1L,Groceries,5171.05,2025-07-15,8,1922,Udupi
2224,Hand Wash,Personal Care,8047.58,2025-12-04,5,1276,Udupi
2225,Toothpaste 150g,Personal Care,754.76,2022-01-16,2,2216,Vijayapura
2226,Green Tea,Beverages,5538.05,2024-06-17,8,1362,Ballari
2227,Jam 500g,Groceries,5451.14,2022-07-18,5,1476,Belagavi
2228,Bluetooth Speaker,Electronics,9375.88,2024-11-26,6,2838,Ballari
2229,Honey 500g,Groceries,11023.73,2024-02-26,7,1653,Mangaluru
2230,Mixture Snack,Snacks,2154.7,2023-03-08,1,1882,Ballari
2231,Mobile Charger,Electronics,7666.72,2023-08-07,6,1340,Mysuru
2232,Notebook,Stationery,10356.84,2023-04-04,5,2814,Mangaluru
2233,Notebook,Stationery,11399.81,2022-08-06,5,2894,Hubballi
2234,Laptop Sleeve,Electronics,2617.15,2023-02-28,5,2131,Ballari
2235,Bath Soap,Personal Care,1785.85,2022-03-23,1,2966,Ballari
2236,Stapler,Stationery,2892.63,2022-02-22,4,1757,Hubballi
2237,Notebook,Stationery,15213.28,2024-12-02,7,1259,Davanagere
2238,Ball Pen Pack,Stationery,3242.28,2022-09-03,2,1911,Tumakuru
2239,Bluetooth Speaker,Electronics,7879.5,2022-10-08,5,1571,Udupi
2240,Laptop Sleeve,Electronics,1233.5,2022-06-11,2,2525,Hubballi
2241,Filter Coffee 500g,Beverages,524.72,2023-11-18,6,1566,Davanagere
2242,File Folder,Stationery,2941.2,2023-10-07,2,2828,Bengaluru
2243,Hand Wash,Personal Care,3326.0,2024-12-03,2,1651,Hubballi
2244,Corn Flakes,Groceries,2570.29,2025-07-08,1,1017,Hubballi
2245,Banana Chips,Snacks,11141.4,2023-03-27,7,2380,Hubballi
2246,Power Bank 10000mAh,Electronics,18109.55,2023-01-19,8,2503,Davanagere
2247,Notebook,Stationery,5855.14,2022-07-01,3,2948,Ballari
2248,Dishwash Liquid,Home Care,256.45,2024-10-01,1,2143,Vijayapura
2249,Detergent Powder 1kg,Home Care,680.85,2025-11-09,3,1539,Vijayapura
2250,Energy Drink,Beverages,6561.89,2024-09-18,4,2087,Kalaburagi
2251,Toothpaste 150g,Personal Care,2166.13,2023-08-22,5,2369,Davanagere
2252,Smart Watch,Electronics,10000.62,2025-01-17,7,1986,Belagavi
2253,Butter 100g,Dairy,316.63,2023-08-12,4,1860,Davanagere
2254,Poha 1kg,Groceries,551.92,2022-08-26,4,1361,Davanagere
2255,Ragi Flour 1kg,Groceries,3426.93,2024-03-26,2,2444,Mangaluru
2256,Scrub Pad,Home Care,13117.47,2025-11-08,8,1481,Bengaluru
2257,Ball Pen Pack,Stationery,7781.28,2024-04-17,5,1125,Ballari
2258,Poha 1kg,Groceries,691.59,2024-04-22,5,1802,Davanagere
2259,Namkeen Mix,Snacks,10844.79,2022-04-22,7,1550,Davanagere
2260,Floor Cleaner 1L,Home Care,13077.69,2022-04-04,6,1632,Davanagere
2261,Murukku Pack,Snacks,2767.96,2022-12-08,4,2098,Hubballi
2262,File Folder,Stationery,3077.38,2025-06-10,2,2251,Shivamogga
2263,Potato Chips,Snacks,617.72,2022-02-13,1,2644,Tumakuru
2264,Curd 500g,Dairy,8269.54,2025-02-06,6,1130,Kalaburagi
2265,Sunflower Oil 1L,Groceries,8684.13,2023-02-11,4,1322,Ballari
2266,Cheese Slices,Dairy,3594.75,2022-11-27,4,2866,Shivamogga
2267,Vermicelli 500g,Groceries,3863.34,2023-05-25,7,2926,Bengaluru
2268,Sugar 1kg,Groceries,1940.66,2024-12-14,1,1210,Ballari
2269,Cheese Slices,Dairy,6817.42,2023-08-03,8,1618,Bengaluru
2270,Toilet Cleaner,Home Care,5503.06,2022-09-11,4,2666,Tumakuru
2271,HDMI Cable,Electronics,14566.21,2023-07-07,7,2766,Mysuru
2272,Filter Coffee 500g,Beverages,187.97,2025-12-11,2,2562,Udupi
2273,Chocolate Bar,Snacks,2115.52,2025-01-14,1,2239,Mangaluru
2274,Butter 100g,Dairy,563.94,2025-05-25,7,2760,Belagavi
2275,Poha 1kg,Groceries,937.79,2022-02-17,7,1619,Belagavi
2276,Deodorant,Personal Care,1564.77,2025-09-05,4,2181,Davanagere
2277,Energy Drink,Beverages,7870.0,2023-04-01,5,2981,Tumakuru
2278,Corn Flakes,Groceries,11752.83,2025-12-10,5,2093,Ballari
2279,Extension Board,Electronics,11571.39,2024-10-14,7,2491,Tumakuru
2280,Green Tea,Beverages,1405.2,2025-03-29,2,2998,Bengaluru
2281,Cheese Slices,Dairy,3712.49,2024-09-03,4,2154,Mysuru
2282,Torch Light,Electronics,7102.57,2025-07-14,5,2999,Mysuru
2283,Butter 100g,Dairy,242.38,2024-09-30,3,2216,Hubballi
2284,Milk 1L,Dairy,1654.0,2024-08-27,3,2072,Udupi
2285,Oats 1kg,Groceries,7999.61,2024-10-07,4,1517,Tumakuru
2286,Basmati Rice 5kg,Groceries,9293.44,2022-03-16,6,1659,Udupi
2287,Oats 1kg,Groceries,16494.29,2023-07-04,7,2414,Hubballi
2288,Corn Flakes,Groceries,19039.39,2023-10-04,8,2966,Kalaburagi
2289,LED Bulb 9W,Electronics,12036.37,2024-09-16,6,2054,Ballari
2290,Milk 1L,Dairy,1107.73,2022-06-08,2,1770,Mangaluru
2291,Wheat Atta 10kg,Groceries,247.07,2022-09-06,3,1341,Hubballi
2292,Body Lotion,Personal Care,806.9,2024-05-18,2,2015,Mangaluru
2293,File Folder,Stationery,10483.79,2025-01-25,8,1857,Tumakuru
2294,Wheat Atta 10kg,Groceries,378.78,2023-08-26,5,2475,Kalaburagi
2295,Wireless Earphones,Electronics,5885.05,2024-02-01,6,2155,Kalaburagi
2296,Bath Soap,Personal Care,5033.7,2025-11-03,3,1419,Vijayapura
2297,Green Tea,Beverages,3527.07,2023-03-08,5,2918,Shivamogga
2298,Banana Chips,Snacks,4465.81,2024-08-28,3,1021,Shivamogga
2299,Chocolate Bar,Snacks,6537.18,2022-05-18,3,1012,Belagavi
2300,Face Wash,Personal Care,9947.18,2025-01-06,4,1940,Shivamogga
2301,Butter 100g,Dairy,87.95,2025-05-02,1,1321,Mysuru
2302,Almonds 500g,Groceries,844.5,2022-01-29,4,2901,Hubballi
2303,Mobile Charger,Electronics,7390.85,2024-05-22,5,2197,Udupi
2304,Basmati Rice 5kg,Groceries,8927.89,2024-04-05,6,2914,Belagavi
2305,Corn Flakes,Groceries,8636.49,2022-11-09,4,1211,Udupi
2306,Dishwash Liquid,Home Care,1215.71,2025-02-28,5,1210,Mangaluru
2307,Mouse,Electronics,3976.46,2025-04-27,7,2239,Belagavi
2308,Buttermilk 200ml,Beverages,5100.37,2022-01-06,8,2605,Hubballi
2309,Dishwash Liquid,Home Care,564.37,2025-06-13,2,1301,Mangaluru
2310,Bath Soap,Personal Care,15060.87,2023-10-25,8,1160,Bengaluru
2311,Banana Chips,Snacks,11674.24,2024-08-24,8,1670,Belagavi
2312,Pendrive 64GB,Electronics,4001.72,2024-03-16,2,1773,Tumakuru
2313,Air Freshener,Home Care,14285.27,2024-12-05,6,1650,Ballari
2314,Milk 1L,Dairy,2453.69,2025-07-21,4,2708,Belagavi
2315,Mixture Snack,Snacks,14363.41,2024-09-30,7,2424,Belagavi
2316,Good Day Biscuits,Snacks,9892.17,2022-12-31,7,1052,Shivamogga
2317,Glass Cleaner,Home Care,6029.81,2023-03-14,6,2264,Ballari
2318,Face Wash,Personal Care,16335.64,2022-01-22,7,1402,Davanagere
2319,Ghee 500ml,Groceries,974.94,2023-09-28,4,1673,Mysuru
2320,Green Tea,Beverages,3548.83,2022-01-27,5,2243,Belagavi
2321,Sugar 1kg,Groceries,9493.84,2024-03-26,5,1090,Udupi
2322,USB Cable,Electronics,6918.35,2025-03-17,5,2687,Bengaluru
2323,Air Freshener,Home Care,19753.77,2024-08-27,8,2536,Kalaburagi
2324,Marker Pen,Stationery,1241.65,2022-03-01,2,2256,Udupi
2325,Soft Drink 750ml,Beverages,116.4,2022-09-27,3,1170,Tumakuru
2326,Good Day Biscuits,Snacks,1355.92,2025-12-26,1,1128,Shivamogga
2327,Butter 100g,Dairy,470.53,2023-02-02,5,2342,Vijayapura
2328,Toor Dal 1kg,Groceries,4496.57,2023-10-11,6,2839,Udupi
2329,Bath Soap,Personal Care,10542.68,2025-09-22,6,1826,Tumakuru
2330,Laptop Sleeve,Electronics,514.85,2024-10-24,1,1303,Udupi
2331,Wireless Earphones,Electronics,1791.97,2022-04-02,2,1565,Vijayapura
2332,Hair Oil 200ml,Personal Care,5591.91,2022-01-07,7,1638,Belagavi
2333,Corn Flakes,Groceries,13068.61,2024-08-12,6,2164,Udupi
2334,Curd 500g,Dairy,9347.22,2022-07-05,8,1374,Udupi
2335,Curd 500g,Dairy,3680.42,2025-07-07,3,2978,Bengaluru
2336,Bath Soap,Personal Care,1652.45,2024-02-07,1,1943,Mysuru
2337,Extension Board,Electronics,9765.83,2025-08-08,5,2931,Hubballi
2338,Potato Chips,Snacks,2580.33,2025-12-16,5,1588,Mangaluru
2339,Mobile Charger,Electronics,4221.39,2024-04-27,3,1463,Hubballi
2340,Wireless Earphones,Electronics,3587.42,2023-08-28,4,1532,Udupi
2341,Body Lotion,Personal Care,2040.96,2023-12-29,5,2186,Shivamogga
2342,Almonds 500g,Groceries,1857.91,2025-11-08,8,2704,Mangaluru
2343,Sugar 1kg,Groceries,12035.14,2025-03-10,7,1432,Udupi
2344,Hand Wash,Personal Care,9452.02,2025-10-28,6,2631,Belagavi
2345,Detergent Powder 1kg,Home Care,1559.96,2024-10-28,6,2130,Udupi
2346,Wireless Earphones,Electronics,1922.63,2023-03-08,2,1529,Hubballi
2347,Glass Cleaner,Home Care,4354.95,2022-08-25,5,2059,Kalaburagi
2348,File Folder,Stationery,4215.56,2024-08-14,3,2202,Shivamogga
2349,Green Tea,Beverages,5122.81,2022-03-11,7,1661,Udupi
2350,Paneer 200g,Dairy,3306.13,2022-01-17,6,1326,Tumakuru
2351,Air Freshener,Home Care,14359.23,2022-07-25,6,1384,Shivamogga
2352,Basmati Rice 5kg,Groceries,4326.61,2023-01-17,3,2541,Bengaluru
2353,Body Lotion,Personal Care,3621.9,2025-11-23,8,1891,Udupi
2354,Khakhra Pack,Snacks,4605.07,2023-06-02,8,2482,Shivamogga
2355,Mineral Water 1L,Beverages,13680.59,2024-04-01,6,1615,Bengaluru
2356,Toilet Cleaner,Home Care,2986.53,2023-07-06,2,2954,Vijayapura
2357,Khakhra Pack,Snacks,503.32,2022-12-07,1,2889,Belagavi
2358,Mineral Water 1L,Beverages,9978.76,2025-03-09,4,2540,Mangaluru
2359,Potato Chips,Snacks,3596.38,2022-04-21,6,2988,Mysuru
2360,Basmati Rice 5kg,Groceries,4618.12,2024-07-28,3,1811,Mangaluru
2361,Deodorant,Personal Care,438.73,2023-02-15,1,2809,Mangaluru
2362,Printer Paper,Stationery,9880.01,2023-04-29,5,2757,Hubballi
2363,Hand Wash,Personal Care,3198.51,2022-11-12,2,2403,Ballari
2364,Green Tea,Beverages,706.16,2023-12-07,1,1205,Davanagere
2365,Instant Noodles,Groceries,3953.86,2024-08-25,7,2369,Tumakuru
2366,Glass Cleaner,Home Care,4046.45,2022-07-16,4,1794,Mangaluru
2367,Ragi Flour 1kg,Groceries,5195.86,2023-11-01,3,2840,Belagavi
2368,Namkeen Mix,Snacks,11467.62,2023-12-12,7,2001,Kalaburagi
2369,Jam 500g,Groceries,945.44,2025-05-31,1,1365,Hubballi
2370,Green Tea,Beverages,4119.89,2022-01-04,6,2251,Vijayapura
2371,Cheese Slices,Dairy,1930.72,2022-10-10,2,2024,Hubballi
2372,Salt 1kg,Groceries,6523.76,2022-07-10,4,1696,Tumakuru
2373,HDMI Cable,Electronics,6639.66,2023-08-07,3,1638,Tumakuru
2374,Scrub Pad,Home Care,1530.38,2024-05-13,1,1368,Mangaluru
2375,Cheese Slices,Dairy,1862.94,2022-06-19,2,1710,Kalaburagi
2376,Butter 100g,Dairy,637.14,2022-01-26,7,1330,Shivamogga
2377,Potato Chips,Snacks,4114.63,2022-01-24,7,1996,Kalaburagi
2378,Laptop Sleeve,Electronics,3886.22,2022-04-22,7,1621,Tumakuru
2379,Power Bank 10000mAh,Electronics,4967.53,2024-07-11,2,2029,Shivamogga
2380,Air Freshener,Home Care,15865.9,2024-01-18,6,1229,Mangaluru
2381,Namkeen Mix,Snacks,12233.48,2022-06-13,7,1308,Bengaluru
2382,Cashew 500g,Groceries,3465.34,2025-06-12,5,2491,Davanagere
2383,Hand Wash,Personal Care,1519.85,2022-03-23,1,1249,Davanagere
2384,Deodorant,Personal Care,2321.85,2025-05-12,6,2406,Shivamogga
2385,USB Cable,Electronics,9141.79,2023-08-30,7,2571,Bengaluru
2386,Marker Pen,Stationery,3200.25,2024-01-01,5,1855,Bengaluru
2387,Sanitary Pads,Personal Care,10525.52,2022-03-14,6,2221,Mysuru
2388,Coconut Oil 1L,Groceries,601.06,2024-03-22,1,1510,Mangaluru
2389,Milk 1L,Dairy,1040.34,2022-10-24,2,2297,Davanagere
2390,Hand Wash,Personal Care,7416.54,2024-07-27,5,2412,Vijayapura
2391,Extension Board,Electronics,13293.04,2023-10-31,8,1764,Bengaluru
2392,Mixture Snack,Snacks,3959.02,2022-06-11,2,1692,Kalaburagi
2393,Printer Paper,Stationery,14799.46,2023-01-12,7,2947,Udupi
2394,USB Cable,Electronics,2881.58,2024-06-06,2,2977,Mysuru
2395,Face Wash,Personal Care,13154.23,2025-06-14,5,2053,Ballari
2396,Extension Board,Electronics,1783.71,2024-08-26,1,1441,Tumakuru
2397,Mobile Charger,Electronics,3981.2,2025-10-07,3,1094,Vijayapura
2398,Khakhra Pack,Snacks,1676.43,2023-07-13,3,1011,Tumakuru
2399,Detergent Powder 1kg,Home Care,264.11,2025-09-07,1,1266,Belagavi
2400,Wireless Earphones,Electronics,7822.15,2025-07-24,8,1652,Mysuru
2401,Floor Cleaner 1L,Home Care,7669.12,2023-10-27,4,1453,Mysuru
2402,Buttermilk 200ml,Beverages,3538.94,2025-06-01,5,2694,Davanagere
2403,Jam 500g,Groceries,7197.09,2023-11-05,7,2109,Tumakuru
2404,Air Freshener,Home Care,2396.31,2023-10-17,1,1710,Davanagere
2405,Soft Drink 750ml,Beverages,309.44,2024-10-18,8,1432,Ballari
2406,Bath Soap,Personal Care,11660.7,2022-03-08,7,2354,Vijayapura
2407,Milk 1L,Dairy,4552.93,2023-12-09,8,1171,Hubballi
2408,Sketch Pen Set,Stationery,574.24,2023-10-08,6,1925,Kalaburagi
2409,Glass Cleaner,Home Care,894.91,2025-04-12,1,1342,Vijayapura
2410,Coconut Oil 1L,Groceries,4110.49,2022-02-17,7,2539,Belagavi
2411,Corn Flakes,Groceries,20715.15,2024-02-08,8,2887,Ballari
2412,Potato Chips,Snacks,4051.82,2022-09-10,7,1199,Tumakuru
2413,Dishwash Liquid,Home Care,1141.75,2025-03-14,4,1593,Mangaluru
2414,Mango Juice 1L,Beverages,14270.5,2023-12-22,7,2539,Hubballi
2415,Chocolate Bar,Snacks,11291.38,2024-01-14,5,2291,Mysuru
2416,Laptop Sleeve,Electronics,3385.08,2024-12-26,6,1804,Hubballi
2417,Khakhra Pack,Snacks,4538.37,2023-08-10,8,2692,Davanagere
2418,Mango Juice 1L,Beverages,5934.25,2022-01-07,3,2091,Shivamogga
2419,Glass Cleaner,Home Care,2988.88,2022-07-21,3,1786,Vijayapura
2420,HDMI Cable,Electronics,17217.82,2024-04-20,7,1387,Kalaburagi
2421,Urad Dal 1kg,Groceries,2128.4,2025-06-23,4,2031,Mysuru
2422,Mineral Water 1L,Beverages,17443.6,2023-10-28,7,2249,Hubballi
2423,Bath Soap,Personal Care,14527.75,2024-01-29,8,1047,Udupi
2424,Mineral Water 1L,Beverages,16183.32,2023-01-31,7,2742,Mangaluru
2425,Deodorant,Personal Care,2665.26,2023-05-06,6,1359,Davanagere
2426,Hair Oil 200ml,Personal Care,4751.71,2022-05-13,6,2832,Bengaluru
2427,Detergent Powder 1kg,Home Care,1983.76,2025-11-01,8,2236,Davanagere
2428,LED Bulb 9W,Electronics,6638.56,2024-10-21,3,2314,Mysuru
2429,Lassi 200ml,Beverages,7464.73,2022-11-23,6,1502,Davanagere
2430,Tea Powder 500g,Beverages,1119.39,2025-10-28,1,2387,Tumakuru
2431,Mouse,Electronics,5045.07,2022-05-25,8,2604,Tumakuru
2432,Power Bank 10000mAh,Electronics,5076.7,2025-05-28,2,2326,Ballari
2433,Urad Dal 1kg,Groceries,4570.87,2022-05-03,8,1600,Tumakuru
2434,Salt 1kg,Groceries,9984.31,2024-11-13,6,2289,Kalaburagi
2435,Body Lotion,Personal Care,3289.77,2022-08-01,7,1299,Belagavi
2436,Honey 500g,Groceries,3437.1,2024-01-21,2,1846,Kalaburagi
2437,Cashew 500g,Groceries,2395.83,2024-09-15,3,1431,Belagavi
2438,Butter 100g,Dairy,529.49,2022-06-01,6,1939,Udupi
2439,Smart Watch,Electronics,5893.03,2023-12-03,4,1605,Udupi
2440,Body Lotion,Personal Care,2819.78,2025-12-03,6,1529,Vijayapura
2441,Mobile Charger,Electronics,1461.66,2022-10-31,1,2069,Belagavi
2442,Urad Dal 1kg,Groceries,2468.68,2025-02-28,4,1743,Udupi
2443,Ball Pen Pack,Stationery,8460.83,2022-11-21,5,2163,Kalaburagi
2444,Basmati Rice 5kg,Groceries,12109.61,2025-10-10,8,1604,Mangaluru
2445,Potato Chips,Snacks,1736.6,2024-02-26,3,1527,Kalaburagi
2446,Toilet Cleaner,Home Care,1623.73,2025-04-09,1,1621,Mangaluru
2447,Honey 500g,Groceries,1566.32,2024-11-07,1,2527,Ballari
2448,Khakhra Pack,Snacks,4418.91,2022-12-15,8,2992,Shivamogga
2449,Torch Light,Electronics,4486.15,2024-10-23,3,1644,Ballari
2450,Green Tea,Beverages,5328.48,2024-09-20,7,2328,Mangaluru
2451,Sketch Pen Set,Stationery,745.14,2024-02-17,8,1030,Kalaburagi
2452,Tea Powder 500g,Beverages,6046.09,2023-02-27,6,1460,Mangaluru
2453,Mobile Charger,Electronics,2861.46,2024-01-01,2,2022,Davanagere
2454,Oats 1kg,Groceries,2342.53,2024-12-09,1,2840,Hubballi
2455,Hair Oil 200ml,Personal Care,5296.97,2024-03-27,6,2283,Mysuru
2456,Vermicelli 500g,Groceries,1116.89,2024-12-31,2,2734,Udupi
2457,Stapler,Stationery,1755.62,2022-04-25,2,1915,Vijayapura
2458,Mouse,Electronics,2232.06,2023-01-10,4,2413,Kalaburagi
2459,Extension Board,Electronics,7596.51,2024-07-23,4,1364,Bengaluru
2460,Lassi 200ml,Beverages,5849.94,2022-07-07,5,2522,Hubballi
2461,Tea Powder 500g,Beverages,3213.54,2022-05-05,3,1426,Hubballi
2462,Extension Board,Electronics,14533.24,2025-01-04,8,2806,Bengaluru
2463,Ragi Flour 1kg,Groceries,3320.07,2022-08-27,2,1906,Mysuru
2464,Air Freshener,Home Care,9104.15,2025-04-22,4,1441,Vijayapura
2465,Smart Watch,Electronics,7103.35,2025-04-06,5,1881,Mysuru
2466,Body Lotion,Personal Care,1809.3,2025-07-24,4,2259,Davanagere
2467,Rice 5kg,Groceries,8437.67,2025-05-16,5,1555,Davanagere
2468,File Folder,Stationery,4091.37,2024-09-16,3,2054,Belagavi
2469,Torch Light,Electronics,7002.28,2024-12-25,5,1510,Shivamogga
2470,Mobile Charger,Electronics,7120.21,2022-08-17,5,2550,Mangaluru
2471,Smart Watch,Electronics,1350.57,2024-11-09,1,1964,Davanagere
2472,Mango Juice 1L,Beverages,5529.16,2024-06-03,3,2379,Belagavi
2473,Butter 100g,Dairy,664.85,2025-11-07,8,2104,Mangaluru
2474,Face Wash,Personal Care,5039.48,2023-03-13,2,1630,Ballari
2475,Basmati Rice 5kg,Groceries,9175.14,2024-08-24,6,1211,Kalaburagi
2476,Printer Paper,Stationery,8750.65,2022-11-13,4,1664,Mangaluru
2477,Face Wash,Personal Care,17715.11,2022-11-20,7,2250,Kalaburagi
2478,Mango Juice 1L,Beverages,13216.78,2024-08-28,6,2339,Vijayapura
2479,Chocolate Bar,Snacks,11078.93,2023-06-23,5,1967,Belagavi
2480,Green Tea,Beverages,2045.64,2023-12-26,3,2699,Udupi
2481,Ragi Flour 1kg,Groceries,13595.84,2025-02-27,8,1806,Tumakuru
2482,Rice 5kg,Groceries,10240.75,2024-04-17,7,1725,Kalaburagi
2483,Banana Chips,Snacks,12484.0,2022-02-09,8,2677,Udupi
2484,Hair Oil 200ml,Personal Care,3529.81,2023-06-09,4,1604,Shivamogga
2485,Urad Dal 1kg,Groceries,3391.46,2024-02-23,6,1668,Ballari
2486,Corn Flakes,Groceries,9994.94,2025-06-18,4,2031,Davanagere
2487,Mobile Charger,Electronics,2541.66,2022-11-25,2,1667,Udupi
2488,Scrub Pad,Home Care,14020.04,2022-04-05,8,2600,Kalaburagi
2489,Ice Cream Tub,Dairy,7028.1,2025-05-27,8,2201,Tumakuru
2490,Groundnut Oil 1L,Groceries,429.39,2023-12-03,2,1566,Ballari
2491,Green Tea,Beverages,6155.75,2022-08-16,8,1967,Mangaluru
2492,Filter Coffee 500g,Beverages,617.17,2024-04-27,6,2689,Mangaluru
2493,Soft Drink 750ml,Beverages,183.28,2025-02-24,5,1181,Davanagere
2494,Extension Board,Electronics,11138.08,2025-09-15,6,1534,Ballari
2495,Sketch Pen Set,Stationery,516.93,2022-10-15,5,2582,Mysuru
2496,Ragi Flour 1kg,Groceries,11463.19,2024-07-02,6,2531,Hubballi
2497,Toothpaste 150g,Personal Care,2418.12,2024-08-01,6,1742,Shivamogga
2498,Hair Oil 200ml,Personal Care,4064.64,2022-02-17,5,1288,Mysuru
2499,Torch Light,Electronics,10138.86,2024-09-23,7,2635,Bengaluru
2500,Sketch Pen Set,Stationery,107.84,2024-11-15,1,1765,Bengaluru
2501,Oats 1kg,Groceries,16875.76,2024-10-29,7,2789,Shivamogga
2502,Stapler,Stationery,6139.54,2023-11-15,8,2300,Mysuru
2503,Filter Coffee 500g,Beverages,205.61,2022-08-19,2,2090,Mangaluru
2504,Keyboard,Electronics,3946.46,2024-08-17,2,2250,Kalaburagi
2505,Face Wash,Personal Care,5043.56,2024-06-01,2,2675,Belagavi
2506,Glass Cleaner,Home Care,8287.1,2022-11-08,8,2333,Shivamogga
2507,Filter Coffee 500g,Beverages,290.03,2023-11-27,3,1930,Ballari
2508,Hand Wash,Personal Care,1500.48,2023-08-25,1,1014,Vijayapura
2509,Ice Cream Tub,Dairy,833.88,2023-10-23,1,1875,Mangaluru
2510,Power Bank 10000mAh,Electronics,9897.57,2023-10-31,4,2091,Davanagere
2511,HDMI Cable,Electronics,9471.54,2025-03-22,4,2896,Shivamogga
2512,Peanut Butter,Groceries,2251.77,2022-10-31,3,1423,Belagavi
2513,Toothpaste 150g,Personal Care,734.32,2025-05-17,2,2935,Bengaluru
2514,Potato Chips,Snacks,3709.32,2023-11-02,6,2783,Shivamogga
2515,Toilet Cleaner,Home Care,5706.89,2022-12-01,4,1869,Belagavi
2516,Toilet Cleaner,Home Care,6399.53,2022-02-25,4,1282,Davanagere
2517,Good Day Biscuits,Snacks,8688.95,2023-03-04,7,1780,Bengaluru
2518,Sanitary Pads,Personal Care,14330.92,2023-02-26,8,2579,Tumakuru
2519,Jam 500g,Groceries,1839.29,2022-12-25,2,2038,Vijayapura
2520,Mouse,Electronics,1096.78,2023-03-06,2,1247,Davanagere
2521,Lassi 200ml,Beverages,7294.64,2023-10-11,6,1851,Hubballi
2522,Detergent Powder 1kg,Home Care,530.0,2024-01-07,2,1979,Belagavi
2523,Keyboard,Electronics,4235.0,2022-02-03,2,1015,Tumakuru
2524,Chocolate Bar,Snacks,17914.27,2022-07-24,7,1727,Shivamogga
2525,Basmati Rice 5kg,Groceries,2865.42,2025-08-28,2,1616,Hubballi
2526,Milk 1L,Dairy,4231.45,2022-02-02,7,2949,Belagavi
2527,Torch Light,Electronics,8016.78,2023-05-25,6,1364,Vijayapura
2528,Wheat Atta 10kg,Groceries,247.01,2022-10-15,3,2424,Davanagere
2529,Sugar 1kg,Groceries,1881.98,2023-03-06,1,2775,Udupi
2530,Phone Stand,Electronics,4922.91,2024-04-29,5,2687,Mangaluru
2531,Chocolate Bar,Snacks,6571.32,2024-11-28,3,2977,Mangaluru
2532,Laptop Sleeve,Electronics,1646.11,2022-08-13,3,2611,Mangaluru
2533,Urad Dal 1kg,Groceries,4316.91,2024-04-06,8,2281,Shivamogga
2534,Power Bank 10000mAh,Electronics,13223.14,2022-02-22,6,1680,Bengaluru
2535,Air Freshener,Home Care,2590.27,2022-10-23,1,2872,Tumakuru
2536,Salt 1kg,Groceries,12511.57,2024-12-11,7,1348,Mangaluru
2537,Butter 100g,Dairy,83.21,2023-04-02,1,1189,Tumakuru
2538,Tea Powder 500g,Beverages,2332.68,2024-08-09,2,1851,Ballari
2539,Body Lotion,Personal Care,1428.43,2025-07-28,3,1002,Belagavi
2540,Air Freshener,Home Care,21373.75,2023-06-11,8,1263,Shivamogga
2541,Phone Stand,Electronics,6617.11,2025-09-30,6,2468,Mysuru
2542,Scrub Pad,Home Care,13497.19,2025-03-15,8,1402,Mangaluru
2543,Floor Cleaner 1L,Home Care,6754.23,2022-10-20,3,1462,Kalaburagi
2544,Milk 1L,Dairy,1173.3,2023-08-02,2,2817,Vijayapura
2545,Paneer 200g,Dairy,1940.1,2023-01-14,4,2496,Kalaburagi
2546,Printer Paper,Stationery,13486.94,2024-08-04,6,2369,Vijayapura
2547,Mouse,Electronics,3093.03,2022-09-27,5,1672,Tumakuru
2548,Green Tea,Beverages,2161.89,2022-03-12,3,2532,Tumakuru
2549,File Folder,Stationery,1495.28,2023-01-09,1,1030,Mangaluru
2550,Sticky Notes,Stationery,716.65,2023-05-03,1,1332,Tumakuru
2551,Poha 1kg,Groceries,135.57,2024-09-17,1,2757,Shivamogga
2552,Face Wash,Personal Care,16596.71,2023-03-16,7,1929,Vijayapura
2553,Power Bank 10000mAh,Electronics,17978.68,2023-07-27,8,2343,Ballari
2554,Cashew 500g,Groceries,4865.75,2023-01-17,6,1523,Shivamogga
2555,Smart Watch,Electronics,11575.92,2025-09-30,8,2754,Shivamogga
2556,Mouse,Electronics,2683.3,2024-01-19,5,1874,Kalaburagi
2557,Urad Dal 1kg,Groceries,1581.16,2024-07-25,3,2700,Mysuru
2558,Good Day Biscuits,Snacks,6344.74,2023-12-13,5,1629,Davanagere
2559,Hand Wash,Personal Care,3346.77,2024-10-30,2,1374,Tumakuru
2560,Keyboard,Electronics,7220.57,2025-10-25,4,1455,Bengaluru
2561,Hair Oil 200ml,Personal Care,5154.73,2022-11-07,6,2153,Ballari
2562,Sketch Pen Set,Stationery,105.59,2024-01-13,1,2105,Hubballi
2563,Sketch Pen Set,Stationery,291.33,2022-07-25,3,2394,Mangaluru
2564,Sticky Notes,Stationery,2870.82,2022-11-08,4,2108,Vijayapura
2565,Namkeen Mix,Snacks,6220.09,2024-03-31,4,1608,Tumakuru
2566,Mouse,Electronics,4440.43,2024-08-16,7,1660,Mangaluru
2567,Printer Paper,Stationery,1973.63,2025-12-21,1,2139,Kalaburagi
2568,Basmati Rice 5kg,Groceries,6298.68,2025-06-09,4,2217,Mysuru
2569,Groundnut Oil 1L,Groceries,1530.62,2024-09-11,7,2685,Mangaluru
2570,Extension Board,Electronics,13541.54,2025-08-16,7,1859,Tumakuru
2571,Jam 500g,Groceries,3803.3,2023-12-19,4,1145,Hubballi
2572,Mobile Charger,Electronics,4494.42,2022-09-10,3,2487,Udupi
2573,Honey 500g,Groceries,4646.04,2022-10-19,3,2377,Belagavi
2574,Poha 1kg,Groceries,137.3,2024-12-02,1,1638,Ballari
2575,Paneer 200g,Dairy,3885.08,2024-06-16,8,1612,Mysuru
2576,Marker Pen,Stationery,5092.98,2023-12-01,8,2793,Belagavi
2577,Salt 1kg,Groceries,12691.01,2023-06-08,7,1232,Kalaburagi
2578,Glass Cleaner,Home Care,6841.69,2025-12-24,7,2417,Davanagere
2579,Ball Pen Pack,Stationery,6244.11,2022-07-01,4,2499,Vijayapura
2580,Mineral Water 1L,Beverages,13018.15,2025-09-23,6,2013,Udupi
2581,Hand Wash,Personal Care,9764.43,2022-08-04,7,2772,Belagavi
2582,Mobile Charger,Electronics,7140.14,2023-11-05,5,1860,Kalaburagi
2583,USB Cable,Electronics,7423.79,2022-07-27,6,2461,Davanagere
2584,Extension Board,Electronics,13822.18,2024-06-07,8,2364,Belagavi
2585,Paneer 200g,Dairy,4154.77,2025-03-04,8,1770,Vijayapura
2586,Mouse,Electronics,3739.31,2022-08-09,7,2210,Kalaburagi
2587,Butter 100g,Dairy,158.49,2023-05-04,2,1739,Vijayapura
2588,Lassi 200ml,Beverages,8616.77,2022-03-23,7,1712,Kalaburagi
2589,Body Lotion,Personal Care,3607.51,2024-12-06,8,1077,Tumakuru
2590,File Folder,Stationery,10219.59,2022-02-22,7,1443,Vijayapura
2591,Toothpaste 150g,Personal Care,416.18,2023-11-05,1,1203,Belagavi
2592,Murukku Pack,Snacks,713.35,2023-06-04,1,1735,Kalaburagi
2593,Almonds 500g,Groceries,1431.1,2023-05-25,6,1567,Davanagere
2594,Sunflower Oil 1L,Groceries,13283.68,2025-07-24,6,1539,Mangaluru
2595,Detergent Powder 1kg,Home Care,1572.27,2023-12-15,6,2600,Mangaluru
2596,Bluetooth Speaker,Electronics,3321.45,2025-06-16,2,2103,Udupi
2597,Toilet Cleaner,Home Care,9701.87,2022-07-27,6,2873,Udupi
2598,Curd 500g,Dairy,8579.48,2024-10-15,7,2310,Mangaluru
2599,Energy Drink,Beverages,6085.45,2025-12-19,4,1995,Shivamogga
2600,Cashew 500g,Groceries,6368.57,2022-11-23,8,2965,Mangaluru
2601,Poha 1kg,Groceries,123.26,2025-04-06,1,1636,Ballari
2602,Torch Light,Electronics,7726.24,2025-01-07,5,1365,Tumakuru
2603,Eraser Pack,Stationery,1187.13,2022-07-05,2,2458,Vijayapura
2604,Phone Stand,Electronics,7571.84,2022-10-26,7,2467,Shivamogga
2605,Stapler,Stationery,4714.52,2024-02-28,6,1213,Udupi
2606,Ball Pen Pack,Stationery,2998.36,2023-04-06,2,1907,Bengaluru
2607,Extension Board,Electronics,5673.1,2023-07-15,3,1054,Davanagere
2608,Floor Cleaner 1L,Home Care,8054.91,2023-04-08,4,1902,Kalaburagi
2609,Dishwash Liquid,Home Care,703.56,2023-05-15,3,2976,Bengaluru
2610,Buttermilk 200ml,Beverages,5781.19,2024-04-28,8,2140,Ballari
2611,Oats 1kg,Groceries,8619.71,2024-11-28,4,2190,Tumakuru
2612,File Folder,Stationery,10373.26,2025-12-18,7,2632,Shivamogga
2613,Power Bank 10000mAh,Electronics,16591.22,2023-04-26,7,1656,Ballari
2614,Coconut Oil 1L,Groceries,1304.09,2022-10-03,2,1659,Udupi
2615,Extension Board,Electronics,5046.35,2024-11-05,3,2451,Davanagere
2616,Stapler,Stationery,4433.44,2025-05-22,6,1467,Udupi
2617,Almonds 500g,Groceries,865.47,2025-03-22,4,2714,Bengaluru
2618,Deodorant,Personal Care,3399.97,2024-06-12,8,1133,Mangaluru
2619,Toor Dal 1kg,Groceries,5682.83,2022-04-28,8,2835,Shivamogga
2620,Scrub Pad,Home Care,4400.94,2023-12-27,3,1134,Udupi
2621,Mobile Charger,Electronics,7566.7,2022-02-26,5,2462,Vijayapura
2622,Smart Watch,Electronics,10209.3,2022-10-01,7,1812,Hubballi
2623,Phone Stand,Electronics,7776.6,2025-11-28,8,2382,Belagavi
2624,Vermicelli 500g,Groceries,2373.46,2024-11-06,4,2938,Tumakuru
2625,Mixture Snack,Snacks,13046.82,2025-06-02,6,1109,Udupi
2626,Coconut Oil 1L,Groceries,1260.25,2022-05-26,2,2258,Mysuru
2627,Sketch Pen Set,Stationery,729.4,2023-02-03,7,1510,Vijayapura
2628,Shampoo 180ml,Personal Care,2347.6,2024-10-10,3,2493,Mysuru
2629,Vermicelli 500g,Groceries,1075.38,2024-04-06,2,2176,Udupi
2630,Ice Cream Tub,Dairy,6319.77,2024-08-29,7,1284,Shivamogga
2631,Toothpaste 150g,Personal Care,780.55,2022-12-30,2,2449,Tumakuru
2632,USB Cable,Electronics,9914.88,2023-06-18,8,1823,Hubballi
2633,Toilet Cleaner,Home Care,9987.63,2025-07-20,6,1168,Shivamogga
2634,Sanitary Pads,Personal Care,3673.91,2022-02-11,2,2801,Vijayapura
2635,Groundnut Oil 1L,Groceries,244.22,2022-07-15,1,1346,Bengaluru
2636,Sketch Pen Set,Stationery,89.74,2024-02-27,1,1628,Bengaluru
2637,Oats 1kg,Groceries,14106.2,2022-12-20,6,1387,Kalaburagi
2638,Eraser Pack,Stationery,4731.53,2023-03-24,8,2999,Shivamogga
2639,Butter 100g,Dairy,262.56,2025-03-21,3,1363,Davanagere
2640,Shampoo 180ml,Personal Care,2754.39,2024-06-30,3,1063,Vijayapura
2641,Sugar 1kg,Groceries,3919.8,2023-10-01,2,2915,Belagavi
2642,Paneer 200g,Dairy,3191.42,2025-04-23,6,2062,Mangaluru
2643,Butter 100g,Dairy,644.35,2022-11-14,8,2256,Shivamogga
2644,Deodorant,Personal Care,3145.79,2022-08-27,7,2370,Ballari
2645,Tea Powder 500g,Beverages,6073.47,2022-10-17,6,1491,Davanagere
2646,Face Wash,Personal Care,15220.89,2022-05-01,7,2878,Davanagere
2647,Phone Stand,Electronics,2161.59,2022-07-06,2,2359,Kalaburagi
2648,Poha 1kg,Groceries,983.55,2025-08-10,7,1412,Belagavi
2649,Poha 1kg,Groceries,396.74,2023-02-10,3,1600,Kalaburagi
2650,Namkeen Mix,Snacks,11242.16,2022-06-18,7,2005,Bengaluru
2651,Smart Watch,Electronics,2702.44,2024-09-18,2,2249,Tumakuru
2652,Basmati Rice 5kg,Groceries,12758.19,2023-08-12,8,2579,Kalaburagi
2653,Groundnut Oil 1L,Groceries,220.91,2022-07-02,1,1629,Vijayapura
2654,Peanut Butter,Groceries,2468.88,2022-04-09,3,2095,Bengaluru
2655,Sunflower Oil 1L,Groceries,10906.08,2023-12-22,5,2975,Ballari
2656,Sunflower Oil 1L,Groceries,16373.86,2024-12-09,7,2740,Mangaluru
2657,Keyboard,Electronics,12089.53,2022-04-02,6,2866,Hubballi
2658,Butter 100g,Dairy,748.26,2023-03-30,8,2460,Shivamogga
2659,Filter Coffee 500g,Beverages,375.25,2025-03-15,4,2312,Vijayapura
2660,Wheat Atta 10kg,Groceries,88.95,2023-02-26,1,2844,Udupi
2661,Parle-G Biscuits,Snacks,7350.43,2023-05-08,5,2351,Shivamogga
2662,Shampoo 180ml,Personal Care,6441.68,2024-02-01,7,2880,Tumakuru
2663,Salt 1kg,Groceries,4729.52,2023-05-20,3,2274,Kalaburagi
2664,Power Bank 10000mAh,Electronics,17647.86,2025-12-25,7,2769,Kalaburagi
2665,Basmati Rice 5kg,Groceries,6318.68,2025-08-31,4,2509,Belagavi
2666,Murukku Pack,Snacks,670.63,2024-04-27,1,1773,Belagavi
2667,Face Wash,Personal Care,18206.68,2022-01-22,8,2284,Udupi
2668,Cheese Slices,Dairy,974.82,2024-07-08,1,1264,Kalaburagi
2669,Floor Cleaner 1L,Home Care,4360.36,2022-08-25,2,1326,Davanagere
2670,Tea Powder 500g,Beverages,3222.74,2022-12-09,3,2933,Udupi
2671,USB Cable,Electronics,9042.28,2023-08-10,7,1584,Vijayapura
2672,Power Bank 10000mAh,Electronics,5120.69,2024-03-19,2,2686,Hubballi
2673,Curd 500g,Dairy,9576.67,2024-11-27,8,1074,Davanagere
2674,Scrub Pad,Home Care,2964.58,2022-03-19,2,2707,Tumakuru
2675,Toothpaste 150g,Personal Care,853.77,2022-05-19,2,1496,Tumakuru
2676,Buttermilk 200ml,Beverages,4011.13,2022-10-20,6,1906,Vijayapura
2677,Salt 1kg,Groceries,7157.68,2023-10-14,4,1090,Vijayapura
2678,Wheat Atta 10kg,Groceries,238.28,2023-05-29,3,2888,Mangaluru
2679,Almonds 500g,Groceries,1638.68,2025-08-12,8,1116,Tumakuru
2680,Energy Drink,Beverages,5217.51,2024-11-01,3,1131,Hubballi
2681,Toothpaste 150g,Personal Care,1569.11,2024-06-17,4,1052,Davanagere
2682,Tea Powder 500g,Beverages,4352.21,2023-08-13,4,2141,Mangaluru
2683,Mixture Snack,Snacks,11085.88,2025-11-03,6,1134,Tumakuru
2684,Mouse,Electronics,601.99,2022-12-14,1,2483,Shivamogga
2685,Green Tea,Beverages,658.79,2022-08-01,1,2402,Hubballi
2686,Rice 5kg,Groceries,10124.1,2022-04-30,7,2667,Tumakuru
2687,Oats 1kg,Groceries,4700.0,2025-07-10,2,1073,Vijayapura
2688,Marker Pen,Stationery,1236.62,2024-09-02,2,2920,Vijayapura
2689,Torch Light,Electronics,9840.78,2025-06-15,7,1793,Davanagere
2690,LED Bulb 9W,Electronics,16537.69,2023-12-08,8,2304,Davanagere
2691,Scrub Pad,Home Care,4777.46,2024-01-08,3,1459,Mangaluru
2692,Notebook,Stationery,6807.78,2024-03-06,3,1527,Mangaluru
2693,Green Tea,Beverages,699.69,2023-09-07,1,1295,Bengaluru
2694,Deodorant,Personal Care,3102.11,2025-01-13,7,2745,Hubballi
2695,Khakhra Pack,Snacks,1728.86,2023-12-24,3,1427,Tumakuru
2696,Chocolate Bar,Snacks,16271.01,2024-07-15,7,1910,Tumakuru
2697,Glass Cleaner,Home Care,5579.24,2025-09-24,6,1817,Mangaluru
2698,Sketch Pen Set,Stationery,378.2,2025-12-30,4,1392,Vijayapura
2699,Face Wash,Personal Care,15513.43,2025-01-27,6,2767,Tumakuru
2700,Green Tea,Beverages,3343.63,2022-10-17,5,1964,Mysuru
2701,Marker Pen,Stationery,5253.47,2025-07-01,8,1845,Bengaluru
2702,Hair Oil 200ml,Personal Care,3308.01,2022-11-17,4,2351,Tumakuru
2703,Mouse,Electronics,3853.1,2024-06-26,7,1049,Udupi
2704,Detergent Powder 1kg,Home Care,1773.66,2022-12-19,7,1560,Udupi
2705,Oats 1kg,Groceries,6766.04,2025-03-23,3,2602,Hubballi
2706,Soft Drink 750ml,Beverages,243.56,2023-05-19,7,2778,Udupi
2707,Potato Chips,Snacks,4366.88,2025-06-08,8,2087,Udupi
2708,File Folder,Stationery,1461.95,2022-05-14,1,1176,Bengaluru
2709,Wheat Atta 10kg,Groceries,79.27,2022-07-04,1,1642,Shivamogga
2710,Hair Oil 200ml,Personal Care,2799.11,2023-09-22,3,2722,Mysuru
2711,Ghee 500ml,Groceries,1649.97,2024-07-03,6,1973,Shivamogga
2712,Shampoo 180ml,Personal Care,4149.14,2025-02-24,5,1328,Mangaluru
2713,Mango Juice 1L,Beverages,13050.8,2025-06-20,7,1840,Mangaluru
2714,Corn Flakes,Groceries,19621.54,2023-07-30,8,2414,Hubballi
2715,Parle-G Biscuits,Snacks,5295.73,2022-07-18,3,2548,Bengaluru
2716,Banana Chips,Snacks,10313.28,2024-09-03,7,1350,Bengaluru
2717,Jam 500g,Groceries,6524.76,2025-04-12,6,2172,Mangaluru
2718,Sanitary Pads,Personal Care,2000.19,2025-10-07,1,2161,Shivamogga
2719,Cashew 500g,Groceries,1589.4,2022-05-22,2,1363,Mangaluru
2720,Eraser Pack,Stationery,3270.24,2022-11-03,5,1228,Kalaburagi
2721,Hair Oil 200ml,Personal Care,4915.51,2022-06-20,6,1727,Vijayapura
2722,Bluetooth Speaker,Electronics,1759.71,2025-04-23,1,1856,Mangaluru
2723,Ghee 500ml,Groceries,1269.1,2023-07-28,5,2066,Bengaluru
2724,Smart Watch,Electronics,9089.82,2022-04-17,6,2330,Hubballi
2725,Basmati Rice 5kg,Groceries,7185.01,2024-06-05,5,1692,Bengaluru
2726,Wireless Earphones,Electronics,7914.7,2023-11-13,8,2130,Bengaluru
2727,Potato Chips,Snacks,593.28,2022-02-09,1,1620,Tumakuru
2728,Hair Oil 200ml,Personal Care,6673.91,2022-03-15,8,2424,Kalaburagi
2729,Wireless Earphones,Electronics,6490.77,2024-11-15,7,2749,Tumakuru
2730,Murukku Pack,Snacks,3791.66,2023-12-11,6,2473,Belagavi
2731,Instant Noodles,Groceries,2168.11,2023-07-01,4,1171,Davanagere
2732,Laptop Sleeve,Electronics,1196.75,2023-10-15,2,2765,Ballari
2733,Parle-G Biscuits,Snacks,1733.12,2022-08-08,1,1498,Mysuru
2734,Shampoo 180ml,Personal Care,4731.96,2025-03-17,6,2642,Hubballi
2735,Curd 500g,Dairy,2296.82,2022-01-28,2,2509,Shivamogga
2736,Eraser Pack,Stationery,1176.43,2025-07-06,2,2978,Davanagere
2737,File Folder,Stationery,8958.03,2022-08-05,6,2255,Mysuru
2738,Groundnut Oil 1L,Groceries,664.35,2022-06-16,3,1381,Mysuru
2739,Curd 500g,Dairy,1256.21,2025-11-05,1,1478,Hubballi
2740,Sunflower Oil 1L,Groceries,4364.22,2025-07-04,2,2085,Hubballi
2741,Air Freshener,Home Care,10308.23,2024-10-11,4,2240,Udupi
2742,Toothpaste 150g,Personal Care,3107.19,2025-10-16,8,2213,Bengaluru
2743,Body Lotion,Personal Care,1335.28,2022-06-12,3,1361,Hubballi
2744,Power Bank 10000mAh,Electronics,7852.13,2025-03-24,3,2993,Hubballi
2745,Good Day Biscuits,Snacks,2571.85,2023-10-21,2,2549,Hubballi
2746,Mango Juice 1L,Beverages,14511.33,2025-04-28,7,1608,Vijayapura
2747,Murukku Pack,Snacks,3218.32,2023-05-29,5,2689,Shivamogga
2748,LED Bulb 9W,Electronics,2084.29,2025-10-31,1,1516,Belagavi
2749,Mango Juice 1L,Beverages,3682.92,2024-10-08,2,1705,Udupi
2750,Groundnut Oil 1L,Groceries,1510.72,2024-07-02,7,1025,Udupi
2751,Curd 500g,Dairy,7774.35,2024-01-11,6,2430,Kalaburagi
2752,Lassi 200ml,Beverages,2347.95,2023-10-16,2,1924,Shivamogga
2753,Scrub Pad,Home Care,9642.61,2024-09-28,6,1642,Ballari
2754,Face Wash,Personal Care,9742.61,2022-03-29,4,2415,Shivamogga
2755,Murukku Pack,Snacks,5871.49,2023-10-27,8,2892,Tumakuru
2756,Glass Cleaner,Home Care,7614.86,2022-10-18,8,2512,Tumakuru
2757,Chocolate Bar,Snacks,2517.85,2023-10-11,1,1782,Kalaburagi
2758,Soft Drink 750ml,Beverages,246.05,2024-06-08,7,2621,Kalaburagi
2759,Shampoo 180ml,Personal Care,2639.63,2023-01-12,3,1445,Mysuru
2760,Toor Dal 1kg,Groceries,4887.25,2023-07-09,7,1691,Hubballi
2761,Toor Dal 1kg,Groceries,5495.5,2023-09-14,8,2700,Ballari
2762,Mobile Charger,Electronics,5211.69,2025-05-27,4,2483,Davanagere
2763,Hand Wash,Personal Care,11673.06,2022-11-24,7,1999,Kalaburagi
2764,Groundnut Oil 1L,Groceries,1544.12,2022-05-18,6,2952,Shivamogga
2765,Scrub Pad,Home Care,7459.78,2024-11-28,5,2932,Davanagere
2766,Dishwash Liquid,Home Care,1815.57,2023-09-23,7,2294,Mangaluru
2767,Cashew 500g,Groceries,3824.18,2024-05-28,5,2253,Mysuru
2768,Mineral Water 1L,Beverages,6904.93,2023-11-30,3,2485,Shivamogga
2769,Potato Chips,Snacks,3444.56,2024-08-27,6,1130,Bengaluru
2770,Sanitary Pads,Personal Care,10787.29,2023-03-05,6,2935,Shivamogga
2771,Toilet Cleaner,Home Care,9347.18,2024-09-02,6,2612,Belagavi
2772,Corn Flakes,Groceries,14369.06,2023-11-10,6,2431,Hubballi
2773,Potato Chips,Snacks,3591.63,2025-03-18,6,2989,Hubballi
2774,Jam 500g,Groceries,4255.63,2023-05-26,4,2001,Vijayapura
2775,Air Freshener,Home Care,2381.72,2022-07-15,1,1787,Mangaluru
2776,Eraser Pack,Stationery,3472.48,2024-10-02,6,1948,Vijayapura
2777,Wireless Earphones,Electronics,1898.17,2023-01-31,2,2621,Belagavi
2778,Mixture Snack,Snacks,13010.43,2022-05-01,6,1971,Hubballi
2779,Floor Cleaner 1L,Home Care,2048.47,2025-06-25,1,1989,Ballari
2780,Mixture Snack,Snacks,11062.79,2024-09-19,5,1644,Vijayapura
2781,Stapler,Stationery,3417.33,2025-08-15,4,1386,Vijayapura
2782,Lassi 200ml,Beverages,2221.24,2022-05-05,2,2507,Hubballi
2783,Sketch Pen Set,Stationery,472.97,2024-02-10,5,1867,Udupi
2784,Wheat Atta 10kg,Groceries,390.54,2022-10-23,5,1607,Bengaluru
2785,Urad Dal 1kg,Groceries,3676.63,2024-08-10,7,2589,Mangaluru
2786,Sanitary Pads,Personal Care,12939.06,2025-05-01,7,1910,Shivamogga
2787,Paneer 200g,Dairy,2542.99,2023-02-10,5,2447,Vijayapura
2788,Deodorant,Personal Care,1982.85,2022-09-21,5,1662,Bengaluru
2789,Good Day Biscuits,Snacks,1472.32,2025-02-05,1,1978,Shivamogga
2790,Mixture Snack,Snacks,12971.58,2024-02-08,6,2127,Bengaluru
2791,File Folder,Stationery,10174.63,2024-03-21,7,1365,Shivamogga
2792,Buttermilk 200ml,Beverages,696.34,2023-10-26,1,2159,Vijayapura
2793,Salt 1kg,Groceries,1773.87,2022-09-28,1,2018,Mysuru
2794,Tea Powder 500g,Beverages,2976.18,2024-12-06,3,1335,Udupi
2795,LED Bulb 9W,Electronics,4249.3,2024-01-02,2,1693,Mysuru
2796,Murukku Pack,Snacks,4297.93,2024-10-05,6,1821,Ballari
2797,Groundnut Oil 1L,Groceries,1696.05,2024-03-21,7,2423,Mangaluru
2798,Instant Noodles,Groceries,1154.79,2024-07-07,2,1326,Mysuru
2799,Power Bank 10000mAh,Electronics,9225.76,2025-08-13,4,2400,Ballari
2800,Urad Dal 1kg,Groceries,589.95,2025-11-29,1,1462,Davanagere
2801,Salt 1kg,Groceries,1602.77,2023-04-22,1,2946,Mangaluru
2802,Banana Chips,Snacks,8573.55,2025-07-23,6,2373,Tumakuru
2803,Toor Dal 1kg,Groceries,3504.89,2025-10-03,5,2464,Udupi
2804,Chocolate Bar,Snacks,4254.83,2025-04-22,2,1074,Hubballi
2805,Toilet Cleaner,Home Care,10941.49,2025-12-08,8,1166,Vijayapura
2806,Green Tea,Beverages,2084.35,2022-11-08,3,2099,Bengaluru
2807,File Folder,Stationery,6730.0,2024-02-06,5,2047,Tumakuru
2808,Mango Juice 1L,Beverages,8484.14,2023-06-09,4,1686,Hubballi
2809,Poha 1kg,Groceries,653.85,2025-08-25,5,1585,Davanagere
2810,Urad Dal 1kg,Groceries,4683.34,2025-08-27,8,2376,Ballari
2811,Khakhra Pack,Snacks,2022.27,2022-03-27,4,1794,Mysuru
2812,Detergent Powder 1kg,Home Care,1051.99,2023-09-04,4,2706,Udupi
2813,Dishwash Liquid,Home Care,1263.16,2022-04-22,5,2327,Kalaburagi
2814,Toilet Cleaner,Home Care,7156.53,2022-02-18,5,1635,Bengaluru
2815,Dishwash Liquid,Home Care,835.77,2023-02-27,3,2024,Udupi
2816,Ice Cream Tub,Dairy,5501.94,2024-03-11,6,2233,Mangaluru
2817,Smart Watch,Electronics,11346.3,2023-08-08,8,2629,Kalaburagi
2818,Extension Board,Electronics,3744.63,2022-01-01,2,2747,Bengaluru
2819,Eraser Pack,Stationery,676.76,2023-07-16,1,2905,Bengaluru
2820,Printer Paper,Stationery,16846.99,2025-03-09,8,2969,Mangaluru
2821,Butter 100g,Dairy,83.55,2025-08-15,1,1391,Tumakuru
2822,Green Tea,Beverages,1356.31,2025-08-31,2,1046,Belagavi
2823,Sugar 1kg,Groceries,3546.7,2023-06-23,2,1936,Hubballi
2824,Good Day Biscuits,Snacks,1475.76,2024-09-02,1,1358,Bengaluru
2825,Parle-G Biscuits,Snacks,3410.15,2024-07-21,2,2782,Vijayapura
2826,Corn Flakes,Groceries,11249.82,2025-12-10,5,2154,Davanagere
2827,Tea Powder 500g,Beverages,3017.07,2024-03-25,3,2389,Tumakuru
2828,Urad Dal 1kg,Groceries,573.26,2024-08-11,1,1845,Mangaluru
2829,Wheat Atta 10kg,Groceries,84.6,2023-07-30,1,2454,Belagavi
2830,Scrub Pad,Home Care,6817.02,2022-02-19,4,2375,Belagavi
2831,Face Wash,Personal Care,9938.81,2022-01-04,4,2332,Bengaluru
2832,Oats 1kg,Groceries,15534.73,2025-12-10,7,2001,Hubballi
2833,Sunflower Oil 1L,Groceries,10859.49,2025-05-09,5,1753,Davanagere
2834,Air Freshener,Home Care,7233.94,2024-01-31,3,2488,Ballari
2835,Marker Pen,Stationery,1978.42,2025-08-02,3,1711,Tumakuru
2836,Shampoo 180ml,Personal Care,5892.08,2023-12-13,7,2572,Belagavi
2837,Mixture Snack,Snacks,16789.09,2024-04-15,8,1738,Tumakuru
2838,Curd 500g,Dairy,6856.32,2023-11-13,5,2894,Shivamogga
2839,Torch Light,Electronics,11642.39,2025-01-09,8,2765,Kalaburagi
2840,Bath Soap,Personal Care,1696.56,2025-07-04,1,1298,Vijayapura
2841,Cashew 500g,Groceries,2368.44,2025-03-20,3,1286,Hubballi
2842,Cheese Slices,Dairy,1997.46,2022-08-18,2,2027,Ballari
2843,Salt 1kg,Groceries,3447.68,2023-06-06,2,2914,Ballari
2844,Laptop Sleeve,Electronics,1772.87,2025-11-01,3,2454,Shivamogga
2845,Smart Watch,Electronics,2704.67,2024-02-04,2,2124,Tumakuru
2846,Mouse,Electronics,3885.0,2023-12-21,7,2536,Tumakuru
2847,Paneer 200g,Dairy,2110.14,2024-07-18,4,1319,Udupi
2848,Face Wash,Personal Care,2582.14,2024-10-30,1,2639,Mysuru
2849,Bluetooth Speaker,Electronics,5582.13,2025-11-24,3,2946,Belagavi
2850,LED Bulb 9W,Electronics,13593.78,2023-03-05,7,2110,Kalaburagi
2851,Butter 100g,Dairy,310.53,2022-03-05,4,1606,Mysuru
2852,Detergent Powder 1kg,Home Care,799.18,2025-10-25,3,1147,Mysuru
2853,USB Cable,Electronics,11772.88,2024-05-14,8,2936,Shivamogga
2854,Phone Stand,Electronics,6381.16,2025-05-08,7,1615,Shivamogga
2855,Ice Cream Tub,Dairy,5225.13,2024-05-27,6,2269,Vijayapura
2856,Scrub Pad,Home Care,1664.78,2022-03-06,1,2024,Shivamogga
2857,Almonds 500g,Groceries,207.24,2024-08-27,1,2764,Tumakuru
2858,Stapler,Stationery,1579.83,2025-04-17,2,2271,Shivamogga
2859,Smart Watch,Electronics,1367.6,2024-09-25,1,2555,Mysuru
2860,Air Freshener,Home Care,12478.3,2022-06-19,5,1503,Udupi
2861,File Folder,Stationery,2798.78,2023-11-22,2,1495,Vijayapura
2862,Air Freshener,Home Care,2386.38,2025-02-05,1,2592,Udupi
2863,Sanitary Pads,Personal Care,7479.24,2022-07-14,4,1022,Kalaburagi
2864,Potato Chips,Snacks,616.05,2024-06-29,1,1142,Ballari
2865,Toothpaste 150g,Personal Care,3098.54,2025-03-03,8,1795,Ballari
2866,HDMI Cable,Electronics,2135.71,2022-08-29,1,2430,Ballari
2867,Smart Watch,Electronics,4541.92,2023-08-24,3,2749,Mangaluru
2868,Salt 1kg,Groceries,8662.77,2024-05-23,5,1225,Kalaburagi
2869,Soft Drink 750ml,Beverages,67.89,2024-09-22,2,1511,Bengaluru
2870,Ice Cream Tub,Dairy,2925.52,2022-03-31,3,1620,Mangaluru
2871,Floor Cleaner 1L,Home Care,13661.52,2025-04-10,6,2732,Davanagere
2872,Toilet Cleaner,Home Care,12886.63,2022-08-26,8,1208,Mangaluru
2873,Banana Chips,Snacks,4657.78,2025-05-24,3,2153,Bengaluru
2874,Body Lotion,Personal Care,3460.56,2025-12-02,8,1881,Bengaluru
2875,Sketch Pen Set,Stationery,613.78,2022-08-06,6,1858,Davanagere
2876,Sugar 1kg,Groceries,9114.61,2025-12-08,5,1865,Mysuru
2877,Tea Powder 500g,Beverages,2031.55,2025-09-23,2,1733,Davanagere
2878,Khakhra Pack,Snacks,2333.84,2022-10-09,4,1248,Bengaluru
2879,Mango Juice 1L,Beverages,4093.72,2025-09-23,2,1403,Davanagere
2880,Phone Stand,Electronics,6132.63,2024-09-05,6,1137,Kalaburagi
2881,Toothpaste 150g,Personal Care,2621.0,2022-03-23,7,1476,Hubballi
2882,Mixture Snack,Snacks,9393.33,2025-12-07,5,1801,Bengaluru
2883,Green Tea,Beverages,710.82,2022-01-25,1,1231,Ballari
2884,Laptop Sleeve,Electronics,2867.86,2022-01-19,5,1622,Mangaluru
2885,Ragi Flour 1kg,Groceries,7579.18,2023-03-14,4,1387,Kalaburagi
2886,Air Freshener,Home Care,19707.98,2022-07-22,8,1354,Tumakuru
2887,Instant Noodles,Groceries,1009.58,2022-09-18,2,2757,Ballari
2888,Mixture Snack,Snacks,4036.69,2022-05-29,2,2160,Mangaluru
2889,Extension Board,Electronics,13678.47,2024-01-11,7,2921,Hubballi
2890,Power Bank 10000mAh,Electronics,15533.26,2024-06-03,7,1088,Shivamogga
2891,Cheese Slices,Dairy,880.38,2024-02-05,1,1801,Davanagere
2892,Lassi 200ml,Beverages,4862.1,2022-09-18,4,1982,Vijayapura
2893,Keyboard,Electronics,14008.92,2025-07-25,7,1323,Hubballi
2894,Mineral Water 1L,Beverages,11433.84,2022-06-03,5,1887,Vijayapura
2895,Urad Dal 1kg,Groceries,3666.69,2022-06-23,7,2443,Mangaluru
2896,Torch Light,Electronics,1431.42,2024-03-16,1,1576,Davanagere
2897,HDMI Cable,Electronics,12949.84,2025-01-01,6,2240,Shivamogga
2898,Basmati Rice 5kg,Groceries,11641.21,2024-03-01,8,2552,Udupi
2899,Jam 500g,Groceries,2985.09,2022-07-06,3,2417,Davanagere
2900,Cashew 500g,Groceries,1402.06,2023-07-04,2,2914,Belagavi
2901,Notebook,Stationery,7997.06,2023-10-26,4,2858,Hubballi
2902,Oats 1kg,Groceries,8507.74,2023-09-20,4,1393,Shivamogga
2903,Mouse,Electronics,3933.95,2025-05-09,7,1869,Kalaburagi
2904,Phone Stand,Electronics,4258.95,2022-10-13,4,2643,Udupi
2905,Ball Pen Pack,Stationery,6448.32,2024-01-11,4,2460,Ballari
2906,Instant Noodles,Groceries,3066.78,2024-08-05,6,2192,Ballari
2907,Shampoo 180ml,Personal Care,1805.24,2023-08-20,2,2308,Hubballi
2908,Detergent Powder 1kg,Home Care,1404.98,2025-08-19,6,2659,Davanagere
2909,Green Tea,Beverages,2775.98,2023-07-09,4,2910,Vijayapura
2910,Deodorant,Personal Care,2370.97,2025-05-26,6,1148,Belagavi
2911,Good Day Biscuits,Snacks,10201.34,2024-03-16,7,1007,Mysuru
2912,Face Wash,Personal Care,12993.57,2024-07-20,5,2915,Ballari
2913,Honey 500g,Groceries,8245.75,2024-05-11,5,1408,Belagavi
2914,Sunflower Oil 1L,Groceries,16028.71,2024-09-29,7,2220,Mysuru
2915,Air Freshener,Home Care,16926.35,2022-09-02,7,1287,Mangaluru
2916,Good Day Biscuits,Snacks,8656.8,2022-04-22,6,1085,Mysuru
2917,Mobile Charger,Electronics,2805.06,2023-07-04,2,1261,Mysuru
2918,Namkeen Mix,Snacks,5909.65,2025-09-14,4,2161,Bengaluru
2919,Wheat Atta 10kg,Groceries,158.73,2025-07-02,2,2474,Belagavi
2920,Notebook,Stationery,13784.42,2023-03-28,7,2267,Vijayapura
2921,Peanut Butter,Groceries,4344.45,2023-12-26,5,2722,Hubballi
2922,Soft Drink 750ml,Beverages,36.51,2023-10-11,1,2562,Hubballi
2923,Bath Soap,Personal Care,11531.85,2025-06-16,7,1036,Mangaluru
2924,Curd 500g,Dairy,6760.54,2022-09-13,5,1196,Hubballi
2925,Murukku Pack,Snacks,2587.63,2025-06-02,4,1340,Mangaluru
2926,Floor Cleaner 1L,Home Care,9775.91,2023-05-05,5,2375,Belagavi
2927,Hand Wash,Personal Care,10599.12,2023-04-21,7,1206,Mysuru
2928,Murukku Pack,Snacks,5394.08,2024-02-27,8,2743,Vijayapura
2929,Energy Drink,Beverages,1609.68,2023-07-11,1,1421,Kalaburagi
2930,Smart Watch,Electronics,10376.77,2024-12-09,7,1702,Shivamogga
2931,Toor Dal 1kg,Groceries,5625.05,2024-03-05,8,2717,Davanagere
2932,Lassi 200ml,Beverages,4514.12,2025-12-11,4,1159,Vijayapura
2933,Energy Drink,Beverages,5065.44,2023-03-01,3,1447,Shivamogga
2934,Coconut Oil 1L,Groceries,3992.37,2023-08-19,7,2841,Hubballi
2935,Energy Drink,Beverages,13948.7,2025-11-06,8,2916,Vijayapura
2936,Extension Board,Electronics,3624.51,2022-02-14,2,1797,Vijayapura
2937,Almonds 500g,Groceries,1276.16,2024-10-02,6,1894,Udupi
2938,Sanitary Pads,Personal Care,11746.83,2023-06-07,7,1714,Hubballi
2939,Wireless Earphones,Electronics,6226.17,2023-06-17,6,1981,Mangaluru
2940,Bath Soap,Personal Care,7501.06,2025-08-13,4,2060,Vijayapura
2941,Sketch Pen Set,Stationery,426.0,2024-02-21,4,1747,Bengaluru
2942,Toilet Cleaner,Home Care,3160.17,2022-11-22,2,1190,Vijayapura
2943,Instant Noodles,Groceries,516.12,2024-12-11,1,2909,Belagavi
2944,Sanitary Pads,Personal Care,5257.79,2024-06-11,3,1571,Mangaluru
2945,Toilet Cleaner,Home Care,10220.49,2024-12-02,7,1137,Hubballi
2946,Curd 500g,Dairy,1291.77,2022-12-27,1,1591,Ballari
2947,Air Freshener,Home Care,18686.0,2023-04-29,7,1036,Hubballi
2948,Lassi 200ml,Beverages,2115.52,2022-07-27,2,1552,Mangaluru
2949,Stapler,Stationery,1694.2,2025-02-07,2,2559,Shivamogga
2950,Shampoo 180ml,Personal Care,2608.9,2023-01-18,3,1504,Bengaluru
2951,Poha 1kg,Groceries,422.28,2024-11-17,3,2666,Bengaluru
2952,Pendrive 64GB,Electronics,2065.45,2022-12-09,1,1100,Davanagere
2953,Soft Drink 750ml,Beverages,102.77,2025-06-01,3,2709,Shivamogga
2954,Peanut Butter,Groceries,3971.91,2024-07-20,5,1359,Udupi
2955,Parle-G Biscuits,Snacks,6085.74,2025-05-26,4,2546,Bengaluru
2956,Tea Powder 500g,Beverages,6921.02,2023-08-12,7,1944,Ballari
2957,Smart Watch,Electronics,9907.39,2024-04-07,7,2821,Ballari
2958,Glass Cleaner,Home Care,6096.58,2025-03-28,6,2472,Udupi
2959,Khakhra Pack,Snacks,2710.56,2024-04-14,5,1342,Ballari
2960,Bluetooth Speaker,Electronics,5467.72,2023-02-28,3,1151,Vijayapura
2961,Green Tea,Beverages,3274.12,2024-04-24,5,1784,Tumakuru
2962,Printer Paper,Stationery,11709.76,2024-09-24,6,1407,Bengaluru
2963,Dishwash Liquid,Home Care,1919.09,2022-10-29,7,1922,Vijayapura
2964,Banana Chips,Snacks,7253.37,2022-10-19,5,1034,Hubballi
2965,Body Lotion,Personal Care,2216.22,2024-08-13,5,2460,Davanagere
2966,Green Tea,Beverages,2816.65,2024-05-01,4,2966,Bengaluru
2967,Extension Board,Electronics,5925.07,2022-07-27,3,1606,Shivamogga
2968,Sunflower Oil 1L,Groceries,13302.13,2024-03-02,6,2817,Kalaburagi
2969,Hand Wash,Personal Care,3121.43,2023-12-28,2,2682,Ballari
2970,Instant Noodles,Groceries,3946.55,2024-09-08,8,1139,Shivamogga
2971,Vermicelli 500g,Groceries,2251.97,2024-11-03,4,1340,Bengaluru
2972,Butter 100g,Dairy,270.01,2025-02-24,3,1553,Bengaluru
2973,Urad Dal 1kg,Groceries,2354.2,2024-01-31,4,1050,Davanagere
2974,Khakhra Pack,Snacks,3430.76,2024-07-31,6,1711,Vijayapura
2975,Poha 1kg,Groceries,650.56,2024-11-24,5,2200,Mysuru
2976,Body Lotion,Personal Care,3508.01,2024-11-18,8,1075,Kalaburagi
2977,Instant Noodles,Groceries,1194.83,2022-11-11,2,2911,Tumakuru
2978,Vermicelli 500g,Groceries,4898.23,2025-07-24,8,1548,Mangaluru
2979,Mixture Snack,Snacks,7449.75,2024-02-26,4,1565,Tumakuru
2980,Floor Cleaner 1L,Home Care,1928.29,2022-01-25,1,2953,Mangaluru
2981,Face Wash,Personal Care,16989.47,2024-05-05,7,2638,Mangaluru
2982,Namkeen Mix,Snacks,8933.64,2023-03-08,5,1002,Mysuru
2983,Mango Juice 1L,Beverages,1923.77,2024-09-15,1,2612,Mysuru
2984,Floor Cleaner 1L,Home Care,18383.64,2022-12-06,8,2895,Kalaburagi
2985,Bluetooth Speaker,Electronics,3147.06,2024-07-30,2,2663,Shivamogga
2986,Buttermilk 200ml,Beverages,4346.18,2023-06-13,6,2182,Ballari
2987,Instant Noodles,Groceries,3345.18,2023-10-31,6,2079,Mangaluru
2988,Laptop Sleeve,Electronics,2992.27,2023-05-18,5,1464,Bengaluru
2989,Hand Wash,Personal Care,11687.2,2024-11-08,8,1616,Davanagere
2990,Khakhra Pack,Snacks,588.37,2023-09-08,1,2642,Belagavi
2991,Paneer 200g,Dairy,1556.3,2023-03-25,3,2804,Hubballi
2992,Glass Cleaner,Home Care,3128.82,2025-11-29,3,2111,Ballari
2993,Ghee 500ml,Groceries,1985.2,2024-05-08,7,2161,Shivamogga
2994,Printer Paper,Stationery,4091.88,2025-06-30,2,1986,Kalaburagi
2995,Tea Powder 500g,Beverages,6943.51,2022-04-27,6,1893,Tumakuru
2996,Hand Wash,Personal Care,4513.14,2022-03-04,3,1684,Shivamogga
2997,Good Day Biscuits,Snacks,6494.75,2024-10-04,5,2901,Tumakuru
2998,Jam 500g,Groceries,3928.85,2023-04-27,4,1587,Hubballi
2999,Buttermilk 200ml,Beverages,1964.14,2025-05-09,3,1670,Vijayapura
3000,Energy Drink,Beverages,2937.98,2022-06-18,2,2631,Udupi
3001,Wheat Atta 10kg,Groceries,248.08,2024-10-05,3,2837,Mysuru
3002,Torch Light,Electronics,4843.04,2022-01-05,3,1966,Mangaluru
3003,Sugar 1kg,Groceries,5308.27,2024-01-22,3,2391,Kalaburagi
3004,Coconut Oil 1L,Groceries,1084.84,2023-09-27,2,1677,Mysuru
3005,Sugar 1kg,Groceries,4053.46,2025-06-12,2,1001,Hubballi
3006,Bath Soap,Personal Care,13054.63,2024-10-01,7,1221,Belagavi
3007,Jam 500g,Groceries,5121.42,2024-12-13,5,1147,Vijayapura
3008,Notebook,Stationery,5688.61,2025-05-26,3,2746,Belagavi
3009,Mango Juice 1L,Beverages,4033.97,2023-04-04,2,2412,Belagavi
3010,Sugar 1kg,Groceries,13835.48,2025-09-23,7,1334,Udupi
3011,Air Freshener,Home Care,19233.04,2024-11-08,8,1628,Belagavi
3012,HDMI Cable,Electronics,15468.19,2023-04-27,7,2627,Belagavi
3013,Laptop Sleeve,Electronics,3187.65,2024-08-02,6,1305,Udupi
3014,Soft Drink 750ml,Beverages,33.08,2025-04-18,1,2793,Mysuru
3015,Mixture Snack,Snacks,4458.82,2022-09-16,2,1306,Udupi
3016,Filter Coffee 500g,Beverages,494.89,2025-11-09,5,1656,Vijayapura
3017,LED Bulb 9W,Electronics,15964.27,2022-09-09,8,2905,Kalaburagi
3018,Laptop Sleeve,Electronics,3066.28,2023-03-06,5,2835,Davanagere
3019,HDMI Cable,Electronics,2185.59,2024-03-11,1,1393,Shivamogga
3020,Tea Powder 500g,Beverages,966.43,2023-06-01,1,1798,Mangaluru
3021,Bluetooth Speaker,Electronics,14177.9,2024-03-25,8,2606,Udupi
3022,Poha 1kg,Groceries,990.63,2023-11-01,8,2527,Udupi
3023,Namkeen Mix,Snacks,10657.18,2025-03-06,6,2778,Udupi
3024,Toothpaste 150g,Personal Care,435.54,2022-12-03,1,2955,Belagavi
3025,Chocolate Bar,Snacks,4673.52,2023-11-17,2,1304,Bengaluru
3026,Banana Chips,Snacks,5940.67,2024-10-11,4,2961,Belagavi
3027,Hair Oil 200ml,Personal Care,2522.13,2022-01-19,3,2294,Shivamogga
3028,Cashew 500g,Groceries,4281.95,2022-08-03,6,1989,Ballari
3029,Hair Oil 200ml,Personal Care,3178.17,2025-10-25,4,2349,Udupi
3030,Pendrive 64GB,Electronics,10616.49,2024-12-18,5,2210,Vijayapura
3031,Buttermilk 200ml,Beverages,2672.37,2022-03-22,4,1932,Udupi
3032,Jam 500g,Groceries,5044.69,2024-07-23,5,1092,Belagavi
3033,Vermicelli 500g,Groceries,574.34,2025-07-08,1,2977,Mysuru
3034,Air Freshener,Home Care,18804.2,2025-05-31,7,2172,Hubballi
3035,Ragi Flour 1kg,Groceries,6997.64,2023-09-07,4,2826,Kalaburagi
3036,Sugar 1kg,Groceries,7634.6,2025-04-01,4,1521,Tumakuru
3037,Power Bank 10000mAh,Electronics,2448.29,2022-03-25,1,1455,Davanagere
3038,LED Bulb 9W,Electronics,12742.95,2022-04-08,7,2964,Mysuru
3039,Mobile Charger,Electronics,8782.86,2025-08-03,7,2614,Belagavi
3040,Mineral Water 1L,Beverages,2286.54,2025-04-03,1,1438,Ballari
3041,Phone Stand,Electronics,5335.16,2023-04-26,5,2896,Tumakuru
3042,Corn Flakes,Groceries,13237.07,2025-09-05,6,1411,Bengaluru
3043,Namkeen Mix,Snacks,3142.82,2023-05-18,2,2939,Davanagere
3044,Toor Dal 1kg,Groceries,1300.2,2023-06-13,2,1347,Kalaburagi
3045,Ball Pen Pack,Stationery,7638.46,2024-05-23,5,1418,Udupi
3046,Mango Juice 1L,Beverages,11135.93,2023-08-15,6,1634,Ballari
3047,Instant Noodles,Groceries,994.4,2022-11-15,2,2789,Mysuru
3048,Rice 5kg,Groceries,5865.57,2023-07-08,4,2977,Mangaluru
3049,Parle-G Biscuits,Snacks,12629.51,2024-10-21,8,2569,Ballari
3050,Glass Cleaner,Home Care,1914.89,2025-06-12,2,1570,Mysuru
3051,Coconut Oil 1L,Groceries,1159.57,2024-03-05,2,2652,Hubballi
3052,Marker Pen,Stationery,3574.12,2025-06-24,5,2648,Mysuru
3053,Tea Powder 500g,Beverages,2972.49,2022-11-25,3,2070,Udupi
3054,Stapler,Stationery,3195.6,2025-07-17,4,1720,Bengaluru
3055,Cashew 500g,Groceries,5466.01,2024-06-04,7,1213,Ballari
3056,Khakhra Pack,Snacks,2014.8,2025-06-25,4,2306,Davanagere
3057,Jam 500g,Groceries,2193.02,2023-04-10,2,2710,Kalaburagi
3058,Bluetooth Speaker,Electronics,13432.89,2025-08-08,8,1756,Hubballi
3059,Salt 1kg,Groceries,1682.22,2022-01-08,1,2170,Shivamogga
3060,Toor Dal 1kg,Groceries,4337.71,2024-05-01,6,2536,Bengaluru
3061,Ragi Flour 1kg,Groceries,12965.84,2022-07-16,8,2218,Ballari
3062,Corn Flakes,Groceries,4804.47,2024-08-27,2,2013,Ballari
3063,Instant Noodles,Groceries,3011.56,2022-03-08,6,2611,Kalaburagi
3064,Ragi Flour 1kg,Groceries,6803.63,2024-05-21,4,1601,Bengaluru
3065,Paneer 200g,Dairy,558.18,2025-09-23,1,2975,Mangaluru
3066,Power Bank 10000mAh,Electronics,18734.19,2023-07-29,7,1697,Tumakuru
3067,Filter Coffee 500g,Beverages,515.52,2023-09-24,6,2513,Belagavi
3068,Murukku Pack,Snacks,617.46,2023-08-07,1,1672,Mangaluru
3069,Curd 500g,Dairy,4149.42,2025-05-19,3,2228,Mysuru
3070,Ghee 500ml,Groceries,497.16,2023-06-26,2,2573,Shivamogga
3071,Ragi Flour 1kg,Groceries,3310.31,2023-03-11,2,2193,Mysuru
3072,Toilet Cleaner,Home Care,1449.42,2025-01-31,1,2546,Ballari
3073,Milk 1L,Dairy,3039.54,2025-09-09,5,1610,Mysuru
3074,Khakhra Pack,Snacks,519.28,2024-05-10,1,1191,Kalaburagi
3075,Vermicelli 500g,Groceries,3067.04,2022-10-08,5,1141,Mysuru
3076,Jam 500g,Groceries,922.44,2024-09-03,1,1088,Davanagere
3077,Ghee 500ml,Groceries,1909.25,2023-06-26,7,1326,Vijayapura
3078,Corn Flakes,Groceries,8645.04,2022-12-11,4,1380,Kalaburagi
3079,Oats 1kg,Groceries,4501.57,2022-02-04,2,1964,Hubballi
3080,Potato Chips,Snacks,1780.95,2025-10-29,3,2044,Hubballi
3081,Murukku Pack,Snacks,706.85,2023-07-14,1,2182,Udupi
3082,Face Wash,Personal Care,19333.3,2022-05-02,8,1881,Hubballi
3083,Buttermilk 200ml,Beverages,4446.87,2024-12-16,7,1600,Shivamogga
3084,Banana Chips,Snacks,11352.13,2024-04-22,7,2866,Vijayapura
3085,Notebook,Stationery,9863.36,2022-09-13,5,2448,Tumakuru
3086,USB Cable,Electronics,9722.06,2022-08-23,8,1831,Vijayapura
3087,Face Wash,Personal Care,12427.4,2025-03-26,5,1378,Kalaburagi
3088,Honey 500g,Groceries,3598.47,2023-05-25,2,1272,Udupi
3089,Salt 1kg,Groceries,7469.6,2022-04-06,4,2498,Mysuru
3090,Cheese Slices,Dairy,3075.99,2023-07-21,3,2965,Mysuru
3091,Peanut Butter,Groceries,824.71,2022-08-15,1,2700,Udupi
3092,Wheat Atta 10kg,Groceries,529.07,2023-02-27,7,1916,Mangaluru
3093,Mixture Snack,Snacks,4353.86,2023-10-28,2,1842,Tumakuru
3094,Phone Stand,Electronics,4995.37,2023-02-17,5,2757,Kalaburagi
3095,Mixture Snack,Snacks,7929.87,2023-01-21,4,2782,Kalaburagi
3096,Phone Stand,Electronics,4033.89,2023-07-15,4,1896,Bengaluru
3097,USB Cable,Electronics,1331.84,2022-11-21,1,1126,Bengaluru
3098,Deodorant,Personal Care,2000.26,2022-08-15,5,2805,Belagavi
3099,Mixture Snack,Snacks,9689.56,2024-05-22,5,2576,Bengaluru
3100,Air Freshener,Home Care,5033.63,2023-12-14,2,1621,Kalaburagi
3101,Floor Cleaner 1L,Home Care,15959.0,2023-07-19,8,2720,Davanagere
3102,Ice Cream Tub,Dairy,4309.9,2023-03-28,5,1898,Mangaluru
3103,Toor Dal 1kg,Groceries,2889.84,2024-02-27,4,1449,Ballari
3104,Keyboard,Electronics,5378.23,2024-01-30,3,2070,Belagavi
3105,Butter 100g,Dairy,460.11,2024-11-23,5,2638,Belagavi
3106,Khakhra Pack,Snacks,492.42,2022-08-08,1,1495,Belagavi
3107,USB Cable,Electronics,5677.72,2025-09-30,4,2908,Ballari
3108,Buttermilk 200ml,Beverages,2082.49,2024-12-18,3,1007,Mangaluru
3109,Toor Dal 1kg,Groceries,4438.62,2025-02-08,6,1860,Vijayapura
3110,Cashew 500g,Groceries,734.88,2023-01-19,1,1223,Udupi
3111,Basmati Rice 5kg,Groceries,9657.04,2023-07-11,7,2201,Hubballi
3112,File Folder,Stationery,10221.11,2025-05-17,7,2158,Vijayapura
3113,Coconut Oil 1L,Groceries,1165.95,2025-07-03,2,1402,Hubballi
3114,Poha 1kg,Groceries,143.2,2024-01-01,1,1966,Hubballi
3115,Stapler,Stationery,4807.33,2024-06-01,6,2961,Ballari
3116,Toor Dal 1kg,Groceries,1292.71,2022-10-08,2,1474,Tumakuru
3117,Salt 1kg,Groceries,6748.12,2024-12-31,4,2513,Mysuru
3118,Paneer 200g,Dairy,4284.29,2023-03-29,8,2512,Hubballi
3119,Dishwash Liquid,Home Care,1433.45,2023-06-10,6,1024,Vijayapura
3120,Murukku Pack,Snacks,1498.25,2025-08-09,2,2206,Davanagere
3121,Detergent Powder 1kg,Home Care,484.1,2023-04-30,2,2253,Mysuru
3122,Curd 500g,Dairy,6737.05,2025-01-04,5,2529,Kalaburagi
3123,LED Bulb 9W,Electronics,2011.98,2023-07-22,1,2109,Mangaluru
3124,Phone Stand,Electronics,1096.65,2024-09-29,1,2674,Hubballi
3125,Murukku Pack,Snacks,3765.27,2024-10-28,6,2194,Hubballi
3126,Peanut Butter,Groceries,3601.87,2025-11-27,5,1715,Shivamogga
3127,Sanitary Pads,Personal Care,4965.73,2022-07-19,3,2285,Vijayapura
3128,Toor Dal 1kg,Groceries,3294.49,2022-11-18,5,1480,Udupi
3129,Salt 1kg,Groceries,4784.73,2023-03-05,3,1405,Mangaluru
3130,Ball Pen Pack,Stationery,11340.64,2024-07-09,8,1463,Vijayapura
3131,Banana Chips,Snacks,1368.17,2023-02-23,1,1751,Kalaburagi
3132,Printer Paper,Stationery,14054.13,2022-05-10,7,2708,Mangaluru
3133,Air Freshener,Home Care,15612.73,2024-02-07,7,1072,Ballari
3134,Shampoo 180ml,Personal Care,5573.31,2022-11-19,7,1434,Mysuru
3135,Soft Drink 750ml,Beverages,233.04,2023-04-15,7,2433,Mangaluru
3136,Wireless Earphones,Electronics,6197.17,2022-11-19,6,2698,Vijayapura
3137,Stapler,Stationery,3500.44,2024-05-20,4,1353,Vijayapura
3138,Body Lotion,Personal Care,2140.21,2025-05-26,5,1439,Udupi
3139,Toor Dal 1kg,Groceries,2755.38,2024-02-09,4,2583,Ballari
3140,Glass Cleaner,Home Care,2066.15,2022-08-25,2,2632,Udupi
3141,Potato Chips,Snacks,536.06,2025-12-05,1,2093,Mysuru
3142,Corn Flakes,Groceries,18469.66,2025-08-23,8,2190,Udupi
3143,Banana Chips,Snacks,1486.7,2025-01-08,1,2794,Hubballi
3144,Potato Chips,Snacks,2451.73,2024-11-07,4,2758,Vijayapura
3145,Marker Pen,Stationery,1297.27,2025-02-05,2,1172,Shivamogga
3146,Sketch Pen Set,Stationery,189.64,2023-11-12,2,2125,Mangaluru
3147,Shampoo 180ml,Personal Care,851.33,2023-02-25,1,1287,Hubballi
3148,Sticky Notes,Stationery,1348.02,2025-07-03,2,1906,Mysuru
3149,Namkeen Mix,Snacks,3408.99,2023-10-22,2,1944,Mangaluru
3150,Mobile Charger,Electronics,7550.86,2022-01-24,6,2598,Bengaluru
3151,Laptop Sleeve,Electronics,604.85,2022-03-04,1,1172,Shivamogga
3152,Bath Soap,Personal Care,3210.39,2023-01-25,2,1985,Mysuru
3153,Body Lotion,Personal Care,2430.4,2025-07-15,6,2533,Vijayapura
3154,Urad Dal 1kg,Groceries,1888.76,2023-10-03,3,1777,Kalaburagi
3155,Parle-G Biscuits,Snacks,8570.6,2023-06-19,5,1327,Mysuru
3156,Marker Pen,Stationery,2093.18,2025-03-26,3,2106,Davanagere
3157,Notebook,Stationery,16689.21,2022-06-06,8,1309,Mangaluru
3158,Notebook,Stationery,1999.71,2024-08-18,1,1083,Ballari
3159,Hand Wash,Personal Care,11084.9,2025-05-12,8,1101,Bengaluru
3160,Phone Stand,Electronics,5442.4,2024-02-13,5,1708,Kalaburagi
3161,Cashew 500g,Groceries,1434.48,2024-11-22,2,1564,Ballari
3162,Soft Drink 750ml,Beverages,246.66,2022-09-09,7,1483,Tumakuru
3163,Soft Drink 750ml,Beverages,181.02,2023-10-21,5,1757,Kalaburagi
3164,Sunflower Oil 1L,Groceries,12886.96,2022-12-15,6,2608,Vijayapura
3165,Energy Drink,Beverages,1613.28,2022-03-22,1,2281,Davanagere
3166,Sunflower Oil 1L,Groceries,14715.32,2024-04-20,7,2234,Vijayapura
3167,Corn Flakes,Groceries,19312.97,2022-02-04,8,2582,Vijayapura
3168,Sticky Notes,Stationery,1864.0,2022-05-05,3,1549,Bengaluru
3169,Good Day Biscuits,Snacks,9125.55,2024-12-18,7,1255,Ballari
3170,Sketch Pen Set,Stationery,94.86,2023-06-14,1,2971,Kalaburagi
3171,Shampoo 180ml,Personal Care,6908.41,2023-05-25,8,2057,Hubballi
3172,Energy Drink,Beverages,6422.17,2022-05-12,4,1819,Belagavi
3173,Extension Board,Electronics,5679.12,2022-10-17,3,2427,Tumakuru
3174,Eraser Pack,Stationery,3300.94,2024-12-04,5,2171,Kalaburagi
3175,Laptop Sleeve,Electronics,2767.52,2022-11-21,5,1043,Hubballi
3176,Chocolate Bar,Snacks,6843.5,2024-12-18,3,1883,Hubballi
3177,Paneer 200g,Dairy,2802.03,2023-05-31,5,1169,Davanagere
3178,Salt 1kg,Groceries,11392.06,2025-07-17,7,1799,Mangaluru
3179,Coconut Oil 1L,Groceries,3768.61,2022-03-28,6,1383,Tumakuru
3180,Toilet Cleaner,Home Care,8812.0,2025-10-31,6,1383,Belagavi
3181,Face Wash,Personal Care,2474.64,2024-08-20,1,1773,Belagavi
3182,Murukku Pack,Snacks,3658.16,2024-11-16,5,2180,Ballari
3183,Pendrive 64GB,Electronics,2225.08,2022-08-12,1,1755,Hubballi
3184,Corn Flakes,Groceries,7542.82,2023-07-19,3,1680,Udupi
3185,Banana Chips,Snacks,12111.99,2025-11-28,8,1127,Kalaburagi
3186,Cashew 500g,Groceries,706.65,2025-08-01,1,1118,Belagavi
3187,LED Bulb 9W,Electronics,8760.32,2023-03-04,4,2987,Shivamogga
3188,Face Wash,Personal Care,12178.01,2025-12-22,5,1251,Tumakuru
3189,Floor Cleaner 1L,Home Care,6754.86,2022-07-04,3,1194,Udupi
3190,Mineral Water 1L,Beverages,18400.6,2022-09-11,8,2115,Bengaluru
3191,Lassi 200ml,Beverages,4391.96,2022-07-07,4,2293,Kalaburagi
3192,Hair Oil 200ml,Personal Care,6450.67,2024-04-09,8,2319,Shivamogga
3193,Floor Cleaner 1L,Home Care,2284.06,2022-03-13,1,2482,Mysuru
3194,Milk 1L,Dairy,4730.2,2023-11-02,8,1798,Mysuru
3195,Glass Cleaner,Home Care,7102.62,2024-12-10,7,2827,Bengaluru
3196,Wheat Atta 10kg,Groceries,231.75,2022-02-24,3,2661,Bengaluru
3197,Jam 500g,Groceries,1936.1,2024-04-29,2,1230,Ballari
3198,Potato Chips,Snacks,537.72,2024-02-12,1,1684,Davanagere
3199,Sticky Notes,Stationery,5119.08,2023-08-04,8,2686,Vijayapura
3200,Good Day Biscuits,Snacks,10400.17,2025-06-25,7,2393,Hubballi
3201,Cheese Slices,Dairy,5751.83,2023-12-10,6,1275,Bengaluru
3202,Filter Coffee 500g,Beverages,479.24,2022-09-10,5,2784,Ballari
3203,Sticky Notes,Stationery,3095.31,2023-08-22,5,1463,Hubballi
3204,Cheese Slices,Dairy,7268.69,2022-02-24,8,2202,Mangaluru
3205,Murukku Pack,Snacks,2548.65,2022-11-19,4,2929,Hubballi
3206,Lassi 200ml,Beverages,3177.53,2024-07-13,3,1564,Shivamogga
3207,Cashew 500g,Groceries,4726.64,2023-06-07,7,2913,Bengaluru
3208,Ball Pen Pack,Stationery,4680.14,2024-04-14,3,2927,Udupi
3209,Salt 1kg,Groceries,10455.15,2023-11-23,6,1487,Davanagere
3210,Cheese Slices,Dairy,6481.48,2022-04-05,7,2064,Udupi
3211,Butter 100g,Dairy,180.08,2024-05-23,2,2599,Bengaluru
3212,Salt 1kg,Groceries,7302.07,2022-04-24,4,2066,Hubballi
3213,Ghee 500ml,Groceries,1854.67,2025-05-29,7,1182,Bengaluru
3214,Ice Cream Tub,Dairy,2876.94,2022-05-29,3,1657,Udupi
3215,Dishwash Liquid,Home Care,566.78,2023-03-24,2,1521,Shivamogga
3216,Coconut Oil 1L,Groceries,635.24,2024-11-08,1,2127,Mangaluru
3217,Hand Wash,Personal Care,3052.33,2024-09-20,2,1870,Ballari
3218,Torch Light,Electronics,4516.17,2024-12-10,3,2703,Belagavi
3219,Ball Pen Pack,Stationery,1434.53,2023-09-15,1,2836,Ballari
3220,Rice 5kg,Groceries,13566.25,2023-12-03,8,1612,Hubballi
3221,Scrub Pad,Home Care,4732.36,2023-03-11,3,1479,Kalaburagi
3222,Green Tea,Beverages,1292.02,2025-09-28,2,1759,Davanagere
3223,Toor Dal 1kg,Groceries,703.11,2025-03-02,1,2190,Udupi
3224,Tea Powder 500g,Beverages,5103.4,2023-01-08,5,2915,Bengaluru
3225,Sanitary Pads,Personal Care,9292.71,2022-12-06,5,1826,Vijayapura
3226,Peanut Butter,Groceries,5901.57,2025-03-18,7,2655,Tumakuru
3227,Phone Stand,Electronics,5386.3,2025-08-07,5,2239,Vijayapura
3228,Deodorant,Personal Care,916.67,2023-08-29,2,1298,Ballari
3229,Ghee 500ml,Groceries,1945.15,2025-03-10,7,1509,Mangaluru
3230,Vermicelli 500g,Groceries,1122.26,2024-10-21,2,2818,Belagavi
3231,Oats 1kg,Groceries,9568.95,2023-01-25,4,1222,Mangaluru
3232,Floor Cleaner 1L,Home Care,11204.17,2024-05-30,5,1828,Vijayapura
3233,Corn Flakes,Groceries,2314.94,2025-12-03,1,1048,Ballari
3234,Air Freshener,Home Care,7270.64,2022-08-30,3,1937,Tumakuru
3235,Urad Dal 1kg,Groceries,4289.23,2023-03-19,8,1634,Ballari
3236,Toilet Cleaner,Home Care,5857.49,2025-09-18,4,2234,Shivamogga
3237,HDMI Cable,Electronics,9702.66,2024-12-01,4,1284,Kalaburagi
3238,Corn Flakes,Groceries,2516.89,2023-08-07,1,2696,Bengaluru
3239,Almonds 500g,Groceries,1643.29,2022-08-30,7,1292,Udupi
3240,Oats 1kg,Groceries,14866.52,2025-01-29,7,2648,Mangaluru
3241,Khakhra Pack,Snacks,3266.29,2022-10-28,6,1890,Kalaburagi
3242,Wireless Earphones,Electronics,2026.3,2024-02-23,2,2174,Tumakuru
3243,Almonds 500g,Groceries,1564.92,2023-03-20,7,1031,Ballari
3244,Scrub Pad,Home Care,10346.44,2025-11-05,7,2807,Mangaluru
3245,Face Wash,Personal Care,14568.76,2022-09-04,6,1516,Hubballi
3246,Wireless Earphones,Electronics,6767.05,2023-05-08,7,2204,Belagavi
3247,Keyboard,Electronics,9967.48,2022-03-25,5,2751,Bengaluru
3248,Bath Soap,Personal Care,14718.21,2022-01-03,8,1014,Kalaburagi
3249,Keyboard,Electronics,13884.66,2024-03-08,7,1129,Bengaluru
3250,Parle-G Biscuits,Snacks,11430.88,2022-06-03,7,1167,Kalaburagi
3251,Face Wash,Personal Care,15292.82,2022-02-22,6,1099,Mysuru
3252,Energy Drink,Beverages,1632.28,2023-07-26,1,1165,Belagavi
3253,File Folder,Stationery,3026.51,2023-10-21,2,1112,Davanagere
3254,Murukku Pack,Snacks,2194.82,2024-12-04,3,1402,Vijayapura
3255,Body Lotion,Personal Care,3189.94,2022-04-14,7,2495,Shivamogga
3256,Floor Cleaner 1L,Home Care,10121.2,2024-10-11,5,1903,Davanagere
3257,Mineral Water 1L,Beverages,11190.4,2022-04-30,5,2463,Davanagere
3258,Banana Chips,Snacks,10915.03,2024-04-23,7,2376,Mangaluru
3259,Mineral Water 1L,Beverages,6650.83,2025-02-11,3,2636,Mysuru
3260,Smart Watch,Electronics,12157.9,2022-04-08,8,1330,Vijayapura
3261,Lassi 200ml,Beverages,2440.55,2023-06-24,2,1047,Tumakuru
3262,Sketch Pen Set,Stationery,454.93,2023-02-04,5,1407,Hubballi
3263,Deodorant,Personal Care,1561.2,2022-09-29,4,2955,Shivamogga
3264,Coconut Oil 1L,Groceries,1685.38,2024-04-01,3,1223,Davanagere
3265,Marker Pen,Stationery,1358.22,2023-02-24,2,2740,Mangaluru
3266,Paneer 200g,Dairy,1047.37,2022-01-01,2,1778,Mysuru
3267,Floor Cleaner 1L,Home Care,14074.18,2024-11-17,7,2372,Shivamogga
3268,Potato Chips,Snacks,4529.66,2025-03-20,8,3000,Shivamogga
3269,Energy Drink,Beverages,2995.28,2024-07-05,2,1153,Kalaburagi
3270,Marker Pen,Stationery,3288.06,2025-04-28,5,1101,Udupi
3271,Bath Soap,Personal Care,9557.94,2024-03-21,6,1603,Ballari
3272,Salt 1kg,Groceries,3349.66,2023-08-07,2,1109,Hubballi
3273,Sanitary Pads,Personal Care,7579.18,2022-07-28,4,1816,Davanagere
3274,Stapler,Stationery,1741.9,2024-08-06,2,2518,Davanagere
3275,Laptop Sleeve,Electronics,1832.23,2022-06-03,3,1029,Mangaluru
3276,Sticky Notes,Stationery,1444.79,2025-04-21,2,2099,Mangaluru
3277,Paneer 200g,Dairy,1954.41,2024-05-09,4,1352,Vijayapura
3278,Marker Pen,Stationery,4296.52,2024-10-03,6,2607,Udupi
3279,Lassi 200ml,Beverages,8770.53,2024-05-22,8,2775,Hubballi
3280,Marker Pen,Stationery,2942.1,2024-11-21,4,1363,Ballari
3281,Ragi Flour 1kg,Groceries,11206.38,2023-04-14,7,2173,Davanagere
3282,Toor Dal 1kg,Groceries,5937.39,2025-04-20,8,2116,Udupi
3283,Sticky Notes,Stationery,4609.79,2022-09-01,7,1929,Davanagere
3284,Groundnut Oil 1L,Groceries,1768.32,2024-10-13,7,1484,Tumakuru
3285,Mouse,Electronics,1891.17,2022-02-01,3,1748,Bengaluru
3286,Energy Drink,Beverages,4391.35,2022-12-17,3,1370,Hubballi
3287,File Folder,Stationery,8181.48,2022-11-23,6,1177,Tumakuru
3288,Phone Stand,Electronics,5474.74,2023-11-18,6,2105,Davanagere
3289,Paneer 200g,Dairy,2516.82,2022-11-04,5,2501,Mysuru
3290,Mouse,Electronics,1613.38,2025-03-14,3,1285,Shivamogga
3291,Oats 1kg,Groceries,16793.65,2025-05-01,7,2956,Bengaluru
3292,Corn Flakes,Groceries,11167.64,2025-06-30,5,2248,Ballari
3293,Notebook,Stationery,2265.13,2022-09-17,1,2828,Bengaluru
3294,Vermicelli 500g,Groceries,638.02,2025-11-17,1,2495,Hubballi
3295,Phone Stand,Electronics,7745.57,2025-05-10,7,2468,Udupi
3296,USB Cable,Electronics,6949.53,2023-09-03,5,2808,Vijayapura
3297,Cashew 500g,Groceries,1518.82,2023-08-04,2,1711,Davanagere
3298,File Folder,Stationery,12342.38,2022-03-15,8,2424,Kalaburagi
3299,Body Lotion,Personal Care,863.41,2023-01-02,2,1482,Ballari
3300,Khakhra Pack,Snacks,4222.1,2023-02-06,8,2105,Kalaburagi
3301,Toothpaste 150g,Personal Care,440.79,2024-07-14,1,1563,Tumakuru
3302,Filter Coffee 500g,Beverages,196.04,2025-09-21,2,2994,Davanagere
3303,Bluetooth Speaker,Electronics,13425.19,2022-11-04,8,2756,Vijayapura
3304,Peanut Butter,Groceries,5609.31,2022-11-12,7,2715,Mangaluru
3305,Ragi Flour 1kg,Groceries,7060.75,2022-03-20,4,2620,Kalaburagi
3306,Stapler,Stationery,4988.73,2022-01-02,6,1817,Kalaburagi
3307,Toothpaste 150g,Personal Care,1579.75,2025-11-25,4,1552,Bengaluru
3308,Phone Stand,Electronics,6372.96,2024-03-10,6,1781,Udupi
3309,Eraser Pack,Stationery,3930.53,2025-03-11,6,1079,Bengaluru
3310,Good Day Biscuits,Snacks,3932.99,2025-01-14,3,1361,Udupi
3311,Cashew 500g,Groceries,4221.0,2023-01-09,6,2914,Ballari
3312,Cheese Slices,Dairy,7644.87,2023-02-06,8,1288,Shivamogga
3313,Buttermilk 200ml,Beverages,3171.74,2023-05-21,5,2299,Mangaluru
3314,Stapler,Stationery,4243.9,2023-04-01,5,2775,Hubballi
3315,Marker Pen,Stationery,1324.27,2022-12-03,2,1534,Mysuru
3316,Poha 1kg,Groceries,403.57,2023-11-23,3,2480,Davanagere
3317,Shampoo 180ml,Personal Care,5067.94,2025-03-24,6,1352,Tumakuru
3318,Jam 500g,Groceries,4299.69,2023-04-01,4,1704,Ballari
3319,Lassi 200ml,Beverages,6394.97,2024-10-30,6,1218,Ballari
3320,Cheese Slices,Dairy,5477.24,2025-08-15,6,2003,Ballari
3321,Power Bank 10000mAh,Electronics,18564.87,2025-02-18,7,1665,Bengaluru
3322,Buttermilk 200ml,Beverages,4269.33,2025-10-24,6,1589,Belagavi
3323,Floor Cleaner 1L,Home Care,1992.0,2025-07-10,1,2277,Mysuru
3324,Keyboard,Electronics,4220.55,2022-08-20,2,2872,Davanagere
3325,Mineral Water 1L,Beverages,17077.55,2023-02-12,8,2069,Udupi
3326,Vermicelli 500g,Groceries,2232.68,2022-03-19,4,1177,Shivamogga
3327,Detergent Powder 1kg,Home Care,1682.72,2023-10-29,7,1602,Davanagere
3328,Paneer 200g,Dairy,3280.44,2023-02-19,6,1220,Hubballi
3329,Shampoo 180ml,Personal Care,5306.67,2023-03-16,6,2675,Tumakuru
3330,Air Freshener,Home Care,4688.91,2024-05-22,2,1917,Shivamogga
3331,Salt 1kg,Groceries,1854.38,2023-06-29,1,2952,Mangaluru
3332,Torch Light,Electronics,2812.25,2022-06-28,2,1073,Shivamogga
3333,Shampoo 180ml,Personal Care,6748.76,2024-12-19,8,2942,Mysuru
3334,Jam 500g,Groceries,8107.85,2025-05-24,8,2501,Mangaluru
3335,Scrub Pad,Home Care,1533.81,2022-09-23,1,1482,Ballari
3336,Sketch Pen Set,Stationery,585.97,2022-10-08,6,2916,Shivamogga
3337,Corn Flakes,Groceries,16231.86,2023-10-27,7,2770,Vijayapura
3338,Pendrive 64GB,Electronics,15635.44,2024-07-10,7,2104,Davanagere
3339,Mobile Charger,Electronics,7448.96,2022-10-11,5,2010,Udupi
3340,Cashew 500g,Groceries,4853.78,2025-10-02,6,1573,Ballari
3341,File Folder,Stationery,8867.8,2024-05-14,6,2976,Shivamogga
3342,Ragi Flour 1kg,Groceries,8267.22,2022-09-21,5,1624,Vijayapura
3343,Good Day Biscuits,Snacks,2914.29,2024-05-26,2,1681,Bengaluru
3344,Banana Chips,Snacks,1594.7,2022-03-29,1,1320,Belagavi
3345,Green Tea,Beverages,2886.47,2023-04-21,4,1149,Hubballi
3346,Potato Chips,Snacks,1201.23,2023-10-12,2,1142,Hubballi
3347,Rice 5kg,Groceries,9326.23,2022-03-11,6,2069,Hubballi
3348,Sticky Notes,Stationery,4753.43,2023-01-09,7,2397,Mysuru
3349,Notebook,Stationery,9936.74,2024-11-30,5,2075,Vijayapura
3350,Ice Cream Tub,Dairy,6585.36,2024-10-01,7,1296,Davanagere
3351,Floor Cleaner 1L,Home Care,14701.05,2025-07-29,7,2616,Davanagere
3352,Ball Pen Pack,Stationery,10115.44,2022-01-14,7,1266,Shivamogga
3353,Keyboard,Electronics,6322.56,2023-08-13,3,1429,Mysuru
3354,Sketch Pen Set,Stationery,422.78,2022-12-21,4,2450,Ballari
3355,Paneer 200g,Dairy,1444.05,2022-05-09,3,1259,Hubballi
3356,Lassi 200ml,Beverages,3736.93,2025-08-14,3,1015,Kalaburagi
3357,Basmati Rice 5kg,Groceries,2647.55,2022-01-17,2,2814,Mysuru
3358,Mouse,Electronics,2312.35,2024-09-29,4,1328,Hubballi
3359,Instant Noodles,Groceries,4211.2,2024-12-26,8,1339,Davanagere
3360,Khakhra Pack,Snacks,1114.81,2022-12-29,2,2612,Mangaluru
3361,Almonds 500g,Groceries,1730.58,2023-06-18,8,2530,Shivamogga
3362,Corn Flakes,Groceries,11753.97,2024-02-16,5,1317,Vijayapura
3363,Sugar 1kg,Groceries,10286.45,2022-07-04,6,2047,Kalaburagi
3364,Deodorant,Personal Care,3214.61,2025-02-08,7,1494,Udupi
3365,Paneer 200g,Dairy,3270.8,2023-01-08,7,2472,Davanagere
3366,Good Day Biscuits,Snacks,10259.65,2024-07-25,8,2408,Hubballi
3367,Hair Oil 200ml,Personal Care,7230.79,2023-03-21,8,2897,Vijayapura
3368,HDMI Cable,Electronics,7355.4,2022-03-01,3,1668,Mangaluru
3369,Shampoo 180ml,Personal Care,2631.19,2025-03-06,3,2863,Vijayapura
3370,Dishwash Liquid,Home Care,1957.83,2022-07-26,7,2501,Tumakuru
3371,Poha 1kg,Groceries,274.78,2023-04-29,2,2133,Ballari
3372,Mixture Snack,Snacks,8752.98,2023-10-28,4,2338,Shivamogga
3373,Extension Board,Electronics,7055.74,2023-09-23,4,1547,Tumakuru
3374,Good Day Biscuits,Snacks,11464.85,2024-08-06,8,2510,Udupi
3375,Bluetooth Speaker,Electronics,6406.25,2024-03-16,4,1594,Hubballi
3376,Toor Dal 1kg,Groceries,4011.1,2023-06-04,6,2183,Davanagere
3377,Buttermilk 200ml,Beverages,1267.28,2024-07-04,2,2237,Vijayapura
3378,Body Lotion,Personal Care,416.58,2022-12-24,1,1902,Mysuru
3379,Mango Juice 1L,Beverages,1950.25,2025-09-27,1,2846,Vijayapura
3380,Glass Cleaner,Home Care,8024.79,2023-03-15,8,2005,Udupi
3381,Poha 1kg,Groceries,407.3,2025-02-17,3,2938,Ballari
3382,Extension Board,Electronics,5104.11,2025-10-14,3,2542,Mysuru
3383,Banana Chips,Snacks,8705.42,2022-04-22,6,2123,Hubballi
3384,Shampoo 180ml,Personal Care,930.05,2023-06-28,1,2559,Ballari
3385,Smart Watch,Electronics,11251.67,2024-11-02,8,2769,Vijayapura
3386,Body Lotion,Personal Care,2764.43,2025-11-20,6,2516,Udupi
3387,Green Tea,Beverages,3987.79,2025-07-29,6,2096,Tumakuru
3388,Groundnut Oil 1L,Groceries,221.57,2023-07-24,1,1619,Hubballi
3389,Ice Cream Tub,Dairy,1965.96,2025-03-21,2,1657,Mysuru
3390,Deodorant,Personal Care,824.44,2022-11-30,2,2954,Hubballi
3391,Peanut Butter,Groceries,1448.03,2022-11-02,2,2317,Vijayapura
3392,Bath Soap,Personal Care,10853.03,2022-07-09,6,1621,Hubballi
3393,Scrub Pad,Home Care,8283.11,2024-11-13,5,1395,Bengaluru
3394,Buttermilk 200ml,Beverages,2930.52,2025-03-26,4,1852,Davanagere
3395,Milk 1L,Dairy,2332.89,2024-10-20,4,1191,Vijayapura
3396,Parle-G Biscuits,Snacks,4795.09,2025-07-20,3,1310,Udupi
3397,Soft Drink 750ml,Beverages,68.01,2022-08-30,2,2776,Kalaburagi
3398,Deodorant,Personal Care,2956.77,2025-09-14,7,1286,Bengaluru
3399,Parle-G Biscuits,Snacks,3012.75,2024-02-23,2,1825,Mysuru
3400,Potato Chips,Snacks,1544.29,2025-06-18,3,2478,Bengaluru
3401,Sanitary Pads,Personal Care,5729.31,2025-09-17,3,2521,Ballari
3402,Body Lotion,Personal Care,1670.29,2025-06-29,4,2530,Udupi
3403,Dishwash Liquid,Home Care,249.13,2023-01-30,1,1884,Tumakuru
3404,Cashew 500g,Groceries,2972.05,2025-09-14,4,1367,Davanagere
3405,HDMI Cable,Electronics,11854.52,2022-08-01,5,1307,Belagavi
3406,Shampoo 180ml,Personal Care,1586.01,2022-02-16,2,2618,Ballari
3407,Cheese Slices,Dairy,3051.62,2022-01-18,3,2181,Kalaburagi
3408,Poha 1kg,Groceries,372.87,2023-08-11,3,1770,Mangaluru
3409,Toor Dal 1kg,Groceries,2920.96,2024-01-22,4,2982,Shivamogga
3410,Energy Drink,Beverages,3391.26,2025-09-03,2,1003,Hubballi
3411,Laptop Sleeve,Electronics,3131.92,2025-11-23,6,2195,Davanagere
3412,Toor Dal 1kg,Groceries,1328.0,2024-07-18,2,1243,Mangaluru
3413,Mobile Charger,Electronics,5471.63,2024-01-06,4,2126,Shivamogga
3414,Marker Pen,Stationery,4011.55,2022-09-24,6,1435,Bengaluru
3415,Power Bank 10000mAh,Electronics,5244.41,2022-11-16,2,1053,Mangaluru
3416,Scrub Pad,Home Care,1582.28,2024-01-12,1,2258,Mangaluru
3417,Scrub Pad,Home Care,6502.77,2023-07-24,4,1124,Mangaluru
3418,Mineral Water 1L,Beverages,2262.05,2022-06-24,1,1884,Tumakuru
3419,Jam 500g,Groceries,983.62,2022-09-24,1,1260,Belagavi
3420,Sketch Pen Set,Stationery,192.94,2023-06-19,2,2952,Mangaluru
3421,File Folder,Stationery,1333.63,2025-12-25,1,2775,Belagavi
3422,Sugar 1kg,Groceries,6733.85,2022-02-04,4,2262,Shivamogga
3423,Khakhra Pack,Snacks,4372.26,2025-08-03,8,1925,Shivamogga
3424,Namkeen Mix,Snacks,8335.63,2024-01-30,5,1907,Vijayapura
3425,Almonds 500g,Groceries,1251.08,2022-12-20,6,2937,Hubballi
3426,USB Cable,Electronics,11536.53,2022-10-08,8,2714,Belagavi
3427,Glass Cleaner,Home Care,6058.29,2022-04-01,7,2137,Bengaluru
3428,Good Day Biscuits,Snacks,2489.86,2022-02-24,2,2651,Udupi
3429,Murukku Pack,Snacks,2510.33,2024-03-27,4,1566,Mysuru
3430,Smart Watch,Electronics,4139.66,2022-03-29,3,2115,Bengaluru
3431,Mouse,Electronics,1249.55,2025-10-04,2,1751,Davanagere
3432,Paneer 200g,Dairy,1567.91,2022-08-10,3,2996,Shivamogga
3433,Groundnut Oil 1L,Groceries,1728.22,2024-11-07,8,1087,Tumakuru
3434,Sanitary Pads,Personal Care,3471.08,2024-08-04,2,2460,Hubballi
3435,Vermicelli 500g,Groceries,1280.11,2023-08-13,2,1740,Ballari
3436,Mobile Charger,Electronics,10668.51,2024-03-31,8,1359,Mysuru
3437,Hair Oil 200ml,Personal Care,772.25,2024-06-10,1,1373,Shivamogga
3438,Stapler,Stationery,4762.72,2025-12-11,6,1880,Vijayapura
3439,USB Cable,Electronics,9783.03,2022-09-04,8,2150,Bengaluru
3440,Vermicelli 500g,Groceries,2574.72,2023-02-15,4,2244,Tumakuru
3441,Mango Juice 1L,Beverages,17510.18,2024-06-14,8,2822,Tumakuru
3442,Hand Wash,Personal Care,4205.22,2025-04-13,3,1132,Ballari
3443,LED Bulb 9W,Electronics,6307.01,2024-08-30,3,1039,Bengaluru
3444,Groundnut Oil 1L,Groceries,1155.19,2024-05-21,5,1206,Belagavi
3445,Vermicelli 500g,Groceries,615.05,2022-08-27,1,1104,Davanagere
3446,Jam 500g,Groceries,8276.13,2022-09-12,8,2872,Belagavi
3447,Sugar 1kg,Groceries,1938.41,2023-06-22,1,2200,Hubballi
3448,Marker Pen,Stationery,1455.7,2025-02-26,2,2551,Udupi
3449,File Folder,Stationery,7165.69,2023-10-08,5,1511,Kalaburagi
3450,Tea Powder 500g,Beverages,6762.22,2022-03-28,6,1524,Vijayapura
3451,Lassi 200ml,Beverages,1229.24,2023-09-02,1,2325,Vijayapura
3452,Bluetooth Speaker,Electronics,12706.27,2024-12-19,7,2010,Kalaburagi
3453,Floor Cleaner 1L,Home Care,3987.83,2025-04-23,2,1900,Kalaburagi
3454,Good Day Biscuits,Snacks,9374.01,2025-02-13,7,2536,Belagavi
3455,Paneer 200g,Dairy,3884.99,2022-07-23,7,1305,Hubballi
3456,Smart Watch,Electronics,7640.33,2024-09-20,5,1983,Vijayapura
3457,Wireless Earphones,Electronics,3630.52,2022-12-23,4,2561,Shivamogga
3458,Hand Wash,Personal Care,4326.45,2025-11-11,3,2981,Ballari
3459,Laptop Sleeve,Electronics,2866.33,2022-08-22,5,2251,Davanagere
3460,Wheat Atta 10kg,Groceries,171.0,2023-06-25,2,1339,Tumakuru
3461,Phone Stand,Electronics,2744.33,2024-08-14,3,1105,Ballari
3462,Deodorant,Personal Care,1175.11,2024-04-21,3,1113,Mangaluru
3463,Phone Stand,Electronics,1036.95,2025-09-14,1,2286,Belagavi
3464,Butter 100g,Dairy,162.53,2025-11-02,2,2438,Vijayapura
3465,Peanut Butter,Groceries,6916.52,2022-08-18,8,1172,Davanagere
3466,Toor Dal 1kg,Groceries,3810.7,2024-11-06,5,1063,Mysuru
3467,Marker Pen,Stationery,5165.45,2023-09-15,7,2096,Mangaluru
3468,Mango Juice 1L,Beverages,3997.53,2023-12-31,2,2069,Ballari
3469,Toilet Cleaner,Home Care,13285.0,2024-02-05,8,1897,Bengaluru
3470,Marker Pen,Stationery,1872.13,2022-02-22,3,1532,Ballari
3471,Salt 1kg,Groceries,11826.39,2024-08-27,7,2366,Mysuru
3472,Toothpaste 150g,Personal Care,1583.5,2022-06-24,4,1614,Vijayapura
3473,Khakhra Pack,Snacks,1136.27,2025-09-30,2,1173,Mangaluru
3474,Keyboard,Electronics,16098.24,2025-04-24,8,1554,Mangaluru
3475,Mineral Water 1L,Beverages,16207.76,2024-10-30,7,1309,Davanagere
3476,Cheese Slices,Dairy,7751.42,2022-04-13,8,1548,Bengaluru
3477,Jam 500g,Groceries,5681.84,2022-08-30,6,1530,Mysuru
3478,Honey 500g,Groceries,10625.74,2024-05-24,7,1091,Davanagere
3479,Instant Noodles,Groceries,2032.6,2023-08-05,4,2381,Udupi
3480,Instant Noodles,Groceries,2100.52,2024-02-12,4,1726,Mysuru
3481,Deodorant,Personal Care,2787.2,2025-08-03,7,1093,Vijayapura
3482,Chocolate Bar,Snacks,12499.57,2024-02-10,5,1786,Ballari
3483,Extension Board,Electronics,9945.6,2024-05-29,5,1053,Belagavi
3484,Sanitary Pads,Personal Care,8504.36,2024-06-28,5,1024,Mangaluru
3485,Corn Flakes,Groceries,13024.73,2022-10-19,6,1328,Shivamogga
3486,Honey 500g,Groceries,7010.47,2024-04-12,4,1564,Ballari
3487,Marker Pen,Stationery,1846.94,2025-03-21,3,2967,Hubballi
3488,Wireless Earphones,Electronics,6755.29,2024-10-24,7,1467,Vijayapura
3489,Salt 1kg,Groceries,11025.53,2023-06-14,7,1810,Davanagere
3490,Soft Drink 750ml,Beverages,294.85,2022-05-20,8,1871,Bengaluru
3491,Eraser Pack,Stationery,1159.48,2022-06-01,2,1440,Mysuru
3492,Jam 500g,Groceries,3890.74,2025-05-13,4,2311,Mangaluru
3493,Detergent Powder 1kg,Home Care,1612.85,2023-03-13,7,1974,Udupi
3494,Murukku Pack,Snacks,660.51,2023-05-25,1,1090,Belagavi
3495,Poha 1kg,Groceries,261.97,2025-12-05,2,1045,Mangaluru
3496,Ghee 500ml,Groceries,1420.15,2024-10-11,5,1297,Belagavi
3497,Good Day Biscuits,Snacks,2703.91,2025-08-24,2,1065,Hubballi
3498,Ball Pen Pack,Stationery,7036.59,2025-03-07,5,1853,Tumakuru
3499,Tea Powder 500g,Beverages,8967.07,2024-09-18,8,2837,Udupi
3500,Tea Powder 500g,Beverages,3327.2,2025-05-02,3,2103,Vijayapura
3501,Marker Pen,Stationery,690.39,2022-01-06,1,2775,Tumakuru
3502,Glass Cleaner,Home Care,2650.71,2022-06-13,3,1907,Belagavi
3503,Murukku Pack,Snacks,1442.58,2023-10-31,2,2275,Mangaluru
3504,Cheese Slices,Dairy,7153.62,2025-01-23,7,1865,Vijayapura
3505,Phone Stand,Electronics,4202.82,2025-04-06,4,1811,Udupi
3506,Eraser Pack,Stationery,4862.73,2024-11-03,8,1781,Vijayapura
3507,Basmati Rice 5kg,Groceries,2803.38,2025-04-19,2,1535,Shivamogga
3508,Phone Stand,Electronics,931.82,2025-06-10,1,1277,Udupi
3509,Mineral Water 1L,Beverages,6258.25,2025-11-08,3,2600,Davanagere
3510,Ghee 500ml,Groceries,1124.55,2024-02-21,4,2821,Udupi
3511,Salt 1kg,Groceries,9401.4,2024-08-29,6,1161,Tumakuru
3512,Groundnut Oil 1L,Groceries,1005.12,2025-01-06,4,2542,Ballari
3513,Cheese Slices,Dairy,3693.1,2023-05-25,4,1842,Udupi
3514,Torch Light,Electronics,4056.57,2025-04-01,3,1533,Shivamogga
3515,Green Tea,Beverages,692.2,2022-01-16,1,1101,Bengaluru
3516,Mineral Water 1L,Beverages,12142.83,2023-09-04,5,2087,Vijayapura
3517,USB Cable,Electronics,3682.63,2024-02-10,3,1769,Kalaburagi
3518,Mobile Charger,Electronics,9589.9,2024-04-20,7,1103,Shivamogga
3519,Hand Wash,Personal Care,7135.58,2023-09-29,5,1645,Tumakuru
3520,Ghee 500ml,Groceries,2274.74,2023-11-28,8,2101,Bengaluru
3521,Peanut Butter,Groceries,6765.0,2023-09-24,8,2573,Shivamogga
3522,Floor Cleaner 1L,Home Care,8964.58,2025-05-31,4,1060,Tumakuru
3523,Potato Chips,Snacks,2428.62,2024-01-27,4,1529,Tumakuru
3524,Energy Drink,Beverages,5128.87,2023-01-13,3,2578,Tumakuru
3525,Cashew 500g,Groceries,3359.54,2024-03-23,5,2296,Shivamogga
3526,Lassi 200ml,Beverages,6571.0,2022-04-20,6,1019,Udupi
3527,Namkeen Mix,Snacks,5228.53,2022-08-31,3,1359,Mangaluru
3528,Ball Pen Pack,Stationery,5093.73,2024-07-14,3,1877,Davanagere
3529,Phone Stand,Electronics,7777.88,2022-10-03,8,2565,Shivamogga
3530,Buttermilk 200ml,Beverages,1324.06,2022-08-01,2,1162,Mangaluru
3531,Mobile Charger,Electronics,2551.59,2024-10-27,2,2670,Belagavi
3532,Stapler,Stationery,6170.42,2022-01-13,7,2558,Ballari
3533,Wheat Atta 10kg,Groceries,163.23,2024-11-23,2,1812,Davanagere
3534,Bluetooth Speaker,Electronics,4840.07,2022-06-12,3,1355,Vijayapura
3535,Mineral Water 1L,Beverages,13574.96,2022-01-28,6,2907,Belagavi
3536,Sanitary Pads,Personal Care,6026.81,2024-04-16,3,2624,Belagavi
3537,Bath Soap,Personal Care,11220.45,2022-08-16,7,2884,Mangaluru
3538,Sunflower Oil 1L,Groceries,8981.81,2023-04-14,4,2507,Davanagere
3539,Cashew 500g,Groceries,2909.46,2025-11-27,4,2206,Udupi
3540,Ice Cream Tub,Dairy,917.6,2023-12-19,1,2995,Kalaburagi
3541,Bath Soap,Personal Care,11524.29,2024-11-18,6,1359,Belagavi
3542,Potato Chips,Snacks,1172.31,2025-11-23,2,2539,Hubballi
3543,Pendrive 64GB,Electronics,13620.48,2024-01-12,6,2633,Belagavi
3544,Sunflower Oil 1L,Groceries,2311.12,2024-05-29,1,1522,Belagavi
3545,HDMI Cable,Electronics,12900.54,2024-08-14,6,1694,Udupi
3546,Mixture Snack,Snacks,8669.95,2022-06-07,4,1229,Mangaluru
3547,Face Wash,Personal Care,7805.98,2024-07-05,3,1585,Ballari
3548,Buttermilk 200ml,Beverages,5612.5,2025-06-25,8,2503,Mysuru
3549,Sanitary Pads,Personal Care,15799.33,2024-03-26,8,2565,Hubballi
3550,Extension Board,Electronics,9414.08,2025-10-21,5,2521,Mangaluru
3551,Smart Watch,Electronics,3809.16,2025-02-10,3,2104,Tumakuru
3552,Bath Soap,Personal Care,3781.42,2023-12-26,2,2463,Bengaluru
3553,HDMI Cable,Electronics,2381.93,2022-05-18,1,2243,Tumakuru
3554,Extension Board,Electronics,1740.05,2025-07-25,1,1399,Bengaluru
3555,Ice Cream Tub,Dairy,3569.65,2025-01-21,4,2031,Mangaluru
3556,Wireless Earphones,Electronics,3705.47,2023-04-16,4,2805,Belagavi
3557,Wheat Atta 10kg,Groceries,87.9,2025-12-04,1,2614,Kalaburagi
3558,Paneer 200g,Dairy,1070.4,2024-03-22,2,1903,Davanagere
3559,Pendrive 64GB,Electronics,10581.29,2022-05-18,5,2726,Tumakuru
3560,Almonds 500g,Groceries,624.73,2023-06-05,3,2878,Kalaburagi
3561,Ghee 500ml,Groceries,1288.0,2022-04-20,5,2692,Ballari
3562,Detergent Powder 1kg,Home Care,1556.59,2024-08-31,6,2235,Vijayapura
3563,Dishwash Liquid,Home Care,2163.94,2025-02-05,8,1220,Bengaluru
3564,Torch Light,Electronics,8361.68,2025-05-05,6,1253,Mangaluru
3565,Stapler,Stationery,7009.51,2024-11-15,8,2354,Belagavi
3566,Stapler,Stationery,5957.6,2025-03-09,7,2187,Tumakuru
3567,Jam 500g,Groceries,3234.66,2025-11-15,3,2227,Bengaluru
3568,Basmati Rice 5kg,Groceries,8678.3,2025-12-10,6,1273,Davanagere
3569,Paneer 200g,Dairy,2739.93,2025-10-26,5,1282,Belagavi
3570,Energy Drink,Beverages,5793.93,2022-07-03,4,2766,Udupi
3571,Mineral Water 1L,Beverages,16690.77,2022-12-25,7,1549,Mangaluru
3572,Detergent Powder 1kg,Home Care,1018.52,2022-11-30,4,2068,Hubballi
3573,LED Bulb 9W,Electronics,3761.09,2022-08-19,2,2324,Kalaburagi
3574,Instant Noodles,Groceries,3937.48,2022-11-18,8,2933,Vijayapura
3575,Detergent Powder 1kg,Home Care,752.59,2024-11-20,3,2893,Bengaluru
3576,Peanut Butter,Groceries,2988.87,2022-09-06,4,1092,Mysuru
3577,Wheat Atta 10kg,Groceries,232.8,2022-01-05,3,1034,Mysuru
3578,Mouse,Electronics,4084.43,2024-02-17,7,1235,Bengaluru
3579,Urad Dal 1kg,Groceries,4785.66,2022-09-07,8,1023,Ballari
3580,Milk 1L,Dairy,2636.45,2024-02-25,5,2632,Mysuru
3581,Notebook,Stationery,2250.25,2023-04-27,1,2839,Ballari
3582,Ball Pen Pack,Stationery,9603.06,2025-08-06,6,2933,Mysuru
3583,Jam 500g,Groceries,1058.47,2023-07-20,1,1863,Ballari
3584,Torch Light,Electronics,4140.33,2023-09-26,3,1837,Vijayapura
3585,Ragi Flour 1kg,Groceries,3205.86,2023-02-11,2,2502,Bengaluru
3586,Deodorant,Personal Care,3224.34,2022-01-08,7,1758,Belagavi
3587,Vermicelli 500g,Groceries,4045.15,2022-06-02,7,1679,Bengaluru
3588,Salt 1kg,Groceries,11727.82,2025-09-30,7,1799,Tumakuru
3589,Wireless Earphones,Electronics,1754.1,2025-08-18,2,1805,Shivamogga
3590,Printer Paper,Stationery,4494.35,2025-12-12,2,2722,Hubballi
3591,Notebook,Stationery,2204.76,2025-01-14,1,1664,Mysuru
3592,Khakhra Pack,Snacks,2844.9,2024-08-19,5,1086,Ballari
3593,Buttermilk 200ml,Beverages,658.93,2025-02-24,1,2557,Hubballi
3594,Hand Wash,Personal Care,10817.84,2023-08-26,7,2135,Mangaluru
3595,Energy Drink,Beverages,10414.01,2025-05-27,7,1941,Bengaluru
3596,Sketch Pen Set,Stationery,401.62,2025-02-16,4,2138,Ballari
3597,Sticky Notes,Stationery,1335.81,2025-10-28,2,2353,Kalaburagi
3598,Smart Watch,Electronics,2726.3,2024-01-30,2,2645,Vijayapura
3599,Namkeen Mix,Snacks,4747.66,2022-06-08,3,2167,Davanagere
3600,Energy Drink,Beverages,1658.19,2023-04-30,1,1260,Bengaluru
3601,Curd 500g,Dairy,3767.59,2025-12-07,3,2565,Shivamogga
3602,Deodorant,Personal Care,1245.14,2023-09-12,3,1162,Ballari
3603,Rice 5kg,Groceries,10471.98,2022-05-30,6,2606,Davanagere
3604,Ghee 500ml,Groceries,1626.29,2022-08-30,6,1944,Davanagere
3605,Deodorant,Personal Care,2213.83,2025-10-06,5,2532,Mangaluru
3606,Smart Watch,Electronics,6845.19,2023-01-14,5,2606,Mysuru
3607,Butter 100g,Dairy,246.12,2025-05-31,3,2460,Vijayapura
3608,Khakhra Pack,Snacks,1597.94,2022-12-29,3,1334,Mangaluru
3609,Lassi 200ml,Beverages,8956.54,2025-04-18,8,1153,Davanagere
3610,Sunflower Oil 1L,Groceries,11656.47,2024-01-21,5,1546,Mangaluru
3611,Paneer 200g,Dairy,3190.18,2024-02-03,6,1996,Bengaluru
3612,Ragi Flour 1kg,Groceries,13062.95,2022-09-16,7,1006,Vijayapura
3613,Mixture Snack,Snacks,6501.31,2024-01-22,3,2018,Bengaluru
3614,Peanut Butter,Groceries,870.53,2022-04-12,1,1130,Kalaburagi
3615,Khakhra Pack,Snacks,2341.92,2023-12-02,4,1840,Belagavi
3616,Sunflower Oil 1L,Groceries,16688.05,2022-10-06,8,1571,Davanagere
3617,Shampoo 180ml,Personal Care,2808.91,2025-06-05,3,1672,Udupi
3618,Mobile Charger,Electronics,1266.38,2024-09-21,1,2066,Kalaburagi
3619,Mouse,Electronics,1644.48,2023-06-21,3,2469,Davanagere
3620,LED Bulb 9W,Electronics,3749.21,2024-05-09,2,1149,Tumakuru
3621,Marker Pen,Stationery,3698.73,2022-05-15,6,1121,Shivamogga
3622,Corn Flakes,Groceries,2165.72,2025-03-22,1,1762,Bengaluru
3623,Buttermilk 200ml,Beverages,2170.35,2022-08-12,3,2672,Kalaburagi
3624,Curd 500g,Dairy,7159.8,2022-06-15,6,2531,Bengaluru
3625,Ghee 500ml,Groceries,1178.64,2024-06-21,4,1110,Vijayapura
3626,Banana Chips,Snacks,5384.93,2024-08-04,4,1146,Tumakuru
3627,Jam 500g,Groceries,6223.86,2022-01-10,6,2960,Davanagere
3628,USB Cable,Electronics,2903.4,2025-03-21,2,2609,Belagavi
3629,Corn Flakes,Groceries,14714.07,2023-04-10,6,2661,Kalaburagi
3630,Mixture Snack,Snacks,15937.57,2025-02-11,8,2174,Hubballi
3631,Murukku Pack,Snacks,3790.98,2023-06-11,6,1572,Davanagere
3632,Parle-G Biscuits,Snacks,12190.29,2022-06-30,7,2965,Vijayapura
3633,Keyboard,Electronics,6390.42,2023-02-19,3,2649,Belagavi
3634,Stapler,Stationery,1512.6,2022-05-25,2,1073,Belagavi
3635,Vermicelli 500g,Groceries,544.66,2025-02-23,1,2360,Vijayapura
3636,Khakhra Pack,Snacks,2238.01,2022-05-21,4,1960,Belagavi
3637,Dishwash Liquid,Home Care,1539.78,2024-12-09,6,2565,Hubballi
3638,Cashew 500g,Groceries,2177.93,2022-05-04,3,1831,Belagavi
3639,Marker Pen,Stationery,4346.47,2024-05-29,7,1918,Hubballi
3640,Jam 500g,Groceries,4396.92,2023-05-30,4,2825,Belagavi
3641,Marker Pen,Stationery,2761.81,2022-12-29,4,1652,Hubballi
3642,Energy Drink,Beverages,7832.26,2022-10-10,5,2107,Bengaluru
3643,Vermicelli 500g,Groceries,3197.3,2024-06-28,6,2899,Belagavi
3644,Sunflower Oil 1L,Groceries,15191.01,2025-06-23,7,1688,Shivamogga
3645,Milk 1L,Dairy,3684.29,2022-11-23,6,1422,Vijayapura
3646,Toothpaste 150g,Personal Care,413.22,2025-01-12,1,2919,Shivamogga
3647,Poha 1kg,Groceries,242.82,2025-07-12,2,2434,Belagavi
3648,Urad Dal 1kg,Groceries,1236.48,2022-07-24,2,2948,Mysuru
3649,Butter 100g,Dairy,724.77,2024-03-05,8,1195,Vijayapura
3650,Toor Dal 1kg,Groceries,2033.98,2023-08-28,3,2443,Davanagere
3651,Ice Cream Tub,Dairy,959.32,2022-12-29,1,1345,Kalaburagi
3652,Urad Dal 1kg,Groceries,4189.24,2024-01-30,7,2883,Hubballi
3653,Ragi Flour 1kg,Groceries,9187.75,2022-06-20,5,2398,Mangaluru
3654,Rice 5kg,Groceries,3318.74,2023-01-09,2,1897,Shivamogga
3655,Oats 1kg,Groceries,14139.27,2022-05-02,6,1022,Mangaluru
3656,Chocolate Bar,Snacks,2145.6,2022-08-16,1,1691,Hubballi
3657,Toothpaste 150g,Personal Care,2660.64,2025-09-02,6,2406,Kalaburagi
3658,Jam 500g,Groceries,4945.93,2025-06-18,5,1696,Bengaluru
3659,Body Lotion,Personal Care,2019.37,2024-10-05,5,1205,Davanagere
3660,Face Wash,Personal Care,7129.52,2025-02-01,3,1102,Shivamogga
3661,Jam 500g,Groceries,6179.92,2023-04-18,6,2365,Mysuru
3662,Sunflower Oil 1L,Groceries,2448.09,2023-08-13,1,2961,Kalaburagi
3663,Eraser Pack,Stationery,2763.97,2022-01-25,4,1417,Udupi
3664,Honey 500g,Groceries,2963.86,2023-12-15,2,1259,Bengaluru
3665,Dishwash Liquid,Home Care,1653.71,2025-06-06,7,2431,Belagavi
3666,Tea Powder 500g,Beverages,2150.98,2025-07-07,2,2257,Mysuru
3667,Floor Cleaner 1L,Home Care,13699.55,2025-06-16,6,2827,Mangaluru
3668,Marker Pen,Stationery,3977.69,2023-05-14,6,2863,Shivamogga
3669,Oats 1kg,Groceries,12229.92,2024-01-11,6,1795,Mysuru
3670,Sugar 1kg,Groceries,1812.31,2024-09-24,1,2167,Vijayapura
3671,Wheat Atta 10kg,Groceries,80.35,2024-05-27,1,2932,Ballari
3672,Groundnut Oil 1L,Groceries,475.62,2024-06-18,2,1978,Belagavi
3673,Salt 1kg,Groceries,7466.85,2024-10-22,4,1547,Udupi
3674,Potato Chips,Snacks,2340.3,2025-03-13,4,2738,Belagavi
3675,Basmati Rice 5kg,Groceries,9341.46,2022-02-12,6,1006,Tumakuru
3676,Smart Watch,Electronics,10934.1,2022-11-18,8,1685,Shivamogga
3677,Wheat Atta 10kg,Groceries,305.85,2023-12-14,4,2697,Bengaluru
3678,Filter Coffee 500g,Beverages,708.01,2024-02-17,8,1642,Belagavi
3679,Potato Chips,Snacks,3715.84,2022-08-05,7,1941,Ballari
3680,USB Cable,Electronics,4116.05,2025-07-09,3,1383,Kalaburagi
3681,Peanut Butter,Groceries,2266.17,2023-03-30,3,1631,Shivamogga
3682,Butter 100g,Dairy,154.98,2022-03-07,2,2171,Bengaluru
3683,Torch Light,Electronics,10985.8,2022-04-06,7,1730,Hubballi
3684,Rice 5kg,Groceries,11263.92,2023-05-13,7,1029,Mangaluru
3685,Parle-G Biscuits,Snacks,3187.73,2024-06-28,2,1451,Mangaluru
3686,Buttermilk 200ml,Beverages,647.33,2025-10-21,1,1686,Davanagere
3687,Vermicelli 500g,Groceries,4516.05,2025-03-04,8,2763,Mangaluru
3688,Curd 500g,Dairy,3891.21,2025-04-30,3,2580,Tumakuru
3689,Basmati Rice 5kg,Groceries,4264.23,2023-04-18,3,2953,Hubballi
3690,Chocolate Bar,Snacks,7446.68,2025-11-22,3,1290,Davanagere
3691,Green Tea,Beverages,4273.81,2022-06-09,6,1524,Davanagere
3692,Glass Cleaner,Home Care,998.51,2022-09-16,1,1003,Davanagere
3693,Parle-G Biscuits,Snacks,3459.98,2022-11-28,2,1463,Udupi
3694,Instant Noodles,Groceries,508.57,2024-06-02,1,2435,Mangaluru
3695,Butter 100g,Dairy,235.16,2024-12-10,3,2610,Mysuru
3696,Mouse,Electronics,4913.93,2025-11-06,8,1750,Vijayapura
3697,Butter 100g,Dairy,553.39,2022-08-18,7,2031,Tumakuru
3698,Dishwash Liquid,Home Care,1506.87,2025-02-01,6,1168,Udupi
3699,Jam 500g,Groceries,6089.89,2024-08-07,6,2414,Davanagere
3700,Bath Soap,Personal Care,3419.92,2024-11-24,2,1092,Udupi
3701,Sunflower Oil 1L,Groceries,14513.31,2024-09-07,6,2096,Udupi
3702,Lassi 200ml,Beverages,4230.84,2024-02-08,4,2247,Mangaluru
3703,Keyboard,Electronics,16797.86,2024-11-08,8,1566,Shivamogga
3704,Basmati Rice 5kg,Groceries,1497.52,2024-11-18,1,1283,Mangaluru
3705,Scrub Pad,Home Care,4340.62,2022-12-30,3,2129,Hubballi
3706,Buttermilk 200ml,Beverages,3409.31,2025-07-04,5,2898,Hubballi
3707,Banana Chips,Snacks,4052.31,2022-07-01,3,1569,Belagavi
3708,Smart Watch,Electronics,7223.16,2022-09-27,5,2894,Udupi
3709,Sketch Pen Set,Stationery,181.93,2024-01-08,2,2183,Vijayapura
3710,Hair Oil 200ml,Personal Care,884.35,2025-07-08,1,2505,Bengaluru
3711,Potato Chips,Snacks,581.88,2022-04-14,1,1568,Udupi
3712,Soft Drink 750ml,Beverages,154.66,2022-09-25,4,2469,Davanagere
3713,Bluetooth Speaker,Electronics,11029.54,2022-09-18,6,2425,Mysuru
3714,Extension Board,Electronics,11456.71,2022-03-26,6,2841,Mangaluru
3715,Pendrive 64GB,Electronics,4151.26,2022-04-07,2,1834,Belagavi
3716,Cheese Slices,Dairy,3379.15,2022-04-28,4,1706,Udupi
3717,Mineral Water 1L,Beverages,9948.39,2024-06-20,4,1936,Davanagere
3718,Coconut Oil 1L,Groceries,4518.33,2022-07-16,7,2252,Ballari
3719,Floor Cleaner 1L,Home Care,6706.43,2025-11-01,3,1047,Kalaburagi
3720,Mango Juice 1L,Beverages,3968.81,2025-11-05,2,2521,Mysuru
3721,Air Freshener,Home Care,12068.57,2025-05-30,5,1084,Mangaluru
3722,Honey 500g,Groceries,6080.85,2022-03-01,4,1540,Hubballi
3723,Marker Pen,Stationery,3123.75,2024-03-03,5,1803,Mangaluru
3724,Soft Drink 750ml,Beverages,76.6,2023-02-20,2,2923,Mysuru
3725,Chocolate Bar,Snacks,16921.33,2022-04-25,8,1752,Tumakuru
3726,Corn Flakes,Groceries,15477.38,2024-05-05,6,2724,Tumakuru
3727,Deodorant,Personal Care,415.3,2025-12-05,1,1807,Mangaluru
3728,Milk 1L,Dairy,3826.96,2022-05-04,7,1621,Vijayapura
3729,Notebook,Stationery,9970.26,2022-03-16,5,1904,Tumakuru
3730,Cheese Slices,Dairy,3890.92,2025-05-23,4,2578,Hubballi
3731,Floor Cleaner 1L,Home Care,14388.51,2023-09-12,7,2326,Vijayapura
3732,Energy Drink,Beverages,4745.07,2022-09-23,3,2734,Mangaluru
3733,Ice Cream Tub,Dairy,2737.63,2022-08-29,3,1182,Belagavi
3734,Mixture Snack,Snacks,9562.07,2024-04-21,5,2363,Mangaluru
3735,Cashew 500g,Groceries,4219.43,2022-11-06,6,1208,Kalaburagi
3736,Keyboard,Electronics,1957.63,2024-10-06,1,2944,Vijayapura
3737,Eraser Pack,Stationery,1323.89,2024-04-14,2,1303,Kalaburagi
3738,LED Bulb 9W,Electronics,10932.11,2025-12-27,5,1174,Kalaburagi
3739,Mineral Water 1L,Beverages,15259.52,2023-02-16,7,2147,Shivamogga
3740,LED Bulb 9W,Electronics,6332.1,2023-07-31,3,2940,Davanagere
3741,Toothpaste 150g,Personal Care,2514.68,2024-01-17,6,2089,Hubballi
3742,Floor Cleaner 1L,Home Care,8081.04,2023-02-19,4,2945,Bengaluru
3743,LED Bulb 9W,Electronics,3702.65,2024-01-20,2,2738,Kalaburagi
3744,Sketch Pen Set,Stationery,781.85,2024-02-05,8,2473,Belagavi
3745,Green Tea,Beverages,5990.9,2024-03-10,8,2877,Udupi
3746,Oats 1kg,Groceries,10965.59,2024-07-17,5,1823,Vijayapura
3747,Wireless Earphones,Electronics,6266.89,2024-01-09,6,2981,Hubballi
3748,Hand Wash,Personal Care,9301.98,2023-07-09,6,1805,Tumakuru
3749,Mineral Water 1L,Beverages,17497.37,2022-05-11,7,1883,Hubballi
3750,Mobile Charger,Electronics,3816.37,2023-12-04,3,1585,Shivamogga
3751,Toor Dal 1kg,Groceries,712.28,2025-06-20,1,2879,Belagavi
3752,Keyboard,Electronics,4133.78,2023-01-15,2,2558,Tumakuru
3753,Mineral Water 1L,Beverages,6621.38,2024-01-31,3,2180,Tumakuru
3754,Cheese Slices,Dairy,5013.16,2023-01-08,5,1232,Hubballi
3755,Wheat Atta 10kg,Groceries,704.82,2023-07-20,8,1280,Hubballi
3756,Green Tea,Beverages,1352.26,2024-02-28,2,1251,Belagavi
3757,Sunflower Oil 1L,Groceries,11499.43,2025-04-10,5,1401,Hubballi
3758,Mango Juice 1L,Beverages,15023.6,2023-09-09,7,2591,Shivamogga
3759,Basmati Rice 5kg,Groceries,6060.98,2022-04-25,4,1928,Vijayapura
3760,Murukku Pack,Snacks,2814.5,2024-07-26,4,1463,Mysuru
3761,Toor Dal 1kg,Groceries,706.87,2025-11-06,1,2497,Mysuru
3762,Bluetooth Speaker,Electronics,11172.32,2022-10-18,6,2909,Mysuru
3763,Milk 1L,Dairy,3528.42,2024-07-03,6,1190,Ballari
3764,Mobile Charger,Electronics,7761.65,2024-01-13,6,2671,Kalaburagi
3765,Mobile Charger,Electronics,4111.29,2024-11-01,3,2634,Davanagere
3766,Power Bank 10000mAh,Electronics,13004.06,2025-08-25,5,2824,Kalaburagi
3767,Bluetooth Speaker,Electronics,1584.68,2023-02-02,1,2317,Mangaluru
3768,Torch Light,Electronics,1526.06,2024-04-21,1,2632,Shivamogga
3769,Mixture Snack,Snacks,8766.33,2024-08-05,4,1928,Mangaluru
3770,Peanut Butter,Groceries,5491.09,2023-10-26,7,1833,Hubballi
3771,Face Wash,Personal Care,17249.05,2023-07-25,8,2866,Bengaluru
3772,Torch Light,Electronics,1594.7,2025-07-12,1,2435,Shivamogga
3773,Soft Drink 750ml,Beverages,313.95,2022-05-09,8,1051,Shivamogga
3774,Poha 1kg,Groceries,121.25,2022-11-08,1,1991,Kalaburagi
3775,Shampoo 180ml,Personal Care,2366.37,2023-01-17,3,1655,Davanagere
3776,Phone Stand,Electronics,3734.78,2022-02-24,4,2238,Belagavi
3777,Toilet Cleaner,Home Care,3197.88,2023-03-22,2,2563,Tumakuru
3778,Sketch Pen Set,Stationery,199.0,2022-12-03,2,2861,Bengaluru
3779,Hair Oil 200ml,Personal Care,1606.29,2025-06-28,2,1709,Shivamogga
3780,Soft Drink 750ml,Beverages,236.46,2022-02-24,7,2231,Kalaburagi
3781,Toothpaste 150g,Personal Care,3429.08,2023-12-06,8,1262,Udupi
3782,Green Tea,Beverages,4534.79,2025-09-12,6,2399,Hubballi
3783,LED Bulb 9W,Electronics,5663.51,2025-08-03,3,2420,Davanagere
3784,Toilet Cleaner,Home Care,6546.73,2025-05-20,4,2246,Mangaluru
3785,Rice 5kg,Groceries,7809.86,2024-08-28,5,2416,Udupi
3786,Floor Cleaner 1L,Home Care,12031.83,2023-04-10,6,1867,Tumakuru
3787,Curd 500g,Dairy,8360.85,2024-08-19,6,1814,Mysuru
3788,Sunflower Oil 1L,Groceries,16237.55,2023-01-19,8,1797,Vijayapura
3789,Bluetooth Speaker,Electronics,3617.42,2022-11-21,2,2700,Hubballi
3790,Energy Drink,Beverages,1468.36,2024-10-03,1,1256,Mangaluru
3791,Cheese Slices,Dairy,1821.4,2025-02-07,2,1456,Ballari
3792,Corn Flakes,Groceries,7366.88,2024-10-06,3,2365,Kalaburagi
3793,Hand Wash,Personal Care,7705.44,2023-06-13,5,2597,Tumakuru
3794,Scrub Pad,Home Care,6202.91,2023-06-22,4,1269,Mangaluru
3795,Detergent Powder 1kg,Home Care,1096.47,2022-11-09,4,1291,Mangaluru
3796,Keyboard,Electronics,1996.88,2025-05-29,1,1599,Belagavi
3797,Soft Drink 750ml,Beverages,219.33,2025-10-04,6,2758,Udupi
3798,Oats 1kg,Groceries,6866.22,2025-09-23,3,2404,Kalaburagi
3799,Toothpaste 150g,Personal Care,1273.78,2023-12-26,3,1830,Bengaluru
3800,Energy Drink,Beverages,5097.04,2025-06-19,3,1692,Hubballi
3801,Green Tea,Beverages,766.15,2023-05-12,1,2707,Kalaburagi
3802,Scrub Pad,Home Care,5871.64,2025-08-19,4,1235,Ballari
3803,Groundnut Oil 1L,Groceries,1153.74,2024-10-04,5,1565,Mysuru
3804,LED Bulb 9W,Electronics,2015.84,2023-10-08,1,1470,Ballari
3805,Basmati Rice 5kg,Groceries,2992.63,2023-10-26,2,1305,Bengaluru
3806,Phone Stand,Electronics,1907.74,2024-02-29,2,1358,Tumakuru
3807,Phone Stand,Electronics,1012.27,2023-08-11,1,2360,Tumakuru
3808,Toilet Cleaner,Home Care,12518.69,2024-03-01,8,1130,Shivamogga
3809,Mobile Charger,Electronics,10101.32,2023-10-15,8,1515,Vijayapura
3810,Filter Coffee 500g,Beverages,306.31,2025-09-13,3,1138,Shivamogga
3811,Curd 500g,Dairy,9763.89,2023-07-03,7,1148,Mysuru
3812,Oats 1kg,Groceries,12712.75,2023-07-11,6,1035,Vijayapura
3813,Laptop Sleeve,Electronics,1145.04,2024-02-09,2,2214,Hubballi
3814,Jam 500g,Groceries,5947.98,2024-10-14,6,1733,Mangaluru
3815,Groundnut Oil 1L,Groceries,1999.27,2022-10-08,8,1038,Belagavi
3816,Bath Soap,Personal Care,13427.82,2025-09-27,7,1031,Mysuru
3817,Eraser Pack,Stationery,4644.92,2025-09-17,8,1184,Mangaluru
3818,Basmati Rice 5kg,Groceries,3159.65,2025-03-16,2,1499,Udupi
3819,Hand Wash,Personal Care,10634.67,2025-03-06,7,2326,Davanagere
3820,Khakhra Pack,Snacks,546.75,2024-12-07,1,1972,Hubballi
3821,Filter Coffee 500g,Beverages,277.55,2024-09-17,3,1474,Mysuru
3822,Lassi 200ml,Beverages,3218.07,2025-08-28,3,1798,Kalaburagi
3823,Urad Dal 1kg,Groceries,5009.83,2025-11-25,8,2182,Ballari
3824,Stapler,Stationery,6609.51,2024-05-10,8,1722,Hubballi
3825,Sticky Notes,Stationery,2923.18,2025-11-03,4,2171,Udupi
3826,Basmati Rice 5kg,Groceries,5360.49,2022-07-07,4,2291,Tumakuru
3827,Vermicelli 500g,Groceries,2743.59,2024-11-15,5,2377,Udupi
3828,Honey 500g,Groceries,9244.41,2022-09-13,6,1297,Bengaluru
3829,Mango Juice 1L,Beverages,4106.37,2023-12-22,2,2725,Bengaluru
3830,Almonds 500g,Groceries,1850.26,2023-07-12,8,1580,Vijayapura
3831,Sticky Notes,Stationery,5694.67,2023-08-05,8,1983,Bengaluru
3832,Sunflower Oil 1L,Groceries,2071.99,2025-02-23,1,1951,Tumakuru
3833,Basmati Rice 5kg,Groceries,7324.13,2024-06-10,5,2017,Tumakuru
3834,Printer Paper,Stationery,17577.5,2023-09-26,8,2813,Mysuru
3835,Chocolate Bar,Snacks,9157.28,2023-12-13,4,1874,Udupi
3836,Sugar 1kg,Groceries,9893.1,2022-03-09,5,1048,Tumakuru
3837,Extension Board,Electronics,10571.6,2023-03-28,6,1964,Hubballi
3838,Sugar 1kg,Groceries,14153.17,2025-03-03,7,1874,Vijayapura
3839,Toothpaste 150g,Personal Care,3206.68,2022-08-14,8,2808,Kalaburagi
3840,Oats 1kg,Groceries,12205.83,2025-11-26,6,1779,Hubballi
3841,Poha 1kg,Groceries,486.4,2024-01-30,4,2216,Davanagere
3842,Wheat Atta 10kg,Groceries,239.59,2022-08-14,3,1331,Ballari
3843,Mango Juice 1L,Beverages,15868.17,2023-02-27,8,1874,Belagavi
3844,LED Bulb 9W,Electronics,4329.08,2025-06-11,2,1594,Ballari
3845,Eraser Pack,Stationery,3874.52,2023-12-16,6,2890,Belagavi
3846,Murukku Pack,Snacks,4534.07,2023-11-08,7,2544,Belagavi
3847,Ball Pen Pack,Stationery,5976.28,2023-06-12,4,2609,Mysuru
3848,Basmati Rice 5kg,Groceries,2842.99,2025-05-20,2,2207,Hubballi
3849,Lassi 200ml,Beverages,4941.0,2023-06-14,4,1565,Vijayapura
3850,Sanitary Pads,Personal Care,8640.97,2023-07-07,5,2797,Tumakuru
3851,Power Bank 10000mAh,Electronics,2445.9,2025-10-16,1,2714,Kalaburagi
3852,Corn Flakes,Groceries,6574.48,2022-04-08,3,2216,Shivamogga
3853,Pendrive 64GB,Electronics,13673.76,2024-09-03,7,2482,Hubballi
3854,Peanut Butter,Groceries,3681.65,2022-11-19,5,1213,Bengaluru
3855,Peanut Butter,Groceries,5928.2,2025-11-16,8,1355,Mysuru
3856,Scrub Pad,Home Care,1600.43,2023-09-10,1,2842,Ballari
3857,Almonds 500g,Groceries,834.4,2025-12-24,4,2607,Tumakuru
3858,Green Tea,Beverages,4232.91,2025-04-14,6,1271,Mangaluru
3859,Sugar 1kg,Groceries,6662.23,2023-09-11,4,1570,Vijayapura
3860,Hand Wash,Personal Care,7471.82,2022-05-12,5,1304,Udupi
3861,Buttermilk 200ml,Beverages,2743.65,2022-02-26,4,1290,Udupi
3862,Coconut Oil 1L,Groceries,1107.76,2022-08-24,2,1418,Udupi
3863,Glass Cleaner,Home Care,6179.71,2023-12-31,6,2083,Udupi
3864,Mineral Water 1L,Beverages,15024.54,2025-04-07,7,1691,Kalaburagi
3865,Air Freshener,Home Care,2501.42,2024-05-31,1,2989,Mysuru
3866,Peanut Butter,Groceries,3486.15,2023-06-19,4,2446,Shivamogga
3867,Instant Noodles,Groceries,2547.34,2025-11-25,5,1671,Tumakuru
3868,Ice Cream Tub,Dairy,3391.83,2023-04-02,4,2914,Ballari
3869,Instant Noodles,Groceries,2964.82,2023-02-24,6,1608,Mangaluru
3870,Face Wash,Personal Care,15609.6,2025-10-05,7,2518,Mangaluru
3871,Sugar 1kg,Groceries,6935.12,2024-07-25,4,1600,Mangaluru
3872,Power Bank 10000mAh,Electronics,16038.27,2022-08-09,7,1039,Belagavi
3873,Toilet Cleaner,Home Care,12657.92,2024-05-01,8,2034,Udupi
3874,Phone Stand,Electronics,7471.71,2025-01-11,7,2703,Bengaluru
3875,Sugar 1kg,Groceries,11545.68,2022-10-16,6,2166,Belagavi
3876,Energy Drink,Beverages,1485.7,2025-09-01,1,1184,Kalaburagi
3877,Phone Stand,Electronics,7984.09,2023-08-09,8,1132,Davanagere
3878,Power Bank 10000mAh,Electronics,10694.09,2023-09-11,4,1426,Shivamogga
3879,Groundnut Oil 1L,Groceries,668.43,2024-01-21,3,2940,Bengaluru
3880,Mango Juice 1L,Beverages,6436.85,2025-06-02,3,2934,Belagavi
3881,Namkeen Mix,Snacks,11021.65,2024-07-07,7,2540,Shivamogga
3882,Mango Juice 1L,Beverages,7590.98,2024-12-01,4,1314,Vijayapura
3883,Toilet Cleaner,Home Care,1406.87,2022-10-03,1,1677,Tumakuru
3884,Peanut Butter,Groceries,1509.72,2022-01-21,2,1471,Bengaluru
3885,Floor Cleaner 1L,Home Care,8068.98,2024-08-17,4,1904,Mysuru
3886,Good Day Biscuits,Snacks,10144.12,2024-01-18,7,2911,Bengaluru
3887,Body Lotion,Personal Care,2888.19,2024-09-06,7,2249,Vijayapura
3888,Almonds 500g,Groceries,1241.69,2022-04-27,6,1356,Belagavi
3889,Torch Light,Electronics,8308.21,2022-06-10,6,2929,Mangaluru
3890,Toilet Cleaner,Home Care,8065.75,2022-12-16,5,1482,Bengaluru
3891,Dishwash Liquid,Home Care,1355.62,2022-09-27,5,1096,Mangaluru
3892,Marker Pen,Stationery,3391.58,2025-04-05,5,2658,Udupi
3893,Toor Dal 1kg,Groceries,1391.28,2022-11-30,2,2962,Mangaluru
3894,Phone Stand,Electronics,2905.83,2024-02-04,3,1120,Davanagere
3895,Murukku Pack,Snacks,3520.01,2025-01-24,5,1948,Udupi
3896,Paneer 200g,Dairy,4221.7,2025-11-16,8,2015,Shivamogga
3897,Power Bank 10000mAh,Electronics,15690.65,2025-05-15,7,2917,Mangaluru
3898,Power Bank 10000mAh,Electronics,2378.0,2025-08-03,1,2110,Hubballi
3899,Stapler,Stationery,5974.51,2025-10-19,8,1961,Kalaburagi
3900,Mixture Snack,Snacks,12178.42,2022-05-12,6,1369,Mangaluru
3901,Ragi Flour 1kg,Groceries,1874.32,2025-04-12,1,2602,Udupi
3902,Cashew 500g,Groceries,5054.5,2024-12-29,7,1578,Udupi
3903,USB Cable,Electronics,4411.7,2024-09-21,3,1511,Kalaburagi
3904,Face Wash,Personal Care,19432.27,2022-06-06,8,2627,Mangaluru
3905,Butter 100g,Dairy,236.04,2022-04-07,3,1245,Ballari
3906,Deodorant,Personal Care,402.76,2023-12-11,1,2410,Ballari
3907,Chocolate Bar,Snacks,2422.38,2022-06-01,1,1931,Bengaluru
3908,Smart Watch,Electronics,7277.46,2025-07-12,5,2910,Hubballi
3909,Mineral Water 1L,Beverages,6661.77,2025-04-18,3,2990,Vijayapura
3910,Eraser Pack,Stationery,3281.02,2022-12-31,5,2226,Shivamogga
3911,Parle-G Biscuits,Snacks,12014.67,2022-12-26,8,1292,Davanagere
3912,Ice Cream Tub,Dairy,4392.5,2025-02-15,5,1931,Mangaluru
3913,Mango Juice 1L,Beverages,1962.2,2023-08-16,1,1307,Mangaluru
3914,Parle-G Biscuits,Snacks,10682.16,2025-10-22,7,1657,Kalaburagi
3915,Power Bank 10000mAh,Electronics,18225.63,2023-01-29,7,2862,Hubballi
3916,Rice 5kg,Groceries,6040.76,2023-08-17,4,1603,Belagavi
3917,Body Lotion,Personal Care,427.06,2024-11-28,1,2023,Ballari
3918,Mineral Water 1L,Beverages,12387.88,2024-08-09,6,1043,Mangaluru
3919,Wheat Atta 10kg,Groceries,503.39,2024-02-13,6,2569,Ballari
3920,Almonds 500g,Groceries,445.53,2023-10-04,2,1389,Kalaburagi
3921,Sanitary Pads,Personal Care,13916.13,2025-12-08,8,2851,Mangaluru
3922,Cheese Slices,Dairy,6743.2,2023-03-05,7,1328,Vijayapura
3923,Ragi Flour 1kg,Groceries,11711.17,2023-01-14,7,1927,Davanagere
3924,Air Freshener,Home Care,15719.3,2022-11-24,6,2868,Shivamogga
3925,Oats 1kg,Groceries,5945.23,2022-06-14,3,2815,Tumakuru
3926,Almonds 500g,Groceries,404.54,2025-05-23,2,1275,Bengaluru
3927,HDMI Cable,Electronics,13675.61,2022-11-19,6,1310,Vijayapura
3928,Notebook,Stationery,3797.72,2024-04-20,2,1448,Bengaluru
3929,Soft Drink 750ml,Beverages,208.74,2025-09-23,6,2436,Vijayapura
3930,Khakhra Pack,Snacks,2130.65,2024-08-06,4,2369,Udupi
3931,Soft Drink 750ml,Beverages,236.27,2025-06-28,7,2481,Belagavi
3932,Laptop Sleeve,Electronics,1537.05,2024-02-12,3,1156,Shivamogga
3933,Phone Stand,Electronics,5177.35,2022-02-25,5,2324,Kalaburagi
3934,Instant Noodles,Groceries,2996.79,2023-02-24,6,2483,Mysuru
3935,Floor Cleaner 1L,Home Care,1928.12,2025-03-21,1,2095,Hubballi
3936,Mango Juice 1L,Beverages,4294.35,2022-06-21,2,1363,Mangaluru
3937,Butter 100g,Dairy,271.95,2024-02-02,3,2535,Belagavi
3938,Keyboard,Electronics,4053.25,2025-01-07,2,1315,Tumakuru
3939,Marker Pen,Stationery,4822.27,2024-04-02,7,1611,Bengaluru
3940,Paneer 200g,Dairy,1032.57,2023-06-21,2,2140,Ballari
3941,Groundnut Oil 1L,Groceries,1586.37,2023-09-18,7,2537,Mangaluru
3942,Rice 5kg,Groceries,1700.4,2022-12-30,1,2168,Ballari
3943,Bluetooth Speaker,Electronics,14122.79,2024-09-10,8,1501,Shivamogga
3944,Mouse,Electronics,3722.96,2024-03-05,6,2307,Tumakuru
3945,Notebook,Stationery,15262.26,2022-09-01,7,2221,Tumakuru
3946,Potato Chips,Snacks,2174.36,2023-01-05,4,1229,Vijayapura
3947,Mixture Snack,Snacks,15067.82,2023-01-02,7,1154,Hubballi
3948,Toothpaste 150g,Personal Care,389.82,2022-05-11,1,1094,Belagavi
3949,Mango Juice 1L,Beverages,10156.53,2022-08-19,5,1577,Udupi
3950,Smart Watch,Electronics,2572.7,2025-06-13,2,1915,Mangaluru
3951,Murukku Pack,Snacks,3461.91,2024-12-14,5,1198,Kalaburagi
3952,Mango Juice 1L,Beverages,7445.41,2025-01-30,4,1041,Bengaluru
3953,Floor Cleaner 1L,Home Care,14621.57,2022-02-12,7,2511,Udupi
3954,Bath Soap,Personal Care,1598.1,2023-12-14,1,2918,Hubballi
3955,Mango Juice 1L,Beverages,11367.94,2024-03-22,6,1387,Mysuru
3956,Rice 5kg,Groceries,9888.67,2023-10-31,6,2659,Mangaluru
3957,Wireless Earphones,Electronics,4131.38,2023-04-27,4,2127,Udupi
3958,Rice 5kg,Groceries,9737.1,2022-11-28,6,2895,Tumakuru
3959,Buttermilk 200ml,Beverages,2095.68,2025-03-02,3,2572,Vijayapura
3960,Groundnut Oil 1L,Groceries,233.31,2024-12-29,1,2429,Tumakuru
3961,Mango Juice 1L,Beverages,16975.11,2023-05-15,8,2757,Hubballi
3962,Shampoo 180ml,Personal Care,3719.27,2024-10-24,4,2249,Tumakuru
3963,Detergent Powder 1kg,Home Care,1062.95,2024-04-14,4,2844,Udupi
3964,Milk 1L,Dairy,3464.4,2025-07-16,6,2974,Ballari
3965,Khakhra Pack,Snacks,1585.6,2022-08-03,3,1508,Tumakuru
3966,Instant Noodles,Groceries,2968.88,2022-08-11,5,1002,Mysuru
3967,Face Wash,Personal Care,7416.98,2022-11-18,3,1412,Hubballi
3968,Lassi 200ml,Beverages,3195.35,2025-01-12,3,2740,Ballari
3969,Floor Cleaner 1L,Home Care,13743.37,2024-08-02,6,2510,Vijayapura
3970,Tea Powder 500g,Beverages,8233.0,2025-12-05,8,1041,Tumakuru
3971,Scrub Pad,Home Care,12563.53,2025-08-25,8,1089,Tumakuru
3972,File Folder,Stationery,9024.78,2022-12-09,6,1013,Kalaburagi
3973,Stapler,Stationery,1718.99,2023-06-30,2,1507,Mysuru
3974,Eraser Pack,Stationery,1882.45,2024-06-29,3,2959,Tumakuru
3975,Parle-G Biscuits,Snacks,14145.54,2025-11-23,8,1227,Shivamogga
3976,Jam 500g,Groceries,7119.7,2024-12-28,7,2318,Hubballi
3977,Marker Pen,Stationery,3317.36,2024-10-15,5,1365,Udupi
3978,Toor Dal 1kg,Groceries,2191.09,2024-02-11,3,1755,Udupi
3979,Khakhra Pack,Snacks,3976.28,2025-06-06,7,2782,Shivamogga
3980,Peanut Butter,Groceries,1485.02,2024-07-06,2,1419,Belagavi
3981,Buttermilk 200ml,Beverages,1967.11,2023-04-03,3,2234,Belagavi
3982,Laptop Sleeve,Electronics,4048.71,2022-01-19,7,2565,Davanagere
3983,Printer Paper,Stationery,6573.76,2025-05-29,3,1047,Davanagere
3984,Wireless Earphones,Electronics,7122.08,2025-06-18,8,1844,Tumakuru
3985,Jam 500g,Groceries,4568.27,2024-06-15,5,2176,Vijayapura
3986,Cheese Slices,Dairy,6786.37,2022-01-08,8,2134,Vijayapura
3987,Deodorant,Personal Care,2205.3,2024-10-16,5,1523,Ballari
3988,Coconut Oil 1L,Groceries,2930.23,2022-06-04,5,2953,Ballari
3989,Face Wash,Personal Care,11041.92,2024-08-04,5,1497,Belagavi
3990,Deodorant,Personal Care,2401.55,2025-04-05,6,2099,Ballari
3991,Paneer 200g,Dairy,3443.11,2025-04-11,7,2094,Bengaluru
3992,Power Bank 10000mAh,Electronics,11719.01,2025-05-23,5,1342,Kalaburagi
3993,Sticky Notes,Stationery,5054.58,2023-11-01,7,2977,Mangaluru
3994,Good Day Biscuits,Snacks,1279.3,2022-10-13,1,2969,Davanagere
3995,Salt 1kg,Groceries,11650.23,2025-02-06,7,2233,Bengaluru
3996,Toor Dal 1kg,Groceries,2009.56,2023-06-02,3,1735,Ballari
3997,Paneer 200g,Dairy,1847.46,2025-01-10,4,2174,Ballari
3998,Face Wash,Personal Care,2312.44,2023-09-17,1,2366,Ballari
3999,Instant Noodles,Groceries,2224.61,2024-08-28,4,1537,Udupi
4000,Paneer 200g,Dairy,3026.99,2023-04-30,6,1030,Mangaluru
4001,Sanitary Pads,Personal Care,11880.27,2022-04-07,6,1002,Hubballi
4002,Salt 1kg,Groceries,10638.0,2025-10-22,6,1826,Mysuru
4003,Jam 500g,Groceries,6181.28,2022-02-05,6,2867,Shivamogga
4004,Ice Cream Tub,Dairy,4251.3,2023-06-19,5,2572,Vijayapura
4005,Face Wash,Personal Care,20984.83,2025-09-23,8,2730,Belagavi
4006,Hand Wash,Personal Care,12415.28,2024-10-26,8,2559,Davanagere
4007,Toor Dal 1kg,Groceries,1412.79,2022-11-28,2,1849,Kalaburagi
4008,Sugar 1kg,Groceries,1703.53,2023-02-22,1,1876,Shivamogga
4009,Good Day Biscuits,Snacks,1297.65,2023-08-29,1,1621,Belagavi
4010,Potato Chips,Snacks,554.61,2023-07-16,1,2363,Shivamogga
4011,Namkeen Mix,Snacks,12115.45,2024-02-06,7,1338,Belagavi
4012,Sugar 1kg,Groceries,11999.1,2022-09-16,7,1240,Shivamogga
4013,Almonds 500g,Groceries,1638.71,2022-10-08,7,1646,Tumakuru
4014,Shampoo 180ml,Personal Care,2818.96,2023-01-06,3,1256,Vijayapura
4015,Wheat Atta 10kg,Groceries,466.18,2025-07-24,6,2327,Kalaburagi
4016,Ball Pen Pack,Stationery,13160.24,2023-06-14,8,2022,Belagavi
4017,Scrub Pad,Home Care,10808.43,2023-08-14,7,2403,Shivamogga
4018,Green Tea,Beverages,2894.67,2023-10-31,4,1350,Mysuru
4019,Toilet Cleaner,Home Care,5841.42,2024-09-28,4,2701,Mysuru
4020,Banana Chips,Snacks,7159.53,2023-12-14,5,1447,Mysuru
4021,Bath Soap,Personal Care,1577.42,2023-05-26,1,1808,Mangaluru
4022,Phone Stand,Electronics,3302.25,2022-05-20,3,2904,Udupi
4023,Air Freshener,Home Care,10733.56,2025-08-03,4,1294,Kalaburagi
4024,Glass Cleaner,Home Care,7161.06,2023-07-09,8,2098,Kalaburagi
4025,Marker Pen,Stationery,2800.29,2025-02-12,4,1658,Udupi
4026,Poha 1kg,Groceries,749.07,2025-04-11,6,2370,Belagavi
4027,Bath Soap,Personal Care,9751.62,2023-10-03,6,1208,Tumakuru
4028,Parle-G Biscuits,Snacks,9769.22,2025-06-13,6,1173,Davanagere
4029,Tea Powder 500g,Beverages,1031.39,2022-04-17,1,2084,Kalaburagi
4030,Sunflower Oil 1L,Groceries,12882.64,2022-07-09,6,1530,Davanagere
4031,Deodorant,Personal Care,2028.07,2023-04-17,5,2567,Shivamogga
4032,Sticky Notes,Stationery,2609.37,2022-10-17,4,1610,Davanagere
4033,Sketch Pen Set,Stationery,459.41,2024-08-02,5,1244,Shivamogga
4034,Honey 500g,Groceries,8560.38,2025-03-15,5,1941,Hubballi
4035,Power Bank 10000mAh,Electronics,13012.0,2025-05-20,5,1417,Bengaluru
4036,Vermicelli 500g,Groceries,2335.3,2024-12-30,4,1063,Hubballi
4037,Face Wash,Personal Care,4816.36,2024-05-12,2,1171,Mysuru
4038,Hair Oil 200ml,Personal Care,3641.58,2024-12-03,4,2881,Vijayapura
4039,Toothpaste 150g,Personal Care,3086.89,2024-11-16,7,1972,Ballari
4040,Stapler,Stationery,2557.2,2025-02-14,3,1140,Shivamogga
4041,Shampoo 180ml,Personal Care,6970.41,2023-02-07,8,1020,Belagavi
4042,Corn Flakes,Groceries,15465.42,2025-11-02,7,1129,Shivamogga
4043,Toothpaste 150g,Personal Care,802.28,2023-09-19,2,1837,Shivamogga
4044,Phone Stand,Electronics,4386.89,2023-04-09,4,1989,Ballari
4045,Sunflower Oil 1L,Groceries,4475.83,2022-08-08,2,1730,Tumakuru
4046,Scrub Pad,Home Care,6162.05,2024-02-21,4,2017,Mysuru
4047,Scrub Pad,Home Care,13480.7,2022-11-29,8,2214,Tumakuru
4048,Jam 500g,Groceries,2197.34,2023-04-05,2,1430,Tumakuru
4049,Banana Chips,Snacks,7982.65,2025-07-12,5,2626,Tumakuru
4050,Power Bank 10000mAh,Electronics,13293.74,2025-04-18,6,2178,Vijayapura
4051,Urad Dal 1kg,Groceries,529.07,2024-12-26,1,2220,Ballari
4052,Cashew 500g,Groceries,5580.25,2022-02-04,8,2089,Hubballi
4053,Cashew 500g,Groceries,2033.87,2022-06-24,3,2107,Vijayapura
4054,Murukku Pack,Snacks,3686.48,2022-12-15,5,2333,Belagavi
4055,Ice Cream Tub,Dairy,4842.26,2024-11-19,5,2591,Ballari
4056,Printer Paper,Stationery,17542.14,2024-06-16,8,1350,Ballari
4057,Green Tea,Beverages,5480.41,2025-12-25,8,2170,Shivamogga
4058,Mouse,Electronics,1921.28,2022-08-16,3,2726,Vijayapura
4059,Sunflower Oil 1L,Groceries,6220.22,2024-06-22,3,2527,Vijayapura
4060,Glass Cleaner,Home Care,2045.12,2023-09-05,2,2084,Ballari
4061,Face Wash,Personal Care,20678.28,2024-08-04,8,1030,Shivamogga
4062,Honey 500g,Groceries,8911.82,2023-06-22,5,2896,Shivamogga
4063,Butter 100g,Dairy,454.35,2023-02-27,5,1872,Davanagere
4064,Mango Juice 1L,Beverages,15491.17,2022-08-03,7,1170,Mangaluru
4065,Dishwash Liquid,Home Care,244.78,2024-10-26,1,1700,Tumakuru
4066,Stapler,Stationery,1693.01,2025-03-29,2,1504,Vijayapura
4067,Smart Watch,Electronics,2676.43,2023-11-21,2,2181,Bengaluru
4068,Toor Dal 1kg,Groceries,2246.65,2024-06-30,3,1959,Vijayapura
4069,Sunflower Oil 1L,Groceries,12901.69,2025-02-21,6,2765,Tumakuru
4070,Namkeen Mix,Snacks,6145.36,2024-02-05,4,1184,Kalaburagi
4071,Phone Stand,Electronics,6359.56,2025-01-07,6,2538,Bengaluru
4072,Glass Cleaner,Home Care,1012.72,2025-10-01,1,1653,Hubballi
4073,Potato Chips,Snacks,3585.99,2022-09-06,7,1250,Vijayapura
4074,LED Bulb 9W,Electronics,3647.46,2024-12-26,2,1258,Vijayapura
4075,Air Freshener,Home Care,11465.6,2023-10-08,5,1716,Mysuru
4076,Extension Board,Electronics,11635.56,2022-05-01,7,2414,Ballari
4077,Poha 1kg,Groceries,286.29,2022-09-09,2,1088,Belagavi
4078,Poha 1kg,Groceries,143.78,2023-09-06,1,1435,Udupi
4079,Glass Cleaner,Home Care,3767.67,2023-12-04,4,2911,Udupi
4080,Sketch Pen Set,Stationery,749.97,2024-04-03,8,1287,Davanagere
4081,Milk 1L,Dairy,2334.43,2024-11-09,4,2476,Vijayapura
4082,Khakhra Pack,Snacks,2032.7,2023-05-11,4,2636,Vijayapura
4083,Groundnut Oil 1L,Groceries,241.58,2025-01-20,1,1659,Tumakuru
4084,Curd 500g,Dairy,7842.7,2023-08-21,6,1923,Kalaburagi
4085,Extension Board,Electronics,3769.73,2024-03-01,2,2681,Tumakuru
4086,LED Bulb 9W,Electronics,16393.72,2024-01-02,8,1711,Mysuru
4087,Butter 100g,Dairy,575.46,2024-03-15,7,2959,Kalaburagi
4088,Buttermilk 200ml,Beverages,698.56,2024-11-06,1,2866,Hubballi
4089,Air Freshener,Home Care,18532.23,2022-02-27,8,2752,Mangaluru
4090,Marker Pen,Stationery,5263.71,2025-08-24,7,1775,Tumakuru
4091,Rice 5kg,Groceries,10432.65,2023-08-28,6,1363,Ballari
4092,Milk 1L,Dairy,4177.37,2023-06-10,7,1141,Udupi
4093,Murukku Pack,Snacks,1237.32,2022-08-03,2,2277,Udupi
4094,Glass Cleaner,Home Care,5921.54,2023-02-24,6,1686,Ballari
4095,Sticky Notes,Stationery,3297.28,2023-06-28,5,1088,Shivamogga
4096,Good Day Biscuits,Snacks,1286.12,2025-02-21,1,2120,Bengaluru
4097,Banana Chips,Snacks,12989.05,2022-01-17,8,1541,Mangaluru
4098,Smart Watch,Electronics,9236.89,2022-10-03,7,2913,Ballari
4099,Paneer 200g,Dairy,2634.23,2025-10-17,5,1555,Davanagere
4100,Parle-G Biscuits,Snacks,6646.9,2023-03-09,4,2898,Bengaluru
4101,Peanut Butter,Groceries,5686.99,2022-04-02,7,1857,Davanagere
4102,Khakhra Pack,Snacks,2803.21,2025-09-12,5,2762,Vijayapura
4103,File Folder,Stationery,1431.87,2022-12-21,1,2036,Ballari
4104,Mobile Charger,Electronics,11702.02,2023-10-18,8,2546,Shivamogga
4105,Parle-G Biscuits,Snacks,6959.12,2023-11-05,4,2102,Udupi
4106,Deodorant,Personal Care,1363.96,2022-09-10,3,1929,Belagavi
4107,Hair Oil 200ml,Personal Care,878.99,2024-05-20,1,2651,Ballari
4108,Corn Flakes,Groceries,4989.32,2024-02-25,2,2719,Belagavi
4109,Sugar 1kg,Groceries,7097.85,2023-03-03,4,2210,Ballari
4110,Mouse,Electronics,1177.79,2023-02-25,2,2124,Davanagere
4111,Body Lotion,Personal Care,2912.8,2023-04-01,6,2500,Hubballi
4112,Dishwash Liquid,Home Care,1740.43,2024-08-30,7,1921,Bengaluru
4113,USB Cable,Electronics,2555.29,2022-01-18,2,2240,Bengaluru
4114,Eraser Pack,Stationery,1374.97,2023-12-16,2,1396,Ballari
4115,Sticky Notes,Stationery,5142.48,2023-01-17,7,2117,Mangaluru
4116,Cheese Slices,Dairy,2728.98,2022-12-08,3,2987,Bengaluru
4117,Power Bank 10000mAh,Electronics,5017.73,2022-12-15,2,2767,Hubballi
4118,Milk 1L,Dairy,587.43,2023-12-31,1,1923,Davanagere
4119,Banana Chips,Snacks,1412.8,2023-07-27,1,1136,Bengaluru
4120,Groundnut Oil 1L,Groceries,1956.3,2025-12-13,8,1558,Mysuru
4121,Oats 1kg,Groceries,8176.19,2024-01-31,4,2600,Hubballi
4122,Instant Noodles,Groceries,990.76,2024-09-15,2,2464,Vijayapura
4123,Basmati Rice 5kg,Groceries,3167.75,2022-10-23,2,1296,Belagavi
4124,Marker Pen,Stationery,4955.62,2025-02-16,8,1973,Mangaluru
4125,Ice Cream Tub,Dairy,4961.95,2025-03-22,5,1834,Hubballi
4126,Toothpaste 150g,Personal Care,1185.91,2024-10-12,3,2725,Belagavi
4127,Mixture Snack,Snacks,5826.25,2023-06-27,3,2705,Udupi
4128,Torch Light,Electronics,5493.87,2022-07-24,4,1221,Ballari
4129,Eraser Pack,Stationery,572.95,2023-09-18,1,1784,Ballari
4130,Hand Wash,Personal Care,3176.1,2023-03-17,2,1103,Davanagere
4131,Wheat Atta 10kg,Groceries,248.36,2024-07-07,3,2423,Kalaburagi
4132,Bath Soap,Personal Care,1903.5,2022-11-07,1,2596,Bengaluru
4133,Sugar 1kg,Groceries,11697.85,2023-04-30,6,1801,Tumakuru
4134,Banana Chips,Snacks,3004.97,2023-02-07,2,1839,Ballari
4135,Honey 500g,Groceries,1484.22,2024-08-10,1,1975,Vijayapura
4136,Ragi Flour 1kg,Groceries,1611.79,2024-10-10,1,1499,Mangaluru
4137,Vermicelli 500g,Groceries,529.71,2024-08-02,1,1443,Vijayapura
4138,Glass Cleaner,Home Care,1802.74,2022-03-12,2,2341,Davanagere
4139,Bath Soap,Personal Care,4827.03,2023-02-23,3,2108,Tumakuru
4140,Oats 1kg,Groceries,2300.1,2024-08-25,1,2812,Mysuru
4141,HDMI Cable,Electronics,15712.41,2023-01-16,7,1246,Bengaluru
4142,USB Cable,Electronics,8698.66,2025-12-24,6,2585,Belagavi
4143,Murukku Pack,Snacks,1500.29,2022-08-16,2,2167,Mangaluru
4144,Instant Noodles,Groceries,1080.82,2022-01-13,2,1932,Belagavi
4145,Basmati Rice 5kg,Groceries,5699.38,2022-10-24,4,2690,Hubballi
4146,Printer Paper,Stationery,11554.84,2022-09-27,5,1377,Shivamogga
4147,Mixture Snack,Snacks,4174.76,2022-02-01,2,1296,Shivamogga
4148,Toothpaste 150g,Personal Care,1755.84,2023-07-07,4,2547,Mysuru
4149,Mixture Snack,Snacks,2061.18,2023-09-17,1,2520,Davanagere
4150,Air Freshener,Home Care,7237.74,2022-02-16,3,1427,Kalaburagi
4151,Toothpaste 150g,Personal Care,2919.51,2023-12-25,7,1647,Mysuru
4152,Floor Cleaner 1L,Home Care,6327.59,2022-06-11,3,2335,Davanagere
4153,Lassi 200ml,Beverages,6044.73,2022-02-19,5,2988,Kalaburagi
4154,Banana Chips,Snacks,8070.59,2025-11-18,5,1736,Vijayapura
4155,Marker Pen,Stationery,3785.49,2022-03-17,6,1270,Mysuru
4156,Paneer 200g,Dairy,989.23,2025-01-04,2,2191,Mysuru
4157,Bath Soap,Personal Care,12359.02,2024-04-08,7,2552,Udupi
4158,Notebook,Stationery,13826.93,2025-02-12,7,1877,Ballari
4159,Chocolate Bar,Snacks,6626.51,2024-02-16,3,1121,Bengaluru
4160,Pendrive 64GB,Electronics,10154.54,2023-06-15,5,1049,Ballari
4161,Toilet Cleaner,Home Care,12916.85,2025-02-15,8,3000,Mysuru
4162,Oats 1kg,Groceries,4449.85,2024-10-01,2,1598,Vijayapura
4163,Oats 1kg,Groceries,6035.01,2023-09-08,3,1090,Bengaluru
4164,Khakhra Pack,Snacks,2112.15,2025-07-04,4,1262,Hubballi
4165,Poha 1kg,Groceries,510.89,2023-07-05,4,2045,Tumakuru
4166,Wireless Earphones,Electronics,8352.11,2022-03-22,8,2033,Mangaluru
4167,Good Day Biscuits,Snacks,5567.08,2024-12-16,4,1841,Shivamogga
4168,Mobile Charger,Electronics,9115.69,2022-01-20,7,1345,Mysuru
4169,Bath Soap,Personal Care,7346.7,2024-10-03,4,2406,Udupi
4170,Mixture Snack,Snacks,1970.33,2023-11-05,1,1004,Hubballi
4171,Dishwash Liquid,Home Care,237.04,2022-02-07,1,2124,Ballari
4172,Energy Drink,Beverages,6760.58,2024-04-05,4,1929,Hubballi
4173,Jam 500g,Groceries,2047.27,2022-01-07,2,2058,Ballari
4174,Peanut Butter,Groceries,1479.56,2022-09-01,2,1832,Bengaluru
4175,Toor Dal 1kg,Groceries,1371.7,2025-07-09,2,1312,Hubballi
4176,Banana Chips,Snacks,11143.63,2024-07-24,8,2520,Vijayapura
4177,Stapler,Stationery,6726.67,2025-06-19,8,1092,Tumakuru
4178,Wheat Atta 10kg,Groceries,472.51,2022-06-18,6,2931,Ballari
4179,Namkeen Mix,Snacks,14318.68,2024-03-06,8,1502,Bengaluru
4180,Sunflower Oil 1L,Groceries,2420.76,2025-04-22,1,2055,Belagavi
4181,Floor Cleaner 1L,Home Care,8376.08,2022-07-18,4,2481,Hubballi
4182,Sanitary Pads,Personal Care,3970.6,2024-12-07,2,2808,Mysuru
4183,Ragi Flour 1kg,Groceries,3649.31,2025-02-11,2,2323,Shivamogga
4184,Power Bank 10000mAh,Electronics,14603.63,2025-03-20,6,2972,Belagavi
4185,Soft Drink 750ml,Beverages,33.87,2023-06-17,1,2649,Kalaburagi
4186,Wheat Atta 10kg,Groceries,159.57,2023-10-26,2,2562,Hubballi
4187,Mobile Charger,Electronics,9550.57,2024-07-03,7,1659,Tumakuru
4188,Peanut Butter,Groceries,3828.62,2025-12-12,5,1560,Tumakuru
4189,Hand Wash,Personal Care,11383.72,2022-04-20,8,1196,Bengaluru
4190,Instant Noodles,Groceries,1553.77,2025-08-11,3,2477,Bengaluru
4191,Banana Chips,Snacks,3074.59,2022-11-08,2,2886,Mangaluru
4192,HDMI Cable,Electronics,9010.37,2025-05-06,4,2890,Belagavi
4193,Rice 5kg,Groceries,5261.47,2024-03-11,3,1289,Bengaluru
4194,Sketch Pen Set,Stationery,597.76,2022-05-24,6,2018,Belagavi
4195,Poha 1kg,Groceries,398.32,2024-01-05,3,2305,Hubballi
4196,Murukku Pack,Snacks,3178.43,2023-04-01,5,1706,Davanagere
4197,Toor Dal 1kg,Groceries,673.24,2022-11-23,1,2270,Mysuru
4198,Corn Flakes,Groceries,7148.36,2023-11-11,3,1220,Ballari
4199,Parle-G Biscuits,Snacks,12423.15,2025-07-10,7,1362,Kalaburagi
4200,Poha 1kg,Groceries,812.18,2023-08-11,6,2364,Tumakuru
4201,Parle-G Biscuits,Snacks,1488.39,2025-05-17,1,1355,Hubballi
4202,Groundnut Oil 1L,Groceries,1160.73,2022-02-18,5,1111,Mysuru
4203,Potato Chips,Snacks,2276.9,2024-07-27,4,1178,Bengaluru
4204,Curd 500g,Dairy,3591.03,2022-09-18,3,2163,Udupi
4205,File Folder,Stationery,9032.51,2022-07-03,7,1257,Bengaluru
4206,HDMI Cable,Electronics,12236.12,2024-02-06,5,1024,Davanagere
4207,Namkeen Mix,Snacks,11962.66,2023-04-05,7,2958,Udupi
4208,Power Bank 10000mAh,Electronics,11879.12,2022-04-05,5,2988,Belagavi
4209,HDMI Cable,Electronics,7270.67,2024-06-19,3,1859,Hubballi
4210,Sticky Notes,Stationery,3279.3,2022-02-21,5,1220,Vijayapura
4211,Curd 500g,Dairy,7237.22,2024-01-20,6,2023,Udupi
4212,File Folder,Stationery,6173.01,2023-09-26,4,2008,Mangaluru
4213,Power Bank 10000mAh,Electronics,9440.78,2024-05-13,4,1171,Davanagere
4214,Murukku Pack,Snacks,1908.45,2023-10-13,3,2551,Mysuru
4215,Potato Chips,Snacks,4686.01,2023-01-11,8,1808,Davanagere
4216,Rice 5kg,Groceries,12021.23,2025-12-11,7,2658,Tumakuru
4217,Almonds 500g,Groceries,1663.25,2022-09-24,7,1566,Mysuru
4218,Eraser Pack,Stationery,5441.07,2024-04-17,8,2746,Ballari
4219,Body Lotion,Personal Care,2351.03,2023-08-24,5,1970,Davanagere
4220,Milk 1L,Dairy,1713.03,2025-08-01,3,1426,Shivamogga
4221,Wheat Atta 10kg,Groceries,80.6,2022-08-11,1,2652,Ballari
4222,Printer Paper,Stationery,18959.16,2022-10-26,8,1258,Hubballi
4223,Ragi Flour 1kg,Groceries,9387.57,2023-09-22,5,1110,Belagavi
4224,Chocolate Bar,Snacks,16556.71,2022-08-15,7,1309,Mysuru
4225,Cashew 500g,Groceries,5518.49,2025-05-23,7,2512,Shivamogga
4226,Mango Juice 1L,Beverages,11521.47,2022-12-19,6,1036,Tumakuru
4227,Phone Stand,Electronics,5356.74,2025-08-09,5,2677,Mysuru
4228,Good Day Biscuits,Snacks,2836.48,2025-06-08,2,2010,Hubballi
4229,Marker Pen,Stationery,1376.54,2024-08-07,2,1511,Bengaluru
4230,Laptop Sleeve,Electronics,3737.04,2023-04-07,7,1691,Kalaburagi
4231,Jam 500g,Groceries,5006.29,2024-10-26,5,2652,Mangaluru
4232,Tea Powder 500g,Beverages,5424.29,2024-05-09,5,2100,Bengaluru
4233,Khakhra Pack,Snacks,3595.51,2022-02-07,7,1712,Mysuru
4234,Butter 100g,Dairy,80.35,2022-11-26,1,2670,Shivamogga
4235,Basmati Rice 5kg,Groceries,5989.1,2023-07-26,4,1169,Udupi
4236,Toothpaste 150g,Personal Care,1740.2,2022-08-31,4,2451,Tumakuru
4237,Sunflower Oil 1L,Groceries,11411.54,2024-12-17,5,1869,Bengaluru
4238,LED Bulb 9W,Electronics,15016.32,2025-08-07,8,2787,Ballari
4239,Ice Cream Tub,Dairy,1014.94,2023-02-19,1,1335,Bengaluru
4240,Hair Oil 200ml,Personal Care,1741.87,2025-02-01,2,2696,Vijayapura
4241,Eraser Pack,Stationery,578.61,2023-07-20,1,1067,Bengaluru
4242,Detergent Powder 1kg,Home Care,1354.8,2024-08-30,5,2666,Mysuru
4243,LED Bulb 9W,Electronics,4245.7,2024-10-13,2,2531,Mysuru
4244,Jam 500g,Groceries,8428.93,2025-02-10,8,1850,Bengaluru
4245,Paneer 200g,Dairy,3867.77,2022-11-15,7,2558,Shivamogga
4246,Buttermilk 200ml,Beverages,706.92,2023-06-14,1,1202,Vijayapura
4247,Torch Light,Electronics,7856.51,2025-07-26,5,1956,Ballari
4248,Vermicelli 500g,Groceries,3806.96,2025-07-11,6,1247,Mysuru
4249,Detergent Powder 1kg,Home Care,1936.37,2023-11-23,8,2086,Mangaluru
4250,Good Day Biscuits,Snacks,1363.92,2022-12-07,1,2144,Ballari
4251,Body Lotion,Personal Care,441.9,2024-08-16,1,2227,Bengaluru
4252,Toilet Cleaner,Home Care,11195.9,2024-04-30,8,1217,Tumakuru
4253,Urad Dal 1kg,Groceries,1211.17,2024-08-20,2,2999,Mangaluru
4254,Potato Chips,Snacks,2346.93,2025-04-19,4,2298,Tumakuru
4255,USB Cable,Electronics,10778.09,2022-09-05,8,2097,Hubballi
4256,Smart Watch,Electronics,8974.94,2022-03-24,6,1917,Tumakuru
4257,Corn Flakes,Groceries,5093.88,2022-01-15,2,1373,Belagavi
4258,Instant Noodles,Groceries,562.12,2025-01-29,1,1751,Shivamogga
4259,Glass Cleaner,Home Care,867.78,2025-08-26,1,1527,Kalaburagi
4260,Ball Pen Pack,Stationery,6586.68,2022-10-04,4,1437,Tumakuru
4261,Toothpaste 150g,Personal Care,1331.21,2022-09-06,3,1801,Vijayapura
4262,Sugar 1kg,Groceries,13190.02,2024-02-23,7,2130,Shivamogga
4263,Deodorant,Personal Care,2083.0,2024-08-24,5,1041,Tumakuru
4264,Body Lotion,Personal Care,2435.22,2025-06-23,6,2414,Mysuru
4265,Extension Board,Electronics,11410.89,2022-10-18,6,1184,Shivamogga
4266,Groundnut Oil 1L,Groceries,503.14,2023-09-03,2,2687,Mangaluru
4267,Ice Cream Tub,Dairy,1666.24,2022-01-20,2,1446,Hubballi
4268,Ghee 500ml,Groceries,296.4,2025-08-21,1,2071,Belagavi
4269,Mango Juice 1L,Beverages,10795.64,2025-12-10,5,2533,Udupi
4270,Parle-G Biscuits,Snacks,6628.51,2023-08-14,4,2110,Belagavi
4271,Pendrive 64GB,Electronics,3984.52,2022-01-21,2,1618,Mysuru
4272,Namkeen Mix,Snacks,3458.66,2023-10-10,2,2758,Hubballi
4273,Salt 1kg,Groceries,4688.01,2022-05-26,3,1773,Davanagere
4274,Ghee 500ml,Groceries,1968.45,2024-04-07,7,2461,Hubballi
4275,Toilet Cleaner,Home Care,8616.72,2025-01-31,6,1186,Mysuru
4276,Rice 5kg,Groceries,8704.12,2022-08-31,6,2804,Belagavi
4277,Bluetooth Speaker,Electronics,11446.67,2022-11-15,7,2005,Ballari
4278,Honey 500g,Groceries,12337.44,2022-09-08,7,1656,Davanagere
4279,Extension Board,Electronics,10585.25,2022-08-16,6,1281,Ballari
4280,Filter Coffee 500g,Beverages,812.44,2023-11-06,8,2654,Mysuru
4281,Banana Chips,Snacks,6034.88,2025-02-26,4,2020,Ballari
4282,Butter 100g,Dairy,500.68,2022-11-13,6,1771,Kalaburagi
4283,Salt 1kg,Groceries,12663.96,2024-02-25,8,1039,Mangaluru
4284,Ball Pen Pack,Stationery,7668.85,2024-01-28,5,2581,Belagavi
4285,Namkeen Mix,Snacks,12935.2,2022-03-17,8,1734,Mysuru
4286,Body Lotion,Personal Care,804.81,2023-02-21,2,1126,Ballari
4287,Glass Cleaner,Home Care,1868.92,2023-06-24,2,2546,Kalaburagi
4288,Scrub Pad,Home Care,6404.57,2022-05-06,4,1444,Mysuru
4289,Smart Watch,Electronics,8082.74,2023-04-13,6,2086,Bengaluru
4290,Toothpaste 150g,Personal Care,3112.66,2022-05-30,8,2722,Belagavi
4291,Pendrive 64GB,Electronics,13182.46,2025-10-07,6,1371,Tumakuru
4292,Sunflower Oil 1L,Groceries,6781.72,2023-11-12,3,1532,Tumakuru
4293,Sketch Pen Set,Stationery,764.38,2024-07-12,7,1381,Ballari
4294,Mouse,Electronics,3232.47,2024-07-07,5,1854,Tumakuru
4295,USB Cable,Electronics,3652.93,2025-08-29,3,2828,Tumakuru
4296,Detergent Powder 1kg,Home Care,746.77,2022-05-19,3,2761,Udupi
4297,Detergent Powder 1kg,Home Care,1412.53,2025-01-28,6,2981,Tumakuru
4298,Air Freshener,Home Care,17981.87,2024-01-04,7,2237,Mangaluru
4299,Dishwash Liquid,Home Care,1899.8,2024-08-31,7,2244,Bengaluru
4300,Murukku Pack,Snacks,722.66,2024-11-24,1,2882,Ballari
4301,Cheese Slices,Dairy,3509.33,2025-11-22,4,1686,Shivamogga
4302,LED Bulb 9W,Electronics,9109.74,2022-02-22,5,2408,Ballari
4303,Lassi 200ml,Beverages,3455.97,2025-03-29,3,1857,Udupi
4304,Milk 1L,Dairy,3438.21,2024-07-09,6,1879,Belagavi
4305,Wheat Atta 10kg,Groceries,461.85,2025-09-05,6,2512,Shivamogga
4306,Murukku Pack,Snacks,4974.17,2024-08-28,8,2025,Vijayapura
4307,Glass Cleaner,Home Care,8012.36,2023-12-07,8,1522,Mangaluru
4308,Hand Wash,Personal Care,3114.36,2022-02-26,2,1495,Ballari
4309,Power Bank 10000mAh,Electronics,7803.8,2024-09-03,3,1431,Tumakuru
4310,Potato Chips,Snacks,4740.83,2023-01-05,8,1123,Udupi
4311,Shampoo 180ml,Personal Care,2821.42,2022-10-29,3,1988,Mysuru
4312,Paneer 200g,Dairy,1095.19,2024-01-30,2,2334,Davanagere
4313,Namkeen Mix,Snacks,3559.32,2022-08-07,2,1867,Mangaluru
4314,Groundnut Oil 1L,Groceries,1097.38,2025-01-17,5,1762,Mysuru
4315,Notebook,Stationery,11084.83,2024-04-07,5,2182,Ballari
4316,Toilet Cleaner,Home Care,1479.25,2022-08-01,1,2712,Tumakuru
4317,Honey 500g,Groceries,1549.17,2023-01-02,1,1384,Bengaluru
4318,Toothpaste 150g,Personal Care,3120.15,2025-03-10,7,2628,Ballari
4319,Wheat Atta 10kg,Groceries,180.36,2023-06-30,2,1378,Kalaburagi
4320,Cheese Slices,Dairy,4685.99,2022-06-08,5,1125,Tumakuru
4321,Marker Pen,Stationery,734.39,2024-07-11,1,1952,Bengaluru
4322,Dishwash Liquid,Home Care,509.33,2023-02-02,2,1913,Bengaluru
4323,Cashew 500g,Groceries,802.8,2023-08-20,1,2195,Hubballi
4324,Detergent Powder 1kg,Home Care,737.02,2024-07-28,3,1376,Belagavi
4325,Mobile Charger,Electronics,9874.27,2022-08-20,7,2768,Davanagere
4326,Mango Juice 1L,Beverages,10662.4,2024-06-06,5,1495,Ballari
4327,Rice 5kg,Groceries,7011.35,2022-03-08,4,2519,Tumakuru
4328,Poha 1kg,Groceries,609.51,2023-12-18,5,2262,Udupi
4329,Buttermilk 200ml,Beverages,3743.58,2025-05-21,6,1449,Udupi
4330,Lassi 200ml,Beverages,4286.47,2025-12-06,4,1324,Davanagere
4331,Toothpaste 150g,Personal Care,756.03,2025-03-18,2,1242,Tumakuru
4332,Floor Cleaner 1L,Home Care,13118.31,2023-09-04,6,2997,Vijayapura
4333,Namkeen Mix,Snacks,1505.24,2024-05-31,1,2472,Tumakuru
4334,Sanitary Pads,Personal Care,13171.0,2022-12-18,7,1930,Mangaluru
4335,Instant Noodles,Groceries,2637.92,2023-02-25,5,2205,Davanagere
4336,Power Bank 10000mAh,Electronics,13208.3,2022-01-02,6,2036,Ballari
4337,Hand Wash,Personal Care,8136.98,2024-05-07,5,2533,Davanagere
4338,Ghee 500ml,Groceries,2024.57,2022-02-14,7,1348,Bengaluru
4339,Marker Pen,Stationery,706.59,2022-07-31,1,2158,Mangaluru
4340,Mineral Water 1L,Beverages,2135.19,2022-06-09,1,2852,Shivamogga
4341,Printer Paper,Stationery,8834.67,2023-07-27,4,1531,Ballari
4342,Peanut Butter,Groceries,813.97,2022-12-22,1,2841,Mangaluru
4343,Almonds 500g,Groceries,827.47,2022-12-21,4,1014,Mangaluru
4344,Extension Board,Electronics,10028.17,2022-11-12,6,2659,Shivamogga
4345,HDMI Cable,Electronics,13059.18,2022-05-02,6,1233,Vijayapura
4346,Floor Cleaner 1L,Home Care,12179.96,2025-10-30,6,2839,Bengaluru
4347,Floor Cleaner 1L,Home Care,15092.83,2025-02-09,7,2656,Ballari
4348,Notebook,Stationery,8513.35,2023-05-18,4,1395,Mangaluru
4349,Ball Pen Pack,Stationery,6084.09,2022-12-01,4,2213,Tumakuru
4350,Potato Chips,Snacks,602.03,2022-02-24,1,1711,Vijayapura
4351,Stapler,Stationery,2966.95,2023-07-06,4,2542,Belagavi
4352,Curd 500g,Dairy,4109.92,2022-04-28,3,1910,Shivamogga
4353,Mineral Water 1L,Beverages,15417.72,2025-06-06,7,2232,Vijayapura
4354,Banana Chips,Snacks,1368.17,2023-05-13,1,2981,Davanagere
4355,Khakhra Pack,Snacks,1974.97,2024-07-30,4,1633,Vijayapura
4356,Green Tea,Beverages,3305.7,2022-01-31,5,1787,Mangaluru
4357,Mineral Water 1L,Beverages,11762.83,2025-03-05,5,1417,Davanagere
4358,Cashew 500g,Groceries,1500.72,2023-01-06,2,1811,Davanagere
4359,Filter Coffee 500g,Beverages,345.54,2024-02-02,4,1476,Udupi
4360,Khakhra Pack,Snacks,1762.53,2023-07-16,3,1970,Shivamogga
4361,Soft Drink 750ml,Beverages,240.29,2022-07-30,7,2838,Mangaluru
4362,Urad Dal 1kg,Groceries,3710.16,2023-04-14,7,1055,Bengaluru
4363,Peanut Butter,Groceries,2477.96,2024-12-27,3,2849,Belagavi
4364,Ragi Flour 1kg,Groceries,5058.64,2023-01-27,3,1341,Udupi
4365,Paneer 200g,Dairy,996.24,2023-04-17,2,2762,Shivamogga
4366,Coconut Oil 1L,Groceries,575.55,2023-07-09,1,1430,Udupi
4367,Banana Chips,Snacks,3011.28,2022-08-04,2,1614,Hubballi
4368,Laptop Sleeve,Electronics,565.89,2024-06-23,1,1994,Vijayapura
4369,Glass Cleaner,Home Care,2745.29,2025-05-24,3,2995,Mangaluru
4370,Green Tea,Beverages,3802.2,2022-11-11,5,2989,Mysuru
4371,Pendrive 64GB,Electronics,8792.56,2023-06-05,4,2287,Kalaburagi
4372,Poha 1kg,Groceries,272.13,2022-01-16,2,1620,Ballari
4373,Scrub Pad,Home Care,11678.42,2024-10-06,8,2299,Tumakuru
4374,Peanut Butter,Groceries,3497.2,2023-04-26,4,2552,Mangaluru
4375,Jam 500g,Groceries,6803.96,2024-01-04,7,2788,Vijayapura
4376,Groundnut Oil 1L,Groceries,684.25,2025-01-16,3,2363,Belagavi
4377,Hand Wash,Personal Care,6975.63,2024-11-30,5,1684,Kalaburagi
4378,Pendrive 64GB,Electronics,13257.33,2024-12-22,6,1394,Udupi
4379,Marker Pen,Stationery,2245.98,2023-10-19,3,2433,Tumakuru
4380,Scrub Pad,Home Care,4729.54,2022-12-19,3,1037,Udupi
4381,Keyboard,Electronics,9523.87,2022-09-14,5,2349,Vijayapura
4382,Bath Soap,Personal Care,10098.82,2023-03-20,6,2766,Kalaburagi
4383,Ragi Flour 1kg,Groceries,9713.63,2025-04-14,6,1803,Mangaluru
4384,Corn Flakes,Groceries,6611.99,2023-12-19,3,1018,Mysuru
4385,Stapler,Stationery,2336.04,2025-09-21,3,2913,Kalaburagi
4386,Khakhra Pack,Snacks,1701.92,2023-09-07,3,1916,Mangaluru
4387,Instant Noodles,Groceries,3565.93,2023-05-31,7,2804,Mangaluru
4388,Torch Light,Electronics,1349.44,2022-12-14,1,2624,Mangaluru
4389,Extension Board,Electronics,8393.32,2025-03-12,5,2175,Mangaluru
4390,Mineral Water 1L,Beverages,2419.9,2025-05-25,1,2439,Kalaburagi
4391,Chocolate Bar,Snacks,15318.67,2025-11-21,7,1909,Bengaluru
4392,Banana Chips,Snacks,10159.16,2023-06-22,7,2882,Shivamogga
4393,Sunflower Oil 1L,Groceries,13208.95,2023-01-15,6,1137,Davanagere
4394,Notebook,Stationery,1877.02,2023-04-20,1,2259,Mysuru
4395,Sunflower Oil 1L,Groceries,4532.13,2023-05-19,2,1760,Hubballi
4396,Stapler,Stationery,2231.0,2023-09-03,3,2713,Davanagere
4397,Curd 500g,Dairy,2775.57,2023-04-01,2,1783,Bengaluru
4398,Salt 1kg,Groceries,12993.22,2024-12-19,7,1295,Davanagere
4399,Smart Watch,Electronics,1350.9,2023-07-30,1,1820,Mysuru
4400,Chocolate Bar,Snacks,2330.72,2024-06-11,1,2783,Mangaluru
4401,Cheese Slices,Dairy,4426.08,2024-12-12,5,2461,Shivamogga
4402,Wheat Atta 10kg,Groceries,83.22,2023-04-13,1,1949,Mangaluru
4403,Hair Oil 200ml,Personal Care,4208.5,2024-06-29,5,2692,Tumakuru
4404,Phone Stand,Electronics,3248.22,2025-10-10,3,1228,Hubballi
4405,Hair Oil 200ml,Personal Care,5522.14,2025-08-09,7,2919,Vijayapura
4406,Power Bank 10000mAh,Electronics,12683.86,2024-06-10,5,1614,Mangaluru
4407,Hair Oil 200ml,Personal Care,1671.58,2023-07-20,2,2844,Belagavi
4408,Parle-G Biscuits,Snacks,6474.32,2024-08-08,4,1963,Kalaburagi
4409,Ice Cream Tub,Dairy,5522.72,2024-05-10,6,2832,Bengaluru
4410,Namkeen Mix,Snacks,6886.07,2025-05-22,4,1599,Mangaluru
4411,Eraser Pack,Stationery,671.91,2024-05-27,1,2657,Mysuru
4412,Air Freshener,Home Care,15907.99,2022-07-24,6,2048,Ballari
4413,Body Lotion,Personal Care,488.68,2024-10-09,1,2270,Vijayapura
4414,Oats 1kg,Groceries,8198.78,2025-11-29,4,1375,Bengaluru
4415,Bath Soap,Personal Care,8862.67,2024-06-30,5,1631,Belagavi
4416,Wireless Earphones,Electronics,2020.54,2022-12-11,2,1449,Belagavi
4417,Almonds 500g,Groceries,1610.84,2023-02-07,7,2027,Tumakuru
4418,Peanut Butter,Groceries,3960.89,2022-01-23,5,1339,Shivamogga
4419,Ball Pen Pack,Stationery,9781.1,2024-02-15,6,2725,Mangaluru
4420,Chocolate Bar,Snacks,2240.22,2024-08-15,1,1355,Hubballi
4421,Mouse,Electronics,4308.87,2023-06-30,7,1130,Kalaburagi
4422,Wheat Atta 10kg,Groceries,83.6,2023-04-11,1,2026,Shivamogga
4423,File Folder,Stationery,8442.14,2023-07-03,6,1358,Mysuru
4424,Cheese Slices,Dairy,4441.16,2025-04-23,5,2236,Bengaluru
4425,Sugar 1kg,Groceries,7351.76,2022-06-09,4,1537,Kalaburagi
4426,Namkeen Mix,Snacks,1563.58,2025-08-19,1,2301,Tumakuru
4427,Butter 100g,Dairy,405.21,2024-10-31,5,2959,Ballari
4428,Power Bank 10000mAh,Electronics,11466.53,2022-04-15,5,1812,Udupi
4429,Energy Drink,Beverages,3219.97,2024-07-13,2,2727,Kalaburagi
4430,Almonds 500g,Groceries,1450.86,2024-04-28,7,2739,Davanagere
4431,Potato Chips,Snacks,4169.15,2024-04-07,7,2134,Mysuru
4432,Green Tea,Beverages,3818.02,2022-06-28,5,2064,Shivamogga
4433,Mouse,Electronics,639.6,2022-11-02,1,1928,Davanagere
4434,Bath Soap,Personal Care,3160.27,2024-11-24,2,1631,Shivamogga
4435,Salt 1kg,Groceries,13992.74,2025-02-25,8,1789,Bengaluru
4436,Ball Pen Pack,Stationery,6045.83,2024-05-27,4,1069,Shivamogga
4437,Sugar 1kg,Groceries,7689.93,2024-06-28,4,1547,Tumakuru
4438,Jam 500g,Groceries,3773.43,2024-03-22,4,1990,Kalaburagi
4439,Body Lotion,Personal Care,1607.82,2024-04-08,4,1965,Udupi
4440,Good Day Biscuits,Snacks,3853.53,2023-01-11,3,1862,Tumakuru
4441,Air Freshener,Home Care,13053.18,2025-06-12,5,1034,Ballari
4442,Sanitary Pads,Personal Care,12360.18,2024-10-25,7,2557,Shivamogga
4443,Mineral Water 1L,Beverages,2236.47,2023-02-25,1,2173,Tumakuru
4444,Detergent Powder 1kg,Home Care,1294.99,2022-12-13,5,2427,Ballari
4445,Eraser Pack,Stationery,5545.71,2022-02-19,8,2520,Shivamogga
4446,Sticky Notes,Stationery,4310.19,2025-10-05,6,2305,Belagavi
4447,Peanut Butter,Groceries,2227.83,2022-08-30,3,2423,Davanagere
4448,Groundnut Oil 1L,Groceries,1212.9,2025-02-22,5,1866,Udupi
4449,Filter Coffee 500g,Beverages,681.33,2024-06-25,7,1061,Tumakuru
4450,Cheese Slices,Dairy,3517.18,2022-05-06,4,2562,Mysuru
4451,Khakhra Pack,Snacks,1643.95,2025-10-16,3,2836,Bengaluru
4452,Air Freshener,Home Care,10773.87,2025-04-03,4,2191,Mangaluru
4453,Keyboard,Electronics,4023.44,2025-03-06,2,2672,Ballari
4454,Mango Juice 1L,Beverages,14920.23,2022-11-12,8,1858,Udupi
4455,Poha 1kg,Groceries,563.71,2023-04-23,4,1950,Mysuru
4456,Deodorant,Personal Care,428.12,2023-09-23,1,2251,Belagavi
4457,Bath Soap,Personal Care,12473.81,2022-11-20,7,1062,Hubballi
4458,Jam 500g,Groceries,4383.1,2022-06-28,4,2382,Hubballi
4459,Poha 1kg,Groceries,693.2,2025-08-03,5,2232,Udupi
4460,Toor Dal 1kg,Groceries,1343.0,2025-03-04,2,2251,Tumakuru
4461,Sanitary Pads,Personal Care,2008.82,2025-05-11,1,1368,Mysuru
4462,Buttermilk 200ml,Beverages,4320.94,2024-06-18,6,1389,Bengaluru
4463,Green Tea,Beverages,3898.86,2024-12-22,5,1333,Belagavi
4464,Toilet Cleaner,Home Care,7826.97,2023-05-18,5,2663,Bengaluru
4465,Mixture Snack,Snacks,4027.13,2025-01-08,2,1229,Tumakuru
4466,Air Freshener,Home Care,2417.79,2024-02-11,1,2954,Kalaburagi
4467,Wireless Earphones,Electronics,3971.46,2023-12-05,4,2809,Kalaburagi
4468,Sketch Pen Set,Stationery,91.7,2025-08-25,1,2743,Belagavi
4469,Honey 500g,Groceries,5332.62,2025-09-01,3,2047,Mysuru
4470,Vermicelli 500g,Groceries,550.05,2024-07-08,1,2587,Bengaluru
4471,Parle-G Biscuits,Snacks,11890.33,2025-05-11,8,1320,Tumakuru
4472,File Folder,Stationery,6414.92,2022-04-09,5,1417,Bengaluru
4473,Keyboard,Electronics,1951.32,2022-05-15,1,1931,Mangaluru
4474,Khakhra Pack,Snacks,1628.03,2025-05-15,3,2938,Tumakuru
4475,Instant Noodles,Groceries,1679.03,2023-08-30,3,2706,Belagavi
4476,Sketch Pen Set,Stationery,627.81,2022-03-03,6,2353,Bengaluru
4477,Deodorant,Personal Care,1279.89,2025-09-13,3,2187,Shivamogga
4478,Oats 1kg,Groceries,6766.5,2024-08-14,3,2293,Belagavi
4479,Curd 500g,Dairy,2505.28,2022-01-05,2,1867,Vijayapura
4480,Parle-G Biscuits,Snacks,12241.11,2022-12-18,7,2639,Davanagere
4481,Khakhra Pack,Snacks,3499.39,2025-02-15,7,1068,Ballari
4482,Banana Chips,Snacks,1404.38,2022-09-03,1,1935,Bengaluru
4483,Sticky Notes,Stationery,2213.97,2024-05-12,3,1399,Kalaburagi
4484,Power Bank 10000mAh,Electronics,11605.34,2023-10-30,5,2645,Vijayapura
4485,Energy Drink,Beverages,4925.45,2023-11-16,3,2069,Kalaburagi
4486,Smart Watch,Electronics,1283.88,2022-01-23,1,2507,Udupi
4487,Ball Pen Pack,Stationery,4473.69,2025-09-08,3,2796,Shivamogga
4488,Dishwash Liquid,Home Care,1854.19,2025-04-14,7,1185,Mangaluru
4489,Floor Cleaner 1L,Home Care,16513.41,2022-01-19,8,1375,Ballari
4490,Wireless Earphones,Electronics,7524.53,2025-12-13,8,1121,Hubballi
4491,Buttermilk 200ml,Beverages,4879.53,2024-07-08,7,1002,Mangaluru
4492,Ball Pen Pack,Stationery,6060.86,2022-09-30,4,2730,Udupi
4493,Basmati Rice 5kg,Groceries,1408.84,2023-04-01,1,2431,Tumakuru
4494,USB Cable,Electronics,2807.64,2024-06-19,2,2618,Shivamogga
4495,Mobile Charger,Electronics,1519.88,2024-03-30,1,2694,Udupi
4496,Wireless Earphones,Electronics,2657.05,2025-03-13,3,1926,Davanagere
4497,Extension Board,Electronics,10487.53,2025-12-29,6,1820,Tumakuru
4498,Soft Drink 750ml,Beverages,157.79,2023-04-18,4,1877,Bengaluru
4499,Energy Drink,Beverages,11861.22,2025-05-22,7,2589,Vijayapura
4500,Sketch Pen Set,Stationery,667.11,2022-05-31,7,1265,Shivamogga
4501,Honey 500g,Groceries,8337.61,2024-09-19,5,2983,Kalaburagi
4502,Shampoo 180ml,Personal Care,2720.25,2023-06-10,3,1381,Vijayapura
4503,Sketch Pen Set,Stationery,653.27,2024-04-21,7,2155,Vijayapura
4504,Potato Chips,Snacks,553.52,2024-03-26,1,1149,Davanagere
4505,Oats 1kg,Groceries,14361.64,2023-12-08,7,1773,Vijayapura
4506,Jam 500g,Groceries,3056.36,2025-05-20,3,2621,Udupi
4507,Instant Noodles,Groceries,2049.25,2025-02-06,4,2505,Davanagere
4508,Khakhra Pack,Snacks,4498.04,2024-07-12,8,2252,Mangaluru
4509,Green Tea,Beverages,4481.3,2022-09-06,7,1506,Belagavi
4510,Sketch Pen Set,Stationery,271.87,2023-05-31,3,2834,Vijayapura
4511,Extension Board,Electronics,3533.11,2025-05-20,2,2082,Udupi
4512,Face Wash,Personal Care,4457.19,2022-09-16,2,1825,Bengaluru
4513,Urad Dal 1kg,Groceries,619.08,2023-08-17,1,1610,Bengaluru
4514,HDMI Cable,Electronics,19518.27,2022-10-28,8,2721,Vijayapura
4515,Tea Powder 500g,Beverages,5589.05,2025-09-16,5,1465,Bengaluru
4516,Notebook,Stationery,3919.34,2022-08-31,2,1035,Hubballi
4517,Mouse,Electronics,4536.28,2025-07-25,8,2728,Ballari
4518,Air Freshener,Home Care,6729.09,2025-06-09,3,2107,Tumakuru
4519,Torch Light,Electronics,9405.63,2024-02-25,6,1609,Mangaluru
4520,Laptop Sleeve,Electronics,1623.02,2022-01-24,3,1675,Vijayapura
4521,HDMI Cable,Electronics,6140.78,2023-01-10,3,1479,Shivamogga
4522,Toilet Cleaner,Home Care,1538.55,2024-09-19,1,1874,Tumakuru
4523,Lassi 200ml,Beverages,2372.59,2023-06-19,2,2145,Vijayapura
4524,Khakhra Pack,Snacks,1753.22,2025-03-10,3,2926,Ballari
4525,Sugar 1kg,Groceries,10862.22,2022-09-27,6,2801,Bengaluru
4526,Milk 1L,Dairy,4640.68,2023-05-19,8,2287,Bengaluru
4527,Sanitary Pads,Personal Care,12564.8,2024-12-13,7,1882,Vijayapura
4528,Vermicelli 500g,Groceries,4356.56,2025-08-27,8,2875,Udupi
4529,Torch Light,Electronics,7862.64,2022-01-14,5,1635,Hubballi
4530,Basmati Rice 5kg,Groceries,11051.63,2025-12-26,8,1335,Shivamogga
4531,Floor Cleaner 1L,Home Care,4376.53,2024-09-14,2,2353,Vijayapura
4532,Ragi Flour 1kg,Groceries,11374.08,2022-04-17,7,2017,Davanagere
4533,Bluetooth Speaker,Electronics,7067.01,2022-05-31,4,2017,Shivamogga
4534,Groundnut Oil 1L,Groceries,927.18,2025-03-24,4,2561,Kalaburagi
4535,Shampoo 180ml,Personal Care,802.77,2023-11-15,1,2707,Vijayapura
4536,Honey 500g,Groceries,3350.74,2024-11-22,2,1992,Hubballi
4537,Detergent Powder 1kg,Home Care,1816.2,2023-09-03,8,2499,Mangaluru
4538,Ball Pen Pack,Stationery,7420.11,2024-07-07,5,1587,Ballari
4539,Lassi 200ml,Beverages,1222.73,2024-10-07,1,1884,Bengaluru
4540,Body Lotion,Personal Care,3338.66,2023-04-07,7,1646,Mysuru
4541,Rice 5kg,Groceries,12624.1,2022-06-06,8,2593,Vijayapura
4542,Filter Coffee 500g,Beverages,770.71,2025-11-10,8,2142,Shivamogga
4543,Curd 500g,Dairy,10583.66,2025-09-08,8,1341,Ballari
4544,Jam 500g,Groceries,5500.58,2023-12-22,6,1786,Hubballi
4545,USB Cable,Electronics,1378.2,2022-05-31,1,2144,Shivamogga
4546,Keyboard,Electronics,1883.93,2025-01-20,1,2520,Mysuru
4547,Butter 100g,Dairy,555.55,2024-07-14,6,1534,Belagavi
4548,Eraser Pack,Stationery,4570.99,2023-05-25,7,2234,Kalaburagi
4549,Parle-G Biscuits,Snacks,10386.89,2024-10-04,7,2682,Davanagere
4550,Rice 5kg,Groceries,1536.75,2025-04-18,1,1504,Bengaluru
4551,Basmati Rice 5kg,Groceries,9395.29,2022-08-29,6,2106,Belagavi
4552,Toor Dal 1kg,Groceries,2866.81,2025-12-28,4,2119,Mangaluru
4553,Shampoo 180ml,Personal Care,1832.77,2022-02-19,2,2395,Hubballi
4554,Jam 500g,Groceries,6859.13,2022-11-25,7,2572,Udupi
4555,Salt 1kg,Groceries,6811.51,2025-01-19,4,2136,Tumakuru
4556,Mobile Charger,Electronics,1433.53,2024-12-29,1,2107,Bengaluru
4557,Soft Drink 750ml,Beverages,243.82,2025-05-30,7,2430,Shivamogga
4558,Curd 500g,Dairy,8525.22,2024-06-14,7,2453,Vijayapura
4559,Detergent Powder 1kg,Home Care,1044.52,2023-12-03,4,2477,Tumakuru
4560,Potato Chips,Snacks,2065.24,2023-01-24,4,2239,Davanagere
4561,Printer Paper,Stationery,11540.12,2024-10-27,5,2860,Ballari
4562,Sunflower Oil 1L,Groceries,15588.83,2024-11-01,7,2475,Vijayapura
4563,Corn Flakes,Groceries,20725.42,2022-03-29,8,2222,Mangaluru
4564,Salt 1kg,Groceries,3464.0,2025-06-13,2,1190,Ballari
4565,File Folder,Stationery,7577.32,2022-06-11,5,1189,Hubballi
4566,Mixture Snack,Snacks,13847.08,2022-07-17,7,1687,Ballari
4567,Mobile Charger,Electronics,8435.83,2023-12-04,6,1334,Tumakuru
4568,LED Bulb 9W,Electronics,6256.86,2022-08-17,3,2217,Kalaburagi
4569,Khakhra Pack,Snacks,517.49,2024-07-20,1,2636,Kalaburagi
4570,Mango Juice 1L,Beverages,5471.67,2023-04-08,3,2231,Davanagere
4571,Rice 5kg,Groceries,12788.19,2023-07-13,8,1745,Udupi
4572,Mobile Charger,Electronics,6917.86,2025-11-30,5,2964,Bengaluru
4573,Stapler,Stationery,2608.44,2023-02-07,3,1164,Davanagere
4574,Tea Powder 500g,Beverages,5214.98,2022-05-31,5,2686,Vijayapura
4575,Peanut Butter,Groceries,5022.54,2025-03-26,6,1558,Tumakuru
4576,Smart Watch,Electronics,10785.24,2022-09-28,7,2788,Tumakuru
4577,Toothpaste 150g,Personal Care,1566.13,2025-03-26,4,1770,Bengaluru
4578,Ghee 500ml,Groceries,1184.97,2022-10-10,4,2535,Tumakuru
4579,Filter Coffee 500g,Beverages,424.09,2024-02-05,5,1996,Ballari
4580,Sanitary Pads,Personal Care,1724.42,2024-03-06,1,2059,Tumakuru
4581,Sunflower Oil 1L,Groceries,14542.67,2022-04-17,6,1806,Hubballi
4582,Salt 1kg,Groceries,11639.76,2024-06-07,7,2699,Bengaluru
4583,Green Tea,Beverages,656.77,2024-12-23,1,2817,Kalaburagi
4584,Curd 500g,Dairy,8495.8,2022-01-17,7,2278,Ballari
4585,Jam 500g,Groceries,1806.49,2023-03-20,2,2202,Bengaluru
4586,Jam 500g,Groceries,2197.94,2022-05-01,2,2650,Udupi
4587,LED Bulb 9W,Electronics,1877.4,2022-10-05,1,1048,Vijayapura
4588,Power Bank 10000mAh,Electronics,13601.57,2023-02-14,6,2572,Davanagere
4589,Green Tea,Beverages,5897.55,2024-01-21,8,1474,Mysuru
4590,Peanut Butter,Groceries,2626.52,2022-03-27,3,1102,Vijayapura
4591,Stapler,Stationery,5102.91,2024-08-07,7,1715,Davanagere
4592,Ball Pen Pack,Stationery,8871.93,2023-07-14,6,2291,Vijayapura
4593,Banana Chips,Snacks,1427.76,2025-02-14,1,2972,Vijayapura
4594,Notebook,Stationery,11268.8,2023-04-07,5,2053,Mysuru
4595,Good Day Biscuits,Snacks,1407.28,2022-09-05,1,2472,Ballari
4596,Mineral Water 1L,Beverages,15529.21,2023-12-19,7,2085,Hubballi
4597,Notebook,Stationery,10928.94,2024-03-26,5,1832,Mangaluru
4598,Bath Soap,Personal Care,9771.51,2024-10-07,6,2263,Davanagere
4599,Sunflower Oil 1L,Groceries,13929.91,2024-02-18,6,1025,Hubballi
4600,Murukku Pack,Snacks,1449.02,2022-10-13,2,1635,Ballari
4601,Namkeen Mix,Snacks,1610.09,2023-08-30,1,1920,Kalaburagi
4602,Soft Drink 750ml,Beverages,273.16,2024-04-11,7,1033,Mangaluru
4603,Hair Oil 200ml,Personal Care,5435.98,2022-05-09,6,1750,Ballari
4604,Ghee 500ml,Groceries,247.27,2023-02-12,1,2395,Bengaluru
4605,Tea Powder 500g,Beverages,8070.97,2025-07-24,8,2948,Mysuru
4606,Namkeen Mix,Snacks,13821.4,2023-10-10,8,1867,Bengaluru
4607,Almonds 500g,Groceries,1768.17,2024-02-04,8,1265,Mangaluru
4608,USB Cable,Electronics,6175.64,2023-05-18,5,2210,Shivamogga
4609,Basmati Rice 5kg,Groceries,11770.67,2022-04-26,8,2454,Tumakuru
4610,Power Bank 10000mAh,Electronics,13764.26,2025-10-24,6,2663,Shivamogga
4611,Glass Cleaner,Home Care,926.32,2024-07-31,1,1253,Vijayapura
4612,Milk 1L,Dairy,3884.16,2023-09-08,7,2736,Udupi
4613,Khakhra Pack,Snacks,2127.97,2024-03-06,4,2813,Mysuru
4614,Instant Noodles,Groceries,2040.33,2023-10-23,4,2462,Vijayapura
4615,Bluetooth Speaker,Electronics,8807.71,2025-02-19,5,1943,Tumakuru
4616,Instant Noodles,Groceries,529.58,2024-08-17,1,1101,Mangaluru
4617,Extension Board,Electronics,15655.36,2022-07-01,8,2111,Belagavi
4618,Extension Board,Electronics,1941.6,2022-07-25,1,2155,Mangaluru
4619,Mango Juice 1L,Beverages,2060.2,2024-06-04,1,2002,Hubballi
4620,Dishwash Liquid,Home Care,1112.27,2022-10-22,4,2414,Udupi
4621,Lassi 200ml,Beverages,8731.32,2025-10-29,8,1273,Hubballi
4622,Oats 1kg,Groceries,14706.1,2022-03-23,7,1382,Ballari
4623,Banana Chips,Snacks,8426.22,2022-12-02,6,2671,Tumakuru
4624,Deodorant,Personal Care,3046.52,2025-04-30,7,2337,Mangaluru
4625,Power Bank 10000mAh,Electronics,7211.36,2023-04-30,3,2274,Udupi
4626,Mango Juice 1L,Beverages,8430.47,2023-11-24,4,2335,Mangaluru
4627,Salt 1kg,Groceries,4827.98,2023-01-09,3,1045,Vijayapura
4628,Butter 100g,Dairy,445.25,2022-01-01,5,1134,Tumakuru
4629,Buttermilk 200ml,Beverages,2560.28,2022-12-25,4,2058,Belagavi
4630,Ball Pen Pack,Stationery,4393.66,2023-09-01,3,2014,Kalaburagi
4631,Filter Coffee 500g,Beverages,303.64,2022-01-19,3,2638,Kalaburagi
4632,Scrub Pad,Home Care,10260.13,2022-06-22,6,1673,Belagavi
4633,Cashew 500g,Groceries,2388.62,2022-04-28,3,2874,Davanagere
4634,Poha 1kg,Groceries,948.28,2025-06-01,7,2275,Mysuru
4635,Hair Oil 200ml,Personal Care,3162.11,2022-01-08,4,2468,Tumakuru
4636,Notebook,Stationery,7831.56,2022-11-13,4,1378,Tumakuru
4637,File Folder,Stationery,4587.03,2024-10-06,3,1921,Davanagere
4638,Glass Cleaner,Home Care,3616.43,2022-06-04,4,1849,Udupi
4639,Pendrive 64GB,Electronics,2302.28,2024-04-02,1,2902,Belagavi
4640,Scrub Pad,Home Care,1743.98,2024-06-26,1,1008,Hubballi
4641,Corn Flakes,Groceries,12883.65,2024-02-15,6,2634,Bengaluru
4642,Vermicelli 500g,Groceries,3279.03,2024-10-28,6,2631,Belagavi
4643,Banana Chips,Snacks,6791.85,2022-03-18,5,2312,Davanagere
4644,Printer Paper,Stationery,1998.39,2024-10-12,1,1554,Bengaluru
4645,Torch Light,Electronics,10233.33,2024-01-22,7,2037,Mangaluru
4646,Namkeen Mix,Snacks,12809.41,2024-01-31,8,2166,Bengaluru
4647,Hand Wash,Personal Care,4145.4,2022-03-23,3,1502,Udupi
4648,Khakhra Pack,Snacks,2289.91,2025-09-18,4,1731,Kalaburagi
4649,Khakhra Pack,Snacks,2938.48,2022-05-26,5,1580,Vijayapura
4650,Sanitary Pads,Personal Care,8803.04,2024-09-21,5,2323,Vijayapura
4651,Detergent Powder 1kg,Home Care,502.29,2023-03-22,2,2203,Udupi
4652,Peanut Butter,Groceries,6721.52,2025-01-14,8,2451,Belagavi
4653,Mineral Water 1L,Beverages,4354.39,2025-12-17,2,2037,Tumakuru
4654,Sugar 1kg,Groceries,11774.15,2022-01-30,6,2776,Belagavi
4655,Mineral Water 1L,Beverages,8498.7,2024-05-03,4,2588,Tumakuru
4656,Ball Pen Pack,Stationery,5752.72,2023-04-01,4,2998,Vijayapura
4657,USB Cable,Electronics,8695.74,2022-07-26,7,1322,Udupi
4658,Instant Noodles,Groceries,1121.36,2022-08-02,2,1675,Vijayapura
4659,Notebook,Stationery,11783.56,2022-02-03,6,1009,Udupi
4660,Filter Coffee 500g,Beverages,292.13,2024-06-13,3,2519,Udupi
4661,Mango Juice 1L,Beverages,6551.36,2025-04-26,3,2992,Ballari
4662,Printer Paper,Stationery,16566.58,2025-07-28,8,1331,Shivamogga
4663,Cheese Slices,Dairy,7874.4,2025-11-26,8,2007,Mysuru
4664,Keyboard,Electronics,6310.61,2022-09-21,3,1420,Davanagere
4665,Sketch Pen Set,Stationery,726.41,2025-09-08,8,2120,Belagavi
4666,Tea Powder 500g,Beverages,7497.67,2024-02-27,7,2429,Mysuru
4667,Hair Oil 200ml,Personal Care,4338.31,2024-01-28,5,1821,Belagavi
4668,Glass Cleaner,Home Care,4700.89,2025-10-23,5,1665,Ballari
4669,Namkeen Mix,Snacks,13338.64,2025-03-07,8,2588,Tumakuru
4670,Face Wash,Personal Care,10477.7,2025-06-25,4,2758,Davanagere
4671,Soft Drink 750ml,Beverages,141.45,2022-09-02,4,1104,Ballari
4672,Groundnut Oil 1L,Groceries,695.12,2024-02-26,3,1821,Mangaluru
4673,Rice 5kg,Groceries,3159.34,2023-12-31,2,2845,Shivamogga
4674,Sanitary Pads,Personal Care,13952.17,2023-11-08,7,2023,Kalaburagi
4675,Mouse,Electronics,3970.13,2024-01-05,7,2820,Davanagere
4676,Coconut Oil 1L,Groceries,1312.0,2022-12-19,2,1522,Davanagere
4677,Hand Wash,Personal Care,6896.64,2022-04-18,5,1792,Ballari
4678,Sanitary Pads,Personal Care,11015.49,2024-04-29,6,2656,Ballari
4679,Potato Chips,Snacks,2937.32,2024-01-02,5,1147,Tumakuru
4680,Energy Drink,Beverages,9110.31,2022-08-07,6,1316,Mangaluru
4681,USB Cable,Electronics,6425.3,2024-11-15,5,2206,Vijayapura
4682,Air Freshener,Home Care,11145.31,2023-02-18,5,1413,Ballari
4683,Murukku Pack,Snacks,4313.45,2023-04-23,7,2714,Shivamogga
4684,Air Freshener,Home Care,2587.92,2024-07-15,1,1041,Hubballi
4685,Murukku Pack,Snacks,2480.43,2025-06-28,4,1611,Belagavi
4686,Soft Drink 750ml,Beverages,144.85,2024-04-22,4,1125,Mangaluru
4687,Salt 1kg,Groceries,10660.66,2025-01-12,6,2253,Udupi
4688,Stapler,Stationery,2907.86,2025-05-31,4,2592,Belagavi
4689,Tea Powder 500g,Beverages,4068.51,2025-03-30,4,1025,Vijayapura
4690,Hand Wash,Personal Care,3259.45,2024-09-01,2,2222,Davanagere
4691,Peanut Butter,Groceries,5935.68,2023-07-13,8,1690,Mangaluru
4692,Corn Flakes,Groceries,10871.17,2024-01-13,5,1798,Vijayapura
4693,Wireless Earphones,Electronics,920.19,2022-03-28,1,1951,Hubballi
4694,Coconut Oil 1L,Groceries,4391.8,2024-10-04,7,1613,Ballari
4695,Wheat Atta 10kg,Groceries,492.01,2025-08-01,6,2953,Hubballi
4696,Peanut Butter,Groceries,4143.54,2023-11-21,5,2198,Kalaburagi
4697,Instant Noodles,Groceries,504.17,2024-06-04,1,1003,Mangaluru
4698,Buttermilk 200ml,Beverages,3228.99,2025-08-25,5,2786,Bengaluru
4699,Toilet Cleaner,Home Care,2945.74,2024-12-22,2,2230,Mangaluru
4700,Vermicelli 500g,Groceries,2990.63,2022-02-05,5,1960,Hubballi
4701,Basmati Rice 5kg,Groceries,3955.54,2022-07-17,3,2155,Udupi
4702,Body Lotion,Personal Care,3534.86,2024-12-26,8,1895,Davanagere
4703,Ghee 500ml,Groceries,1770.78,2022-08-21,6,2345,Belagavi
4704,Tea Powder 500g,Beverages,7819.63,2025-11-07,7,2071,Udupi
4705,Mango Juice 1L,Beverages,7272.31,2024-12-05,4,2546,Udupi
4706,Potato Chips,Snacks,3595.11,2024-11-30,6,2790,Tumakuru
4707,Keyboard,Electronics,8956.32,2024-05-10,5,1326,Hubballi
4708,Torch Light,Electronics,5489.08,2024-05-29,4,1064,Udupi
4709,Torch Light,Electronics,9211.17,2024-02-11,6,2468,Vijayapura
4710,Mobile Charger,Electronics,4133.21,2024-09-11,3,1600,Ballari
4711,Detergent Powder 1kg,Home Care,534.95,2024-06-27,2,1395,Udupi
4712,Rice 5kg,Groceries,11022.07,2025-04-24,7,1438,Kalaburagi
4713,Torch Light,Electronics,2864.01,2024-12-20,2,2891,Mysuru
4714,Glass Cleaner,Home Care,2764.88,2022-10-28,3,2816,Tumakuru
4715,Ghee 500ml,Groceries,1643.37,2024-04-28,6,2276,Ballari
4716,Jam 500g,Groceries,1087.98,2022-11-09,1,1483,Mangaluru
4717,Deodorant,Personal Care,1204.3,2024-08-28,3,1244,Davanagere
4718,Eraser Pack,Stationery,692.37,2022-12-17,1,1467,Davanagere
4719,Peanut Butter,Groceries,726.11,2024-05-27,1,1648,Belagavi
4720,Marker Pen,Stationery,4985.68,2025-02-04,8,1575,Davanagere
4721,Sanitary Pads,Personal Care,11415.32,2022-05-25,6,2285,Davanagere
4722,Chocolate Bar,Snacks,18045.8,2023-02-19,8,2216,Ballari
4723,Filter Coffee 500g,Beverages,100.34,2023-03-07,1,1948,Ballari
4724,Tea Powder 500g,Beverages,6504.67,2023-10-19,6,2012,Vijayapura
4725,Groundnut Oil 1L,Groceries,1147.33,2025-05-31,5,2561,Udupi
4726,File Folder,Stationery,9228.25,2025-01-31,7,1431,Ballari
4727,Power Bank 10000mAh,Electronics,19120.23,2024-12-11,8,1047,Mangaluru
4728,Toor Dal 1kg,Groceries,5502.65,2022-11-06,8,1488,Vijayapura
4729,Khakhra Pack,Snacks,1010.18,2025-07-17,2,2611,Kalaburagi
4730,Lassi 200ml,Beverages,1188.53,2023-11-15,1,2512,Mysuru
4731,Instant Noodles,Groceries,1011.44,2025-03-07,2,2326,Ballari
4732,Mouse,Electronics,4402.23,2022-07-21,7,2047,Mangaluru
4733,Urad Dal 1kg,Groceries,4136.1,2024-04-02,8,1795,Udupi
4734,Mineral Water 1L,Beverages,2458.81,2022-04-07,1,1932,Vijayapura
4735,Potato Chips,Snacks,2258.17,2022-10-28,4,2208,Ballari
4736,Mixture Snack,Snacks,14342.95,2023-04-19,7,1459,Belagavi
4737,Keyboard,Electronics,14050.61,2025-05-29,7,2848,Davanagere
4738,Salt 1kg,Groceries,7083.37,2022-04-01,4,1862,Davanagere
4739,Poha 1kg,Groceries,1071.48,2024-04-27,8,2766,Ballari
4740,Floor Cleaner 1L,Home Care,8212.72,2025-11-15,4,1914,Bengaluru
4741,Smart Watch,Electronics,10618.32,2022-07-27,8,2569,Mangaluru
4742,Phone Stand,Electronics,3718.8,2023-11-06,4,1697,Kalaburagi
4743,Salt 1kg,Groceries,10066.94,2022-03-09,6,1733,Mangaluru
4744,Torch Light,Electronics,2954.12,2025-06-19,2,2236,Kalaburagi
4745,Floor Cleaner 1L,Home Care,11056.45,2023-07-28,5,1540,Bengaluru
4746,Basmati Rice 5kg,Groceries,9550.47,2025-01-05,6,1429,Mysuru
4747,Filter Coffee 500g,Beverages,428.55,2024-09-16,5,2948,Bengaluru
4748,HDMI Cable,Electronics,4720.15,2023-04-10,2,2328,Shivamogga
4749,Sunflower Oil 1L,Groceries,8752.9,2024-06-28,4,1234,Shivamogga
4750,File Folder,Stationery,10516.28,2024-12-29,7,2233,Mysuru
4751,Sugar 1kg,Groceries,15889.34,2024-07-11,8,2266,Davanagere
4752,Stapler,Stationery,862.29,2022-10-19,1,1476,Kalaburagi
4753,Printer Paper,Stationery,10477.04,2024-11-15,5,1598,Belagavi
4754,Murukku Pack,Snacks,5538.11,2023-08-24,8,1051,Hubballi
4755,Namkeen Mix,Snacks,12423.61,2022-02-14,7,1136,Tumakuru
4756,Dishwash Liquid,Home Care,797.22,2024-09-09,3,1448,Davanagere
4757,Pendrive 64GB,Electronics,9063.36,2023-12-29,4,2193,Davanagere
4758,Ghee 500ml,Groceries,2253.17,2022-11-25,8,2232,Udupi
4759,Laptop Sleeve,Electronics,1746.76,2023-04-24,3,1214,Ballari
4760,Cheese Slices,Dairy,3910.3,2022-10-07,4,2157,Mysuru
4761,Vermicelli 500g,Groceries,3807.32,2025-09-17,6,1624,Kalaburagi
4762,Mango Juice 1L,Beverages,7632.31,2023-09-07,4,1186,Tumakuru
4763,Green Tea,Beverages,1432.92,2025-07-07,2,2514,Belagavi
4764,Stapler,Stationery,3262.6,2024-03-07,4,1050,Davanagere
4765,Detergent Powder 1kg,Home Care,1197.96,2024-02-27,5,2734,Davanagere
4766,USB Cable,Electronics,8837.95,2022-09-08,7,1708,Udupi
4767,File Folder,Stationery,8549.01,2025-08-24,6,1169,Kalaburagi
4768,Smart Watch,Electronics,7343.51,2025-06-02,5,1236,Tumakuru
4769,Tea Powder 500g,Beverages,7682.88,2022-01-27,8,2943,Mangaluru
4770,Bath Soap,Personal Care,3512.32,2022-07-12,2,1829,Vijayapura
4771,Instant Noodles,Groceries,1118.1,2023-08-11,2,2826,Mysuru
4772,Toilet Cleaner,Home Care,8098.69,2025-09-29,5,1983,Tumakuru
4773,Groundnut Oil 1L,Groceries,1252.81,2023-02-21,5,2422,Davanagere
4774,Sanitary Pads,Personal Care,8274.26,2022-09-21,5,2212,Udupi
4775,Potato Chips,Snacks,3799.12,2025-07-28,7,1495,Hubballi
4776,Urad Dal 1kg,Groceries,1694.78,2025-07-23,3,1713,Udupi
4777,Urad Dal 1kg,Groceries,4181.2,2023-01-19,7,1239,Ballari
4778,Face Wash,Personal Care,16345.38,2024-07-30,7,1253,Vijayapura
4779,Energy Drink,Beverages,10982.98,2022-06-09,7,1004,Mangaluru
4780,Ragi Flour 1kg,Groceries,13398.87,2023-07-24,7,1357,Bengaluru
4781,Banana Chips,Snacks,4118.51,2025-12-02,3,1451,Belagavi
4782,Buttermilk 200ml,Beverages,619.01,2023-03-04,1,2486,Davanagere
4783,Namkeen Mix,Snacks,7017.62,2024-09-26,4,1734,Vijayapura
4784,Toor Dal 1kg,Groceries,1396.94,2024-07-15,2,2259,Mysuru
4785,Poha 1kg,Groceries,411.8,2023-07-20,3,2668,Tumakuru
4786,Good Day Biscuits,Snacks,6574.41,2025-06-17,5,1337,Hubballi
4787,Extension Board,Electronics,10018.14,2023-09-15,6,2744,Tumakuru
4788,Ghee 500ml,Groceries,2037.89,2022-10-14,7,2779,Tumakuru
4789,Sunflower Oil 1L,Groceries,4509.5,2023-05-20,2,2003,Mangaluru
4790,Energy Drink,Beverages,5832.31,2025-04-12,4,2603,Shivamogga
4791,Torch Light,Electronics,11098.35,2025-07-21,7,1686,Shivamogga
4792,Honey 500g,Groceries,5074.06,2024-09-22,3,2404,Davanagere
4793,Energy Drink,Beverages,8480.44,2023-09-04,5,2245,Bengaluru
4794,Urad Dal 1kg,Groceries,2490.3,2025-01-26,4,1663,Bengaluru
4795,Shampoo 180ml,Personal Care,5020.46,2023-03-03,6,2704,Belagavi
4796,Notebook,Stationery,11163.46,2024-03-28,5,1986,Mangaluru
4797,Toothpaste 150g,Personal Care,1645.94,2023-09-08,4,1961,Hubballi
4798,Toilet Cleaner,Home Care,2884.39,2024-01-10,2,1566,Tumakuru
4799,Milk 1L,Dairy,3499.24,2023-08-22,6,2189,Hubballi
4800,Soft Drink 750ml,Beverages,199.07,2023-06-18,6,2427,Vijayapura
4801,Deodorant,Personal Care,3462.91,2023-10-11,8,1438,Mysuru
4802,Banana Chips,Snacks,1419.02,2025-04-09,1,1660,Belagavi
4803,Extension Board,Electronics,14624.8,2024-06-10,8,1871,Mysuru
4804,Keyboard,Electronics,7080.66,2024-12-18,4,2648,Shivamogga
4805,Pendrive 64GB,Electronics,1924.47,2025-11-27,1,2098,Davanagere
4806,Extension Board,Electronics,3521.88,2025-04-07,2,1173,Shivamogga
4807,Curd 500g,Dairy,2419.32,2024-06-06,2,1986,Ballari
4808,Murukku Pack,Snacks,2100.04,2022-01-31,3,1996,Ballari
4809,Filter Coffee 500g,Beverages,690.7,2025-06-13,8,2376,Tumakuru
4810,File Folder,Stationery,8343.07,2022-09-21,6,1678,Davanagere
4811,Sunflower Oil 1L,Groceries,16073.1,2025-08-27,7,2716,Bengaluru
4812,Mixture Snack,Snacks,15105.59,2025-09-06,7,1406,Hubballi
4813,Filter Coffee 500g,Beverages,613.21,2023-01-03,6,2448,Udupi
4814,Hair Oil 200ml,Personal Care,838.38,2022-04-19,1,1379,Hubballi
4815,Sunflower Oil 1L,Groceries,7312.61,2024-06-03,3,2791,Shivamogga
4816,Torch Light,Electronics,9541.67,2022-02-08,6,2383,Shivamogga
4817,Banana Chips,Snacks,4255.98,2022-07-15,3,1197,Belagavi
4818,Soft Drink 750ml,Beverages,35.42,2024-09-10,1,1076,Mysuru
4819,Ragi Flour 1kg,Groceries,3362.25,2025-04-20,2,2160,Mangaluru
4820,Toor Dal 1kg,Groceries,1539.81,2024-04-02,2,1870,Hubballi
4821,Detergent Powder 1kg,Home Care,694.34,2022-10-07,3,1570,Bengaluru
4822,Sugar 1kg,Groceries,10485.12,2025-04-17,6,1268,Mangaluru
4823,Laptop Sleeve,Electronics,1538.55,2024-02-13,3,1287,Kalaburagi
4824,Urad Dal 1kg,Groceries,1252.86,2025-06-11,2,2552,Bengaluru
4825,Filter Coffee 500g,Beverages,197.5,2023-06-09,2,2095,Belagavi
4826,Detergent Powder 1kg,Home Care,1015.22,2023-01-30,4,1467,Kalaburagi
4827,Shampoo 180ml,Personal Care,4852.8,2024-02-15,6,2957,Mysuru
4828,Dishwash Liquid,Home Care,739.55,2025-05-09,3,1521,Shivamogga
4829,Murukku Pack,Snacks,3296.76,2023-03-20,5,1624,Mangaluru
4830,Pendrive 64GB,Electronics,14176.29,2023-09-03,7,2249,Davanagere
4831,Namkeen Mix,Snacks,1520.8,2025-04-10,1,2049,Tumakuru
4832,Namkeen Mix,Snacks,6206.03,2022-04-22,4,2495,Vijayapura
4833,Coconut Oil 1L,Groceries,2359.3,2024-07-18,4,2304,Kalaburagi
4834,Air Freshener,Home Care,9454.18,2025-03-19,4,2127,Kalaburagi
4835,File Folder,Stationery,7926.36,2024-08-24,6,2701,Hubballi
4836,Coconut Oil 1L,Groceries,4461.25,2022-07-08,7,1686,Udupi
4837,Shampoo 180ml,Personal Care,6629.45,2024-04-07,7,1760,Shivamogga
4838,Oats 1kg,Groceries,4182.8,2024-03-09,2,2967,Mangaluru
4839,Green Tea,Beverages,3048.78,2024-11-12,4,1125,Vijayapura
4840,Chocolate Bar,Snacks,15744.77,2023-06-30,7,1969,Shivamogga
4841,Floor Cleaner 1L,Home Care,8324.75,2025-04-06,4,2430,Shivamogga
4842,Mango Juice 1L,Beverages,10855.43,2023-07-09,5,2892,Tumakuru
4843,Hand Wash,Personal Care,9490.44,2023-11-24,6,1427,Ballari
4844,Honey 500g,Groceries,10659.8,2025-07-22,7,2804,Vijayapura
4845,Instant Noodles,Groceries,3421.07,2022-11-12,6,1594,Hubballi
4846,Ice Cream Tub,Dairy,8025.28,2022-11-05,8,1610,Mysuru
4847,Cashew 500g,Groceries,5407.84,2025-08-05,8,1938,Kalaburagi
4848,Chocolate Bar,Snacks,9830.71,2025-01-25,4,2908,Hubballi
4849,Poha 1kg,Groceries,629.78,2025-09-12,5,1587,Tumakuru
4850,Instant Noodles,Groceries,3259.58,2024-05-28,6,1505,Kalaburagi
4851,Peanut Butter,Groceries,786.47,2022-07-27,1,1806,Udupi
4852,Stapler,Stationery,2308.77,2024-08-21,3,2209,Kalaburagi
4853,LED Bulb 9W,Electronics,3974.85,2023-12-27,2,2763,Hubballi
4854,Pendrive 64GB,Electronics,3884.17,2024-11-21,2,2344,Hubballi
4855,Glass Cleaner,Home Care,1741.13,2022-02-17,2,2019,Hubballi
4856,Air Freshener,Home Care,7243.25,2024-08-23,3,2416,Mangaluru
4857,Rice 5kg,Groceries,3066.31,2025-06-10,2,1868,Davanagere
4858,Instant Noodles,Groceries,549.32,2022-10-14,1,1792,Udupi
4859,Mobile Charger,Electronics,5131.55,2022-09-08,4,1585,Tumakuru
4860,Hair Oil 200ml,Personal Care,4515.64,2024-06-24,5,1813,Mangaluru
4861,Poha 1kg,Groceries,713.41,2025-03-30,5,2703,Kalaburagi
4862,Bath Soap,Personal Care,13099.39,2023-08-31,7,1706,Tumakuru
4863,Detergent Powder 1kg,Home Care,1019.61,2024-07-31,4,1285,Udupi
4864,Honey 500g,Groceries,7423.38,2024-03-20,5,2681,Vijayapura
4865,Power Bank 10000mAh,Electronics,5346.98,2022-08-13,2,1372,Kalaburagi
4866,Murukku Pack,Snacks,4983.45,2025-03-07,7,1943,Mysuru
4867,Eraser Pack,Stationery,4378.59,2025-10-08,7,1053,Tumakuru
4868,Instant Noodles,Groceries,2050.6,2023-03-28,4,2229,Mysuru
4869,Sugar 1kg,Groceries,4029.64,2022-08-09,2,1348,Shivamogga
4870,Peanut Butter,Groceries,738.54,2023-05-21,1,2163,Vijayapura
4871,Wireless Earphones,Electronics,1008.9,2022-06-16,1,1399,Hubballi
4872,Toilet Cleaner,Home Care,8302.43,2023-03-18,5,1976,Kalaburagi
4873,Chocolate Bar,Snacks,19330.95,2023-02-25,8,2960,Kalaburagi
4874,Mobile Charger,Electronics,2656.69,2025-02-27,2,2118,Udupi
4875,Power Bank 10000mAh,Electronics,5088.94,2022-05-26,2,2772,Tumakuru
4876,Bluetooth Speaker,Electronics,6236.03,2023-05-30,4,2862,Ballari
4877,Curd 500g,Dairy,2495.86,2023-08-03,2,2185,Kalaburagi
4878,Jam 500g,Groceries,2111.13,2022-04-08,2,2738,Belagavi
4879,HDMI Cable,Electronics,7270.4,2022-03-21,3,1309,Ballari
4880,Corn Flakes,Groceries,17675.18,2022-09-01,7,1828,Ballari
4881,Sugar 1kg,Groceries,3970.73,2025-05-18,2,1082,Hubballi
4882,Ball Pen Pack,Stationery,4309.35,2023-02-15,3,1529,Ballari
4883,Vermicelli 500g,Groceries,2957.27,2022-11-16,5,1123,Hubballi
4884,Ragi Flour 1kg,Groceries,6468.02,2022-05-06,4,2425,Davanagere
4885,Oats 1kg,Groceries,4374.2,2025-04-26,2,1205,Hubballi
4886,Marker Pen,Stationery,4365.47,2023-10-26,7,2613,Davanagere
4887,Butter 100g,Dairy,181.6,2022-08-26,2,1417,Mangaluru
4888,Butter 100g,Dairy,465.62,2022-02-03,5,1278,Belagavi
4889,Glass Cleaner,Home Care,896.0,2024-12-02,1,2138,Kalaburagi
4890,Curd 500g,Dairy,5846.92,2022-09-29,5,2722,Ballari
4891,Deodorant,Personal Care,2048.43,2024-09-19,5,2913,Udupi
4892,Filter Coffee 500g,Beverages,410.89,2024-09-02,4,2740,Ballari
4893,Green Tea,Beverages,5539.4,2024-05-27,8,1385,Vijayapura
4894,Filter Coffee 500g,Beverages,379.66,2022-06-13,4,1077,Kalaburagi
4895,Bluetooth Speaker,Electronics,8786.18,2022-08-16,5,2347,Tumakuru
4896,Good Day Biscuits,Snacks,6403.74,2025-08-06,5,1311,Mysuru
4897,Almonds 500g,Groceries,1171.54,2022-06-05,5,2455,Hubballi
4898,Milk 1L,Dairy,3182.93,2022-04-16,6,1842,Vijayapura
4899,Phone Stand,Electronics,7732.56,2023-01-15,7,1796,Mysuru
4900,Murukku Pack,Snacks,3624.78,2023-11-22,5,1343,Shivamogga
4901,Shampoo 180ml,Personal Care,7241.71,2022-06-03,8,1005,Mangaluru
4902,Sticky Notes,Stationery,3854.71,2022-05-14,6,2914,Udupi
4903,Glass Cleaner,Home Care,4825.04,2024-01-06,5,1873,Tumakuru
4904,Lassi 200ml,Beverages,5797.49,2025-05-09,5,1453,Bengaluru
4905,Urad Dal 1kg,Groceries,3170.16,2025-07-11,6,2436,Udupi
4906,Cashew 500g,Groceries,5113.59,2025-09-20,7,2879,Tumakuru
4907,Detergent Powder 1kg,Home Care,1459.28,2024-10-30,6,1607,Mangaluru
4908,Toothpaste 150g,Personal Care,3334.37,2022-06-26,8,1934,Mangaluru
4909,Ice Cream Tub,Dairy,5998.66,2025-08-31,7,1741,Tumakuru
4910,Ghee 500ml,Groceries,257.44,2022-01-17,1,1976,Bengaluru
4911,Phone Stand,Electronics,926.23,2025-09-01,1,2887,Belagavi
4912,Parle-G Biscuits,Snacks,5880.81,2024-02-14,4,2043,Kalaburagi
4913,Chocolate Bar,Snacks,6692.27,2025-12-05,3,2049,Davanagere
4914,Paneer 200g,Dairy,462.16,2025-07-30,1,2665,Tumakuru
4915,Murukku Pack,Snacks,705.61,2022-07-25,1,1996,Mangaluru
4916,Stapler,Stationery,2169.97,2024-04-14,3,1346,Hubballi
4917,Pendrive 64GB,Electronics,3901.23,2025-09-12,2,1331,Mangaluru
4918,Toilet Cleaner,Home Care,4599.25,2023-01-06,3,1359,Ballari
4919,Soft Drink 750ml,Beverages,163.02,2023-07-23,5,1965,Shivamogga
4920,Soft Drink 750ml,Beverages,140.37,2025-05-26,4,2211,Vijayapura
4921,Printer Paper,Stationery,1941.88,2022-07-08,1,1080,Udupi
4922,Instant Noodles,Groceries,2690.33,2022-08-26,5,1468,Shivamogga
4923,Paneer 200g,Dairy,1115.73,2023-12-12,2,2367,Bengaluru
4924,Ragi Flour 1kg,Groceries,6813.0,2024-06-26,4,2900,Mangaluru
4925,Bath Soap,Personal Care,5699.24,2022-01-16,3,2622,Tumakuru
4926,Ball Pen Pack,Stationery,3194.6,2025-09-23,2,1737,Davanagere
4927,Corn Flakes,Groceries,2405.02,2024-08-09,1,2074,Hubballi
4928,Urad Dal 1kg,Groceries,1867.5,2022-02-05,3,2744,Mysuru
4929,Urad Dal 1kg,Groceries,2639.71,2023-08-13,5,2864,Udupi
4930,Vermicelli 500g,Groceries,2247.73,2025-06-09,4,1682,Mangaluru
4931,Keyboard,Electronics,4223.28,2023-06-22,2,1590,Davanagere
4932,Corn Flakes,Groceries,17499.04,2023-08-13,7,2501,Kalaburagi
4933,Potato Chips,Snacks,529.89,2025-08-06,1,2045,Kalaburagi
4934,Corn Flakes,Groceries,8532.9,2023-03-31,4,2549,Shivamogga
4935,Bluetooth Speaker,Electronics,1777.51,2023-04-11,1,1952,Ballari
4936,Honey 500g,Groceries,3401.32,2022-07-19,2,1455,Kalaburagi
4937,Eraser Pack,Stationery,4801.05,2023-05-06,8,2684,Udupi
4938,Khakhra Pack,Snacks,520.04,2023-11-11,1,2132,Shivamogga
4939,Almonds 500g,Groceries,1842.13,2025-04-28,8,2172,Belagavi
4940,Toor Dal 1kg,Groceries,3290.3,2022-01-02,5,2709,Tumakuru
4941,Lassi 200ml,Beverages,8213.36,2022-04-11,7,2413,Belagavi
4942,Coconut Oil 1L,Groceries,1799.06,2025-01-17,3,1879,Bengaluru
4943,Energy Drink,Beverages,3338.53,2024-03-06,2,1680,Tumakuru
4944,Deodorant,Personal Care,1610.31,2023-07-14,4,1761,Davanagere
4945,Salt 1kg,Groceries,3327.86,2022-10-22,2,1910,Tumakuru
4946,Curd 500g,Dairy,5009.85,2025-02-21,4,1142,Belagavi
4947,Jam 500g,Groceries,929.09,2023-03-27,1,2301,Bengaluru
4948,Keyboard,Electronics,9128.27,2024-03-27,5,2262,Vijayapura
4949,Mango Juice 1L,Beverages,13551.87,2023-09-10,7,1942,Davanagere
4950,Toothpaste 150g,Personal Care,2580.87,2022-01-19,6,2089,Belagavi
4951,Toothpaste 150g,Personal Care,1701.51,2023-05-29,4,1357,Hubballi
4952,Printer Paper,Stationery,2272.13,2023-07-15,1,1164,Davanagere
4953,Potato Chips,Snacks,2612.79,2023-11-09,5,1701,Hubballi
4954,Cheese Slices,Dairy,1811.42,2023-11-24,2,1646,Davanagere
4955,Notebook,Stationery,2028.81,2024-10-18,1,2154,Tumakuru
4956,Wheat Atta 10kg,Groceries,235.14,2024-01-26,3,1927,Bengaluru
4957,LED Bulb 9W,Electronics,7636.49,2022-10-23,4,2271,Shivamogga
4958,Mineral Water 1L,Beverages,11117.41,2023-04-01,5,2738,Mysuru
4959,Poha 1kg,Groceries,402.95,2023-04-09,3,1095,Belagavi
4960,Toor Dal 1kg,Groceries,2150.48,2024-03-14,3,1377,Udupi
4961,Eraser Pack,Stationery,1248.78,2022-07-23,2,1995,Belagavi
4962,Mango Juice 1L,Beverages,6453.99,2022-02-24,3,1619,Mysuru
4963,Murukku Pack,Snacks,5502.17,2022-12-29,8,2854,Mysuru
4964,Coconut Oil 1L,Groceries,2432.45,2024-04-11,4,1784,Vijayapura
4965,Detergent Powder 1kg,Home Care,2143.46,2022-01-11,8,1812,Hubballi
4966,Potato Chips,Snacks,3571.18,2023-03-18,6,1249,Hubballi
4967,Jam 500g,Groceries,3003.58,2023-09-11,3,2089,Shivamogga
4968,Rice 5kg,Groceries,4481.31,2024-05-06,3,1196,Kalaburagi
4969,Honey 500g,Groceries,1515.91,2023-05-06,1,2317,Hubballi
4970,Dishwash Liquid,Home Care,1596.27,2024-09-29,6,2238,Davanagere
4971,Milk 1L,Dairy,506.23,2025-08-16,1,1045,Mangaluru
4972,Honey 500g,Groceries,9735.29,2024-02-11,6,1300,Mangaluru
4973,Cashew 500g,Groceries,5386.36,2025-10-18,7,1576,Udupi
4974,Bluetooth Speaker,Electronics,3445.38,2024-01-25,2,1725,Vijayapura
4975,Basmati Rice 5kg,Groceries,1517.77,2025-04-01,1,2274,Mangaluru
4976,Toilet Cleaner,Home Care,1452.2,2023-12-06,1,2489,Hubballi
4977,Banana Chips,Snacks,5431.15,2024-02-28,4,2334,Kalaburagi
4978,Glass Cleaner,Home Care,8328.15,2024-12-30,8,2574,Mysuru
4979,Notebook,Stationery,12154.58,2024-06-22,6,2504,Belagavi
4980,Extension Board,Electronics,13211.67,2022-08-31,8,2260,Belagavi
4981,Coconut Oil 1L,Groceries,2474.19,2025-12-03,4,2869,Mysuru
4982,Milk 1L,Dairy,4924.18,2024-05-26,8,2985,Tumakuru
4983,Namkeen Mix,Snacks,8900.56,2022-12-29,6,2350,Davanagere
4984,Torch Light,Electronics,9397.2,2022-02-24,7,2606,Vijayapura
4985,Mango Juice 1L,Beverages,4296.32,2025-08-20,2,1658,Davanagere
4986,Instant Noodles,Groceries,533.11,2022-06-01,1,2633,Udupi
4987,Eraser Pack,Stationery,588.17,2023-05-19,1,1142,Kalaburagi
4988,Parle-G Biscuits,Snacks,11372.77,2025-01-25,7,2393,Davanagere
4989,Urad Dal 1kg,Groceries,4118.67,2024-09-05,7,2296,Tumakuru
4990,Detergent Powder 1kg,Home Care,1423.88,2022-11-06,6,1407,Kalaburagi
4991,Smart Watch,Electronics,2824.42,2025-04-14,2,1319,Mysuru
4992,Banana Chips,Snacks,11030.7,2024-11-24,7,2476,Belagavi
4993,Torch Light,Electronics,8667.09,2024-10-16,6,1172,Mysuru
4994,Notebook,Stationery,6363.19,2023-01-30,3,1045,Bengaluru
4995,Urad Dal 1kg,Groceries,2272.93,2023-11-21,4,2583,Hubballi
4996,Oats 1kg,Groceries,7071.97,2025-12-10,3,2429,Mysuru
4997,Detergent Powder 1kg,Home Care,713.98,2023-12-07,3,2228,Kalaburagi
4998,File Folder,Stationery,9648.06,2023-03-04,7,1260,Davanagere
4999,Stapler,Stationery,3693.3,2025-09-11,5,2135,Hubballi
5000,Bluetooth Speaker,Electronics,11646.09,2022-05-27,7,2808,Shivamogga
5001,Detergent Powder 1kg,Home Care,681.21,2022-07-21,3,2596,Belagavi
5002,Laptop Sleeve,Electronics,599.39,2023-12-25,1,1336,Udupi
5003,Namkeen Mix,Snacks,10918.0,2024-06-01,7,1912,Hubballi
5004,Green Tea,Beverages,1505.42,2024-09-26,2,1375,Belagavi
5005,Ragi Flour 1kg,Groceries,10011.5,2023-05-25,6,2002,Shivamogga
5006,Cheese Slices,Dairy,6112.73,2024-03-01,6,2257,Davanagere
5007,Murukku Pack,Snacks,3430.24,2024-11-13,5,1602,Vijayapura
5008,Namkeen Mix,Snacks,4554.03,2025-03-29,3,1590,Udupi
5009,Green Tea,Beverages,1283.02,2024-04-13,2,2281,Mangaluru
5010,Ragi Flour 1kg,Groceries,1929.43,2025-03-30,1,1266,Vijayapura
5011,Chocolate Bar,Snacks,13728.67,2023-11-15,6,2759,Mysuru
5012,Mixture Snack,Snacks,2175.94,2022-09-16,1,2538,Davanagere
5013,Chocolate Bar,Snacks,17541.1,2023-04-19,8,2515,Shivamogga
5014,Toor Dal 1kg,Groceries,5711.26,2023-03-18,8,1528,Kalaburagi
5015,Wireless Earphones,Electronics,2630.64,2025-03-24,3,1226,Belagavi
5016,Hand Wash,Personal Care,9920.45,2023-01-17,6,1302,Hubballi
5017,Ball Pen Pack,Stationery,12335.64,2025-11-13,8,2915,Udupi
5018,Laptop Sleeve,Electronics,539.88,2023-12-08,1,2992,Davanagere
5019,Oats 1kg,Groceries,18803.39,2022-10-08,8,1766,Mysuru
5020,Mouse,Electronics,3056.7,2022-04-17,5,1940,Bengaluru
5021,Detergent Powder 1kg,Home Care,1029.99,2024-12-20,4,1275,Mysuru
5022,Ball Pen Pack,Stationery,12569.43,2022-10-22,8,2586,Hubballi
5023,Face Wash,Personal Care,19706.91,2022-11-16,8,2421,Bengaluru
5024,Oats 1kg,Groceries,10564.81,2024-03-19,5,2000,Tumakuru
5025,Body Lotion,Personal Care,435.12,2024-04-13,1,2291,Hubballi
5026,Laptop Sleeve,Electronics,1809.74,2024-12-01,3,1874,Hubballi
5027,Rice 5kg,Groceries,2933.67,2022-10-11,2,2809,Mangaluru
5028,Urad Dal 1kg,Groceries,618.45,2025-10-16,1,2061,Belagavi
5029,Pendrive 64GB,Electronics,9763.16,2023-06-03,5,2584,Ballari
5030,Detergent Powder 1kg,Home Care,1098.61,2023-03-12,4,1867,Davanagere
5031,Peanut Butter,Groceries,5068.23,2024-11-09,7,1341,Udupi
5032,Marker Pen,Stationery,4786.82,2025-07-30,7,1176,Udupi
5033,Detergent Powder 1kg,Home Care,1578.12,2023-11-19,7,2311,Kalaburagi
5034,USB Cable,Electronics,7276.57,2025-05-12,5,1273,Bengaluru
5035,Corn Flakes,Groceries,15331.32,2023-07-28,6,2164,Udupi
5036,Sunflower Oil 1L,Groceries,4793.04,2022-10-26,2,1536,Vijayapura
5037,Green Tea,Beverages,1534.54,2023-03-17,2,1767,Bengaluru
5038,HDMI Cable,Electronics,2056.74,2023-11-11,1,1598,Tumakuru
5039,Parle-G Biscuits,Snacks,12648.97,2024-12-22,8,2466,Udupi
5040,Torch Light,Electronics,1481.79,2022-04-10,1,1444,Ballari
5041,Keyboard,Electronics,1861.19,2025-07-30,1,1140,Bengaluru
5042,Notebook,Stationery,1982.19,2022-05-11,1,1714,Tumakuru
5043,Ice Cream Tub,Dairy,5077.98,2023-03-14,6,2708,Shivamogga
5044,Face Wash,Personal Care,4571.79,2025-08-15,2,1445,Davanagere
5045,Basmati Rice 5kg,Groceries,11195.86,2024-11-01,8,1103,Hubballi
5046,Salt 1kg,Groceries,1563.41,2024-04-05,1,2058,Shivamogga
5047,Energy Drink,Beverages,7898.49,2024-09-24,5,2722,Davanagere
5048,Instant Noodles,Groceries,2464.19,2025-05-30,5,1077,Mangaluru
5049,Glass Cleaner,Home Care,1885.5,2025-05-26,2,2080,Udupi
5050,Corn Flakes,Groceries,9402.99,2022-07-30,4,1893,Mysuru
5051,Paneer 200g,Dairy,3088.55,2024-03-08,6,1869,Ballari
5052,Namkeen Mix,Snacks,2984.28,2025-03-15,2,1963,Tumakuru
5053,Body Lotion,Personal Care,2708.73,2025-12-30,6,2068,Hubballi
5054,Phone Stand,Electronics,3767.04,2022-05-15,4,1976,Bengaluru
5055,Poha 1kg,Groceries,129.17,2025-01-03,1,1425,Shivamogga
5056,Face Wash,Personal Care,11626.02,2025-01-09,5,1138,Vijayapura
5057,Almonds 500g,Groceries,1472.43,2025-12-16,7,1308,Ballari
5058,Green Tea,Beverages,2760.72,2023-05-06,4,1507,Vijayapura
5059,HDMI Cable,Electronics,6446.33,2024-03-05,3,1820,Kalaburagi
5060,Mixture Snack,Snacks,4028.93,2025-12-05,2,1988,Shivamogga
5061,Corn Flakes,Groceries,2153.96,2023-11-08,1,2105,Belagavi
5062,Namkeen Mix,Snacks,11499.37,2025-05-23,7,2780,Hubballi
5063,Rice 5kg,Groceries,5789.11,2024-11-21,4,1699,Hubballi
5064,Mango Juice 1L,Beverages,15110.03,2024-02-26,8,1881,Vijayapura
5065,Corn Flakes,Groceries,8971.52,2022-05-23,4,2307,Shivamogga
5066,Groundnut Oil 1L,Groceries,681.37,2024-11-26,3,1760,Belagavi
5067,Namkeen Mix,Snacks,3559.04,2022-01-10,2,2647,Ballari
5068,Glass Cleaner,Home Care,4183.55,2022-01-16,4,2097,Vijayapura
5069,Air Freshener,Home Care,7995.04,2022-01-17,3,2309,Davanagere
5070,Floor Cleaner 1L,Home Care,6938.42,2024-08-31,3,1961,Davanagere
5071,Parle-G Biscuits,Snacks,3510.67,2024-10-23,2,1600,Mangaluru
5072,Ragi Flour 1kg,Groceries,5506.99,2024-09-11,3,2337,Ballari
5073,Ice Cream Tub,Dairy,3330.02,2025-05-19,4,1126,Bengaluru
5074,Body Lotion,Personal Care,825.99,2022-04-09,2,2695,Mangaluru
5075,Mobile Charger,Electronics,3911.7,2025-10-14,3,1595,Davanagere
5076,Dishwash Liquid,Home Care,252.0,2025-09-10,1,1991,Udupi
5077,Phone Stand,Electronics,8868.97,2022-07-12,8,2552,Vijayapura
5078,Namkeen Mix,Snacks,3370.02,2025-04-08,2,2293,Davanagere
5079,Paneer 200g,Dairy,3494.69,2025-06-03,7,1890,Shivamogga
5080,Khakhra Pack,Snacks,3980.77,2024-04-12,7,1607,Bengaluru
5081,Lassi 200ml,Beverages,8144.58,2023-04-26,7,1399,Belagavi
5082,Wireless Earphones,Electronics,866.24,2024-01-21,1,1312,Mangaluru
5083,Notebook,Stationery,6836.91,2024-02-17,3,2398,Udupi
5084,Ghee 500ml,Groceries,1142.58,2025-07-02,4,1411,Udupi
5085,Toothpaste 150g,Personal Care,1298.97,2025-04-01,3,1156,Belagavi
5086,Extension Board,Electronics,1814.6,2024-01-12,1,2420,Belagavi
5087,Scrub Pad,Home Care,6327.65,2022-08-22,4,1686,Davanagere
5088,Sticky Notes,Stationery,1231.07,2023-11-05,2,1077,Udupi
5089,Butter 100g,Dairy,78.42,2025-12-22,1,2698,Mangaluru
5090,Chocolate Bar,Snacks,2123.01,2022-03-08,1,1276,Tumakuru
5091,Almonds 500g,Groceries,901.05,2024-08-17,4,2864,Shivamogga
5092,Mineral Water 1L,Beverages,19635.45,2023-02-21,8,1452,Shivamogga
5093,Notebook,Stationery,8072.0,2022-07-02,4,2230,Mangaluru
5094,Paneer 200g,Dairy,2601.75,2024-08-24,5,2168,Mysuru
5095,USB Cable,Electronics,8962.26,2025-12-26,7,2035,Tumakuru
5096,Sticky Notes,Stationery,5033.16,2025-10-22,7,2704,Hubballi
5097,Soft Drink 750ml,Beverages,38.84,2022-07-07,1,2931,Davanagere
5098,Banana Chips,Snacks,10210.55,2022-10-27,7,2595,Ballari
5099,Mixture Snack,Snacks,9919.71,2023-11-14,5,1541,Vijayapura
5100,Bath Soap,Personal Care,14486.97,2023-08-18,8,1006,Bengaluru
5101,Sugar 1kg,Groceries,5008.45,2024-03-12,3,2361,Bengaluru
5102,Curd 500g,Dairy,6578.45,2024-02-12,5,2618,Bengaluru
5103,Ragi Flour 1kg,Groceries,3597.76,2025-02-19,2,2569,Shivamogga
5104,Mobile Charger,Electronics,5916.17,2024-10-11,4,2797,Mysuru
5105,Khakhra Pack,Snacks,2257.44,2025-08-13,4,2426,Udupi
5106,Hair Oil 200ml,Personal Care,3296.1,2024-05-11,4,2731,Kalaburagi
5107,Dishwash Liquid,Home Care,1854.77,2023-02-16,7,2663,Bengaluru
5108,Curd 500g,Dairy,1160.43,2022-03-19,1,2207,Bengaluru
5109,Sketch Pen Set,Stationery,363.85,2024-06-27,4,2068,Mysuru
5110,Rice 5kg,Groceries,8596.72,2024-12-24,5,2981,Bengaluru
5111,Shampoo 180ml,Personal Care,3341.89,2023-07-25,4,1133,Shivamogga
5112,Marker Pen,Stationery,2103.3,2022-04-14,3,2274,Udupi
5113,Toilet Cleaner,Home Care,1645.74,2025-12-17,1,1452,Kalaburagi
5114,Body Lotion,Personal Care,3064.09,2023-05-12,7,2578,Tumakuru
5115,Cheese Slices,Dairy,2833.17,2025-08-09,3,1051,Ballari
5116,Milk 1L,Dairy,1850.28,2025-10-13,3,2301,Tumakuru
5117,Mouse,Electronics,1140.51,2025-03-17,2,1621,Davanagere
5118,USB Cable,Electronics,11547.81,2023-12-13,8,2867,Udupi
5119,Floor Cleaner 1L,Home Care,4662.43,2022-06-30,2,1075,Shivamogga
5120,Instant Noodles,Groceries,2248.73,2023-05-16,4,1018,Vijayapura
5121,Hand Wash,Personal Care,13297.88,2025-05-23,8,1918,Vijayapura
5122,Pendrive 64GB,Electronics,11561.6,2022-07-13,5,2143,Vijayapura
5123,Good Day Biscuits,Snacks,6363.43,2024-05-14,5,2242,Hubballi
5124,Air Freshener,Home Care,18126.71,2023-12-31,7,2327,Bengaluru
5125,Paneer 200g,Dairy,3816.18,2024-05-24,7,1981,Udupi
5126,Butter 100g,Dairy,683.56,2022-09-14,8,2348,Ballari
5127,Marker Pen,Stationery,2686.3,2023-04-29,4,1886,Ballari
5128,Sketch Pen Set,Stationery,540.83,2025-09-02,6,1813,Kalaburagi
5129,Mango Juice 1L,Beverages,17517.77,2022-12-19,8,2213,Mangaluru
5130,Toothpaste 150g,Personal Care,2800.66,2024-06-28,7,2055,Udupi
5131,Keyboard,Electronics,1971.65,2025-11-09,1,1399,Davanagere
5132,Torch Light,Electronics,9435.74,2024-03-20,7,2674,Shivamogga
5133,Bath Soap,Personal Care,5307.02,2025-08-05,3,2234,Kalaburagi
5134,Stapler,Stationery,796.51,2025-04-04,1,2196,Hubballi
5135,Ragi Flour 1kg,Groceries,3277.06,2023-12-01,2,2275,Davanagere
5136,Scrub Pad,Home Care,11963.47,2023-10-23,8,2996,Vijayapura
5137,Bluetooth Speaker,Electronics,11535.19,2025-01-29,7,2718,Hubballi
5138,Corn Flakes,Groceries,15451.21,2024-12-25,6,1051,Shivamogga
5139,Urad Dal 1kg,Groceries,1243.12,2023-08-19,2,1256,Davanagere
5140,Paneer 200g,Dairy,3469.47,2025-02-03,7,2194,Hubballi
5141,Peanut Butter,Groceries,1745.96,2022-10-12,2,2209,Shivamogga
5142,Cheese Slices,Dairy,5967.61,2024-12-30,6,2092,Davanagere
5143,Milk 1L,Dairy,1201.24,2023-09-24,2,2077,Tumakuru
5144,Salt 1kg,Groceries,1824.91,2024-01-10,1,2585,Bengaluru
5145,Rice 5kg,Groceries,4587.93,2025-05-02,3,2442,Kalaburagi
5146,Toothpaste 150g,Personal Care,3284.42,2024-10-03,8,1716,Kalaburagi
5147,Glass Cleaner,Home Care,985.36,2025-08-08,1,1035,Mangaluru
5148,Jam 500g,Groceries,3618.64,2022-07-28,4,2498,Mangaluru
5149,Cashew 500g,Groceries,673.33,2024-11-04,1,1802,Kalaburagi
5150,Sugar 1kg,Groceries,14107.58,2025-03-16,8,2545,Bengaluru
5151,Khakhra Pack,Snacks,3010.36,2023-01-07,6,1332,Hubballi
5152,Face Wash,Personal Care,17108.22,2022-09-01,7,2299,Ballari
5153,Toor Dal 1kg,Groceries,4588.31,2022-03-27,7,1028,Davanagere
5154,Sticky Notes,Stationery,2428.41,2022-10-06,4,2664,Belagavi
5155,Shampoo 180ml,Personal Care,6229.6,2024-05-17,7,1285,Belagavi
5156,Peanut Butter,Groceries,6228.37,2024-08-19,8,2936,Udupi
5157,Sticky Notes,Stationery,3689.87,2025-11-29,5,2657,Shivamogga
5158,Bluetooth Speaker,Electronics,3646.47,2023-07-22,2,1625,Tumakuru
5159,Phone Stand,Electronics,6549.67,2025-10-21,6,2592,Davanagere
5160,USB Cable,Electronics,1409.34,2025-01-16,1,2850,Davanagere
5161,Detergent Powder 1kg,Home Care,1543.84,2023-06-03,6,2925,Shivamogga
5162,Floor Cleaner 1L,Home Care,10248.9,2022-05-15,5,1575,Tumakuru
5163,HDMI Cable,Electronics,16972.73,2025-01-03,7,2358,Tumakuru
5164,Coconut Oil 1L,Groceries,2468.73,2023-07-03,4,2038,Hubballi
5165,Ball Pen Pack,Stationery,6416.3,2023-12-25,4,2342,Ballari
5166,Namkeen Mix,Snacks,5227.65,2024-10-09,3,1443,Tumakuru
5167,Cheese Slices,Dairy,4706.75,2023-05-08,5,1316,Bengaluru
5168,Phone Stand,Electronics,8040.04,2024-12-10,8,1965,Bengaluru
5169,Keyboard,Electronics,9224.04,2025-08-25,5,1837,Vijayapura
5170,Corn Flakes,Groceries,9729.68,2025-08-21,4,1516,Belagavi
5171,Extension Board,Electronics,14080.77,2025-11-15,7,1691,Ballari
5172,Sugar 1kg,Groceries,10023.52,2023-09-18,6,1654,Bengaluru
5173,Ghee 500ml,Groceries,275.67,2024-12-25,1,1552,Tumakuru
5174,Glass Cleaner,Home Care,3017.4,2022-01-17,3,1105,Davanagere
5175,Hair Oil 200ml,Personal Care,3993.58,2025-05-20,5,2554,Hubballi
5176,Oats 1kg,Groceries,2279.78,2024-07-04,1,1466,Udupi
5177,Smart Watch,Electronics,4493.39,2025-04-23,3,1645,Belagavi
5178,Sticky Notes,Stationery,4164.15,2025-11-05,6,1010,Hubballi
5179,Corn Flakes,Groceries,2152.5,2022-10-10,1,1687,Ballari
5180,Almonds 500g,Groceries,423.07,2025-10-17,2,1272,Udupi
5181,Sticky Notes,Stationery,644.72,2023-12-05,1,1048,Kalaburagi
5182,Toothpaste 150g,Personal Care,780.62,2023-12-05,2,1465,Mysuru
5183,Banana Chips,Snacks,12080.06,2025-11-01,8,2407,Kalaburagi
5184,Toilet Cleaner,Home Care,6373.13,2025-06-24,4,2759,Shivamogga
5185,Face Wash,Personal Care,5072.64,2022-07-25,2,1229,Mangaluru
5186,LED Bulb 9W,Electronics,12314.71,2023-07-17,6,2780,Mangaluru
5187,Khakhra Pack,Snacks,3033.29,2024-08-01,6,2674,Belagavi
5188,Soft Drink 750ml,Beverages,270.06,2024-02-18,7,2856,Mangaluru
5189,Laptop Sleeve,Electronics,3120.29,2022-04-15,6,2073,Shivamogga
5190,Bluetooth Speaker,Electronics,6910.57,2025-02-08,4,2465,Kalaburagi
5191,Almonds 500g,Groceries,1253.04,2022-06-14,6,1532,Kalaburagi
5192,Hand Wash,Personal Care,1621.92,2025-07-05,1,1166,Vijayapura
5193,Toilet Cleaner,Home Care,8363.82,2024-09-03,6,2364,Belagavi
5194,Almonds 500g,Groceries,1258.3,2025-11-02,6,1451,Udupi
5195,Deodorant,Personal Care,461.28,2024-05-05,1,1278,Davanagere
5196,Toothpaste 150g,Personal Care,797.51,2023-02-14,2,1507,Davanagere
5197,USB Cable,Electronics,8684.47,2022-10-15,7,2733,Mysuru
5198,Laptop Sleeve,Electronics,3607.14,2024-02-07,6,2973,Tumakuru
5199,Bath Soap,Personal Care,11664.71,2022-07-27,7,1356,Tumakuru
5200,Urad Dal 1kg,Groceries,2882.55,2024-11-12,5,2999,Kalaburagi
5201,Body Lotion,Personal Care,2899.26,2025-04-21,7,2273,Bengaluru
5202,Namkeen Mix,Snacks,5966.8,2024-06-02,4,1493,Bengaluru
5203,LED Bulb 9W,Electronics,13221.35,2024-06-11,6,2526,Davanagere
5204,Groundnut Oil 1L,Groceries,1139.31,2025-12-29,5,1676,Udupi
5205,Buttermilk 200ml,Beverages,2200.34,2022-09-14,3,2873,Kalaburagi
5206,Chocolate Bar,Snacks,17721.94,2022-07-24,8,2941,Mangaluru
5207,Dishwash Liquid,Home Care,1372.49,2024-12-23,5,2884,Ballari
5208,Sketch Pen Set,Stationery,95.8,2023-12-06,1,2742,Mysuru
5209,Phone Stand,Electronics,5204.34,2022-04-28,5,1298,Shivamogga
5210,Lassi 200ml,Beverages,4539.85,2024-01-21,4,1095,Kalaburagi
5211,Mixture Snack,Snacks,6429.38,2023-05-02,3,1220,Hubballi
5212,USB Cable,Electronics,4026.37,2024-01-30,3,1905,Tumakuru
5213,Glass Cleaner,Home Care,2944.49,2022-05-11,3,1226,Udupi
5214,Vermicelli 500g,Groceries,2978.89,2023-08-08,5,2288,Belagavi
5215,Face Wash,Personal Care,4808.21,2025-12-19,2,1416,Kalaburagi
5216,Printer Paper,Stationery,8517.47,2025-06-13,4,1763,Hubballi
5217,Milk 1L,Dairy,583.1,2022-11-18,1,2361,Vijayapura
5218,Scrub Pad,Home Care,11877.09,2025-08-08,8,1220,Shivamogga
5219,Toor Dal 1kg,Groceries,4567.6,2025-04-12,7,1235,Kalaburagi
5220,Glass Cleaner,Home Care,2819.62,2023-11-27,3,2657,Mysuru
5221,Sanitary Pads,Personal Care,7835.4,2024-11-08,4,1229,Tumakuru
5222,Mixture Snack,Snacks,4252.36,2024-10-28,2,2002,Hubballi
5223,Eraser Pack,Stationery,1764.83,2025-04-30,3,2127,Hubballi
5224,Cheese Slices,Dairy,1983.73,2024-06-25,2,1447,Kalaburagi
5225,Deodorant,Personal Care,3142.19,2022-08-22,7,2583,Bengaluru
5226,Coconut Oil 1L,Groceries,1815.21,2025-10-29,3,1925,Davanagere
5227,Rice 5kg,Groceries,13214.85,2023-12-11,8,2742,Vijayapura
5228,Eraser Pack,Stationery,1231.23,2023-02-07,2,1116,Belagavi
5229,Mobile Charger,Electronics,7586.13,2022-12-30,6,1013,Mangaluru
5230,Torch Light,Electronics,10787.17,2024-12-02,7,1500,Ballari
5231,Bluetooth Speaker,Electronics,1850.82,2023-09-27,1,2307,Shivamogga
5232,Groundnut Oil 1L,Groceries,720.18,2024-10-27,3,1819,Davanagere
5233,Cheese Slices,Dairy,888.85,2022-04-08,1,1558,Bengaluru
5234,Lassi 200ml,Beverages,4421.65,2025-11-03,4,2413,Davanagere
5235,Almonds 500g,Groceries,1116.73,2025-01-03,5,2457,Udupi
5236,Mixture Snack,Snacks,8577.98,2025-01-14,4,2035,Mysuru
5237,Salt 1kg,Groceries,3660.43,2025-01-30,2,2362,Mangaluru
5238,Sanitary Pads,Personal Care,5014.84,2023-10-05,3,1206,Hubballi
5239,Extension Board,Electronics,8920.48,2022-07-25,5,2118,Belagavi
5240,Mango Juice 1L,Beverages,5453.3,2023-04-27,3,2097,Kalaburagi
5241,Instant Noodles,Groceries,1584.63,2023-04-29,3,1356,Bengaluru
5242,Instant Noodles,Groceries,2253.42,2022-06-07,4,2806,Kalaburagi
5243,Ice Cream Tub,Dairy,1932.3,2025-07-28,2,1842,Hubballi
5244,Chocolate Bar,Snacks,2219.93,2025-03-03,1,2386,Kalaburagi
5245,Curd 500g,Dairy,11185.22,2024-02-19,8,2230,Bengaluru
5246,Glass Cleaner,Home Care,4947.5,2024-05-27,5,1988,Mangaluru
5247,Salt 1kg,Groceries,1536.25,2022-09-23,1,1166,Belagavi
5248,Butter 100g,Dairy,93.82,2022-01-19,1,1936,Mysuru
5249,Hand Wash,Personal Care,5839.69,2024-01-18,4,2785,Bengaluru
5250,HDMI Cable,Electronics,12412.55,2023-03-20,6,1940,Bengaluru
5251,Sketch Pen Set,Stationery,547.57,2022-08-14,6,2807,Vijayapura
5252,Milk 1L,Dairy,2978.95,2023-09-15,5,1741,Belagavi
5253,Ghee 500ml,Groceries,1933.31,2022-10-18,7,2264,Tumakuru
5254,Almonds 500g,Groceries,1278.39,2022-08-24,6,2229,Mangaluru
5255,Deodorant,Personal Care,2975.8,2023-04-29,7,1900,Davanagere
5256,Parle-G Biscuits,Snacks,11993.26,2024-05-21,7,1493,Vijayapura
5257,Coconut Oil 1L,Groceries,3852.22,2024-04-02,7,2567,Tumakuru
5258,Body Lotion,Personal Care,1934.1,2024-02-02,4,1745,Davanagere
5259,Detergent Powder 1kg,Home Care,1839.45,2025-01-20,8,2733,Ballari
5260,Scrub Pad,Home Care,8555.39,2022-04-06,5,1340,Udupi
5261,Banana Chips,Snacks,6147.6,2023-08-15,4,2367,Tumakuru
5262,Tea Powder 500g,Beverages,5115.5,2024-03-11,5,2815,Tumakuru
5263,Shampoo 180ml,Personal Care,6805.88,2023-03-24,8,1002,Belagavi
5264,Parle-G Biscuits,Snacks,3462.84,2024-05-02,2,2596,Mysuru
5265,Printer Paper,Stationery,6634.43,2022-07-29,3,1768,Mangaluru
5266,Ball Pen Pack,Stationery,5734.24,2024-03-23,4,2090,Udupi
5267,Chocolate Bar,Snacks,10097.29,2024-05-01,4,1537,Davanagere
5268,Urad Dal 1kg,Groceries,2803.73,2024-02-12,5,2104,Vijayapura
5269,Ice Cream Tub,Dairy,8030.01,2023-03-20,8,1773,Ballari
5270,Corn Flakes,Groceries,8495.95,2023-07-24,4,2109,Hubballi
5271,Smart Watch,Electronics,5494.61,2023-04-10,4,2414,Mysuru
5272,Almonds 500g,Groceries,685.91,2022-10-24,3,2597,Udupi
5273,Mineral Water 1L,Beverages,4723.81,2022-12-10,2,1989,Bengaluru
5274,Ice Cream Tub,Dairy,5657.78,2023-07-28,6,1132,Bengaluru
5275,Power Bank 10000mAh,Electronics,2373.53,2025-11-05,1,1298,Vijayapura
5276,Butter 100g,Dairy,173.1,2022-12-15,2,1263,Ballari
5277,Mango Juice 1L,Beverages,10051.41,2024-11-28,5,1395,Bengaluru
5278,Curd 500g,Dairy,2519.24,2025-04-09,2,2583,Tumakuru
5279,HDMI Cable,Electronics,2402.96,2024-09-10,1,1686,Kalaburagi
5280,Sanitary Pads,Personal Care,9749.28,2024-09-04,5,2832,Belagavi
5281,Honey 500g,Groceries,13491.13,2022-04-27,8,1647,Mangaluru
5282,Banana Chips,Snacks,2957.03,2022-08-15,2,1572,Ballari
5283,Murukku Pack,Snacks,4491.91,2023-12-30,6,2059,Udupi
5284,Butter 100g,Dairy,188.61,2022-01-20,2,1887,Mysuru
5285,Bluetooth Speaker,Electronics,7052.55,2025-11-03,4,2750,Udupi
5286,Ragi Flour 1kg,Groceries,13266.01,2022-07-13,7,1836,Hubballi
5287,Butter 100g,Dairy,262.39,2024-01-21,3,2706,Shivamogga
5288,Sanitary Pads,Personal Care,5753.27,2024-04-28,3,1212,Tumakuru
5289,Mineral Water 1L,Beverages,11689.35,2023-03-23,5,2000,Ballari
5290,Pendrive 64GB,Electronics,3873.34,2023-03-09,2,2077,Udupi
5291,Jam 500g,Groceries,979.54,2022-12-08,1,2429,Bengaluru
5292,Parle-G Biscuits,Snacks,6713.51,2022-01-27,4,2024,Mysuru
5293,Namkeen Mix,Snacks,12621.48,2025-10-31,8,2425,Mangaluru
5294,Parle-G Biscuits,Snacks,10786.46,2025-11-16,7,1399,Tumakuru
5295,Good Day Biscuits,Snacks,5021.57,2025-06-11,4,2764,Ballari
5296,Vermicelli 500g,Groceries,2971.83,2022-04-03,5,1636,Udupi
5297,Lassi 200ml,Beverages,1098.36,2025-10-09,1,1335,Vijayapura
5298,Coconut Oil 1L,Groceries,2909.89,2023-11-13,5,2032,Hubballi
5299,Cashew 500g,Groceries,5580.79,2023-04-26,7,2393,Vijayapura
5300,Jam 500g,Groceries,1863.44,2023-07-25,2,2501,Hubballi
5301,Lassi 200ml,Beverages,3227.55,2023-10-22,3,2592,Shivamogga
5302,Paneer 200g,Dairy,4358.42,2022-05-23,8,2708,Vijayapura
5303,Toothpaste 150g,Personal Care,2461.6,2022-05-17,6,2289,Udupi
5304,USB Cable,Electronics,11592.83,2023-01-03,8,2853,Mysuru
5305,Toothpaste 150g,Personal Care,1591.8,2022-03-18,4,1249,Udupi
5306,Marker Pen,Stationery,4532.58,2025-05-10,7,1535,Shivamogga
5307,Power Bank 10000mAh,Electronics,5182.81,2025-02-10,2,1516,Shivamogga
5308,Toilet Cleaner,Home Care,2921.57,2023-03-22,2,2590,Bengaluru
5309,Lassi 200ml,Beverages,4176.66,2024-08-21,4,2225,Tumakuru
5310,Mouse,Electronics,3722.41,2025-06-27,6,1095,Kalaburagi
5311,Jam 500g,Groceries,7282.58,2023-09-19,7,1743,Vijayapura
5312,Stapler,Stationery,5950.79,2023-07-23,8,2874,Udupi
5313,Sugar 1kg,Groceries,5763.82,2024-08-01,3,1991,Kalaburagi
5314,Face Wash,Personal Care,14796.68,2022-07-10,6,1858,Tumakuru
5315,Keyboard,Electronics,3551.82,2023-02-27,2,1442,Vijayapura
5316,Air Freshener,Home Care,10755.66,2024-07-16,4,1059,Davanagere
5317,Banana Chips,Snacks,2950.21,2023-04-09,2,2448,Belagavi
5318,Wheat Atta 10kg,Groceries,236.52,2025-08-25,3,1352,Kalaburagi
5319,Bath Soap,Personal Care,8045.99,2025-06-17,5,2076,Udupi
5320,Toilet Cleaner,Home Care,1490.47,2023-05-19,1,1379,Udupi
5321,LED Bulb 9W,Electronics,13621.55,2022-01-30,7,1193,Ballari
5322,Butter 100g,Dairy,411.05,2022-12-11,5,1608,Ballari
5323,Wireless Earphones,Electronics,2973.76,2025-09-30,3,1064,Mangaluru
5324,Mobile Charger,Electronics,5899.07,2024-01-24,4,1015,Udupi
5325,Mineral Water 1L,Beverages,11301.33,2023-12-20,5,2437,Mysuru
5326,Good Day Biscuits,Snacks,9902.31,2023-11-20,7,1854,Belagavi
5327,Wheat Atta 10kg,Groceries,377.59,2024-10-10,5,1720,Hubballi
5328,Eraser Pack,Stationery,1363.65,2024-08-15,2,1080,Shivamogga
5329,Basmati Rice 5kg,Groceries,4181.34,2023-10-28,3,1192,Kalaburagi
5330,Sticky Notes,Stationery,672.75,2023-01-02,1,1790,Mysuru
5331,Laptop Sleeve,Electronics,1021.18,2023-02-13,2,1652,Tumakuru
5332,Ragi Flour 1kg,Groceries,8273.34,2025-03-29,5,2216,Mangaluru
5333,Sugar 1kg,Groceries,5253.37,2024-02-22,3,2457,Tumakuru
5334,Hand Wash,Personal Care,10928.66,2022-12-10,7,2168,Shivamogga
5335,Toilet Cleaner,Home Care,6114.19,2022-07-11,4,2165,Belagavi
5336,Curd 500g,Dairy,2610.28,2025-01-14,2,2603,Hubballi
5337,Lassi 200ml,Beverages,1235.71,2023-04-18,1,2605,Belagavi
5338,Potato Chips,Snacks,2920.55,2022-11-01,5,1603,Bengaluru
5339,Energy Drink,Beverages,11562.95,2024-11-15,7,2526,Hubballi
5340,Wireless Earphones,Electronics,6297.05,2023-09-07,7,2382,Ballari
5341,Stapler,Stationery,3499.57,2023-06-12,4,1428,Davanagere
5342,Green Tea,Beverages,1543.33,2024-12-14,2,1781,Tumakuru
5343,Buttermilk 200ml,Beverages,3541.31,2024-11-05,5,1891,Shivamogga
5344,Notebook,Stationery,5961.94,2025-02-25,3,1362,Tumakuru
5345,Eraser Pack,Stationery,1915.57,2023-12-05,3,1043,Davanagere
5346,Wireless Earphones,Electronics,3712.38,2022-02-14,4,2183,Shivamogga
5347,Mango Juice 1L,Beverages,12374.05,2024-09-09,6,2728,Kalaburagi
5348,Wheat Atta 10kg,Groceries,332.67,2025-05-24,4,2790,Tumakuru
5349,Notebook,Stationery,11737.58,2025-05-15,6,1197,Davanagere
5350,Khakhra Pack,Snacks,2942.74,2024-07-26,6,1256,Ballari
5351,Mouse,Electronics,2119.08,2025-04-27,4,2635,Vijayapura
5352,Cashew 500g,Groceries,3420.16,2024-11-07,5,2945,Davanagere
5353,Dishwash Liquid,Home Care,1425.58,2025-06-04,5,2322,Tumakuru
5354,Laptop Sleeve,Electronics,3960.34,2024-06-07,7,1881,Davanagere
5355,Jam 500g,Groceries,4962.78,2024-04-16,5,2436,Mysuru
5356,Deodorant,Personal Care,456.89,2024-06-06,1,2197,Bengaluru
5357,Milk 1L,Dairy,2879.26,2022-06-18,5,1166,Bengaluru
5358,Dishwash Liquid,Home Care,1376.25,2024-07-06,5,1211,Shivamogga
5359,Cheese Slices,Dairy,7998.59,2024-05-07,8,1886,Udupi
5360,Poha 1kg,Groceries,137.72,2022-06-06,1,2112,Udupi
5361,Pendrive 64GB,Electronics,16082.7,2025-11-06,7,1197,Tumakuru
5362,Smart Watch,Electronics,6670.97,2025-10-30,5,1371,Hubballi
5363,Notebook,Stationery,9088.03,2024-01-24,4,2251,Kalaburagi
5364,Hand Wash,Personal Care,8299.71,2023-07-24,6,1664,Bengaluru
5365,Torch Light,Electronics,9315.18,2024-04-16,6,2755,Udupi
5366,Peanut Butter,Groceries,3191.66,2023-09-29,4,1094,Mangaluru
5367,Power Bank 10000mAh,Electronics,7731.28,2024-06-09,3,1148,Davanagere
5368,Stapler,Stationery,2599.28,2024-07-01,3,1255,Belagavi
5369,Sugar 1kg,Groceries,5351.5,2025-10-29,3,2760,Hubballi
5370,Stapler,Stationery,5171.4,2024-10-01,6,1877,Udupi
5371,Shampoo 180ml,Personal Care,6499.69,2023-09-09,7,2054,Mysuru
5372,File Folder,Stationery,10400.54,2023-05-26,7,2060,Kalaburagi
5373,Notebook,Stationery,8737.59,2024-04-13,4,2761,Ballari
5374,Sunflower Oil 1L,Groceries,14677.64,2024-11-14,7,1719,Hubballi
5375,Toor Dal 1kg,Groceries,1269.83,2022-06-12,2,2742,Mangaluru
5376,Body Lotion,Personal Care,3173.83,2022-06-22,7,2981,Vijayapura
5377,HDMI Cable,Electronics,8090.52,2023-08-26,4,2317,Ballari
5378,Green Tea,Beverages,2301.15,2025-12-21,3,2003,Davanagere
5379,Almonds 500g,Groceries,1604.16,2022-04-10,7,2826,Hubballi
5380,Ice Cream Tub,Dairy,5454.3,2022-04-16,6,2937,Hubballi
5381,Namkeen Mix,Snacks,6187.95,2025-10-24,4,1577,Hubballi
5382,File Folder,Stationery,6923.92,2025-05-09,5,1774,Udupi
5383,Extension Board,Electronics,6740.65,2022-05-28,4,2381,Mangaluru
5384,Hair Oil 200ml,Personal Care,3330.64,2025-10-23,4,1864,Mysuru
5385,Scrub Pad,Home Care,1590.64,2023-03-27,1,2717,Mysuru
5386,Sanitary Pads,Personal Care,8738.83,2024-01-02,5,1945,Davanagere
5387,Namkeen Mix,Snacks,5052.44,2022-10-06,3,1795,Hubballi
5388,Cheese Slices,Dairy,7561.71,2025-11-27,8,1085,Ballari
5389,Buttermilk 200ml,Beverages,5754.97,2023-06-27,8,2605,Davanagere
5390,Green Tea,Beverages,3677.47,2025-08-24,5,1491,Belagavi
5391,Pendrive 64GB,Electronics,11745.77,2023-12-27,6,2738,Hubballi
5392,Sanitary Pads,Personal Care,15465.98,2022-02-26,8,2971,Hubballi
5393,Air Freshener,Home Care,17199.44,2025-02-15,7,1974,Belagavi
5394,Urad Dal 1kg,Groceries,3081.23,2022-02-16,5,2963,Davanagere
5395,Chocolate Bar,Snacks,18198.49,2023-09-24,8,2223,Davanagere
5396,Almonds 500g,Groceries,836.32,2022-06-05,4,1650,Davanagere
5397,Detergent Powder 1kg,Home Care,911.92,2025-04-19,4,1120,Bengaluru
5398,Torch Light,Electronics,1490.63,2023-07-23,1,2513,Bengaluru
5399,Murukku Pack,Snacks,4009.46,2024-11-02,6,1308,Hubballi
5400,Ball Pen Pack,Stationery,7526.31,2024-12-11,5,2964,Shivamogga
5401,HDMI Cable,Electronics,15303.03,2023-12-02,7,2954,Mangaluru
5402,Hair Oil 200ml,Personal Care,2790.67,2024-05-30,3,1066,Kalaburagi
5403,Laptop Sleeve,Electronics,604.71,2022-03-17,1,1533,Davanagere
5404,Urad Dal 1kg,Groceries,1048.5,2023-05-18,2,2669,Belagavi
5405,Honey 500g,Groceries,10513.64,2022-06-09,6,1162,Vijayapura
5406,Mineral Water 1L,Beverages,17085.02,2022-06-14,7,1178,Ballari
5407,Paneer 200g,Dairy,3080.19,2024-07-06,6,2613,Belagavi
5408,Khakhra Pack,Snacks,3457.14,2023-09-20,7,1964,Davanagere
5409,Namkeen Mix,Snacks,3261.24,2025-08-19,2,1837,Ballari
5410,Smart Watch,Electronics,1339.77,2024-08-03,1,2502,Vijayapura
5411,Murukku Pack,Snacks,4938.2,2024-02-25,7,2122,Mangaluru
5412,Buttermilk 200ml,Beverages,709.44,2025-12-29,1,1273,Shivamogga
5413,Khakhra Pack,Snacks,3546.95,2025-04-15,6,1768,Bengaluru
5414,Sketch Pen Set,Stationery,190.3,2022-12-03,2,2437,Hubballi
5415,Toilet Cleaner,Home Care,1587.03,2025-03-22,1,2443,Mangaluru
5416,Bluetooth Speaker,Electronics,13006.76,2022-02-05,7,1647,Belagavi
5417,Scrub Pad,Home Care,6587.13,2024-05-14,4,1358,Mangaluru
5418,Tea Powder 500g,Beverages,4857.1,2022-05-18,5,1443,Mysuru
5419,Stapler,Stationery,5477.07,2023-09-24,7,1993,Belagavi
5420,Sanitary Pads,Personal Care,6893.47,2025-04-24,4,2717,Mysuru
5421,USB Cable,Electronics,11302.53,2024-10-21,8,1696,Mangaluru
5422,Power Bank 10000mAh,Electronics,18684.99,2023-09-12,8,2695,Mangaluru
5423,Rice 5kg,Groceries,6201.28,2023-06-22,4,1578,Mysuru
5424,Toor Dal 1kg,Groceries,2281.58,2023-04-08,3,2604,Ballari
5425,Scrub Pad,Home Care,6863.78,2022-06-18,4,2101,Udupi
5426,Murukku Pack,Snacks,4593.35,2024-10-14,7,1982,Belagavi
5427,Butter 100g,Dairy,315.11,2023-02-21,4,2882,Shivamogga
5428,Filter Coffee 500g,Beverages,338.69,2023-12-29,4,2053,Shivamogga
5429,Hair Oil 200ml,Personal Care,4616.25,2024-05-06,5,2582,Shivamogga
5430,Stapler,Stationery,1556.26,2025-06-27,2,2917,Ballari
5431,Stapler,Stationery,4946.49,2025-11-21,6,1244,Davanagere
5432,Instant Noodles,Groceries,3157.57,2025-06-29,6,2653,Vijayapura
5433,Groundnut Oil 1L,Groceries,1226.56,2025-10-19,5,2626,Mysuru
5434,Bath Soap,Personal Care,11843.62,2024-11-28,7,2720,Mysuru
5435,Energy Drink,Beverages,12376.48,2025-06-25,8,1365,Hubballi
5436,Stapler,Stationery,3493.28,2022-07-18,4,2204,Hubballi
5437,Basmati Rice 5kg,Groceries,2931.38,2022-03-26,2,2500,Bengaluru
5438,Hair Oil 200ml,Personal Care,1818.61,2024-02-28,2,1388,Belagavi
5439,Potato Chips,Snacks,1636.06,2022-11-18,3,1211,Udupi
5440,Lassi 200ml,Beverages,7050.85,2023-05-11,6,2563,Bengaluru
5441,Jam 500g,Groceries,1871.54,2024-11-20,2,1644,Mangaluru
5442,Air Freshener,Home Care,9490.72,2022-06-28,4,1606,Udupi
5443,Khakhra Pack,Snacks,1013.69,2022-06-21,2,1681,Kalaburagi
5444,Coconut Oil 1L,Groceries,3365.86,2022-04-21,6,2951,Mysuru
5445,Poha 1kg,Groceries,485.27,2022-05-01,4,2656,Belagavi
5446,Ball Pen Pack,Stationery,1538.32,2024-12-27,1,1181,Kalaburagi
5447,Butter 100g,Dairy,87.81,2024-04-14,1,1739,Vijayapura
5448,Instant Noodles,Groceries,2805.1,2023-10-03,5,1655,Davanagere
5449,Murukku Pack,Snacks,4523.91,2023-09-18,7,1667,Belagavi
5450,Good Day Biscuits,Snacks,4194.69,2022-07-21,3,1290,Tumakuru
5451,Buttermilk 200ml,Beverages,3277.04,2022-04-23,5,1854,Belagavi
5452,Milk 1L,Dairy,1017.15,2022-08-03,2,2880,Udupi
5453,Energy Drink,Beverages,11600.22,2022-07-11,7,1036,Bengaluru
5454,Sketch Pen Set,Stationery,278.51,2023-05-28,3,1275,Udupi
5455,Good Day Biscuits,Snacks,9668.4,2024-05-04,7,2689,Ballari
5456,Potato Chips,Snacks,1763.66,2025-07-20,3,2661,Davanagere
5457,Coconut Oil 1L,Groceries,3905.7,2024-02-20,7,2712,Vijayapura
5458,Oats 1kg,Groceries,16749.7,2022-03-04,7,2084,Hubballi
5459,File Folder,Stationery,7056.11,2025-12-21,5,1177,Udupi
5460,Rice 5kg,Groceries,1556.09,2023-04-17,1,1285,Kalaburagi
5461,Sticky Notes,Stationery,4023.38,2022-09-29,6,2129,Kalaburagi
5462,Deodorant,Personal Care,442.54,2022-11-20,1,1299,Bengaluru
5463,Salt 1kg,Groceries,14707.5,2023-07-02,8,2145,Shivamogga
5464,Buttermilk 200ml,Beverages,5669.73,2023-06-05,8,2649,Hubballi
5465,Corn Flakes,Groceries,20524.95,2022-10-24,8,2250,Shivamogga
5466,Curd 500g,Dairy,6155.9,2022-04-02,5,1679,Kalaburagi
5467,Keyboard,Electronics,2024.79,2022-10-29,1,2871,Kalaburagi
5468,Mouse,Electronics,3717.77,2024-02-18,7,1090,Belagavi
5469,Instant Noodles,Groceries,507.77,2023-01-08,1,1537,Bengaluru
5470,Chocolate Bar,Snacks,15033.54,2024-09-04,6,1540,Davanagere
5471,Khakhra Pack,Snacks,2940.71,2025-04-01,6,1048,Belagavi
5472,Milk 1L,Dairy,3329.91,2025-11-09,6,1532,Hubballi
5473,Sugar 1kg,Groceries,3988.76,2023-11-06,2,2285,Shivamogga
5474,Hand Wash,Personal Care,4335.28,2025-02-18,3,2008,Ballari
5475,Keyboard,Electronics,16265.2,2024-02-20,8,1712,Tumakuru
5476,Buttermilk 200ml,Beverages,2476.95,2024-03-08,4,2350,Bengaluru
5477,Chocolate Bar,Snacks,7569.98,2022-10-10,3,2728,Vijayapura
5478,Toor Dal 1kg,Groceries,1542.39,2023-02-01,2,2139,Tumakuru
5479,Wheat Atta 10kg,Groceries,408.67,2025-04-21,5,1568,Kalaburagi
5480,Sanitary Pads,Personal Care,3841.96,2025-06-14,2,1032,Hubballi
5481,Keyboard,Electronics,1830.66,2022-09-06,1,2557,Udupi
5482,USB Cable,Electronics,8471.42,2025-02-21,6,1346,Udupi
5483,Oats 1kg,Groceries,10545.91,2025-04-21,5,2457,Mysuru
5484,Power Bank 10000mAh,Electronics,20669.21,2022-04-08,8,2961,Shivamogga
5485,Toilet Cleaner,Home Care,7495.92,2025-02-22,5,1491,Vijayapura
5486,Coconut Oil 1L,Groceries,1303.9,2024-04-17,2,1972,Hubballi
5487,Sticky Notes,Stationery,714.59,2023-11-10,1,2493,Hubballi
5488,Potato Chips,Snacks,3961.61,2025-02-13,7,1524,Ballari
5489,Mouse,Electronics,4375.35,2024-12-18,7,2533,Tumakuru
5490,Vermicelli 500g,Groceries,4250.98,2022-11-02,7,2215,Mangaluru
5491,Green Tea,Beverages,2286.71,2022-11-22,3,2077,Mangaluru
5492,Stapler,Stationery,844.06,2022-08-15,1,2080,Hubballi
5493,Soft Drink 750ml,Beverages,140.83,2022-03-27,4,1895,Ballari
5494,Keyboard,Electronics,11496.76,2023-09-03,6,2396,Tumakuru
5495,Smart Watch,Electronics,10081.63,2024-10-25,7,1038,Vijayapura
5496,Khakhra Pack,Snacks,2602.91,2025-02-03,5,1449,Davanagere
5497,Wireless Earphones,Electronics,4865.31,2025-03-23,5,1973,Shivamogga
5498,Mixture Snack,Snacks,3836.67,2025-07-26,2,1411,Mysuru
5499,Scrub Pad,Home Care,10409.3,2025-11-01,6,2613,Udupi
5500,Vermicelli 500g,Groceries,1904.36,2025-12-04,3,2276,Davanagere
5501,Mobile Charger,Electronics,12146.76,2022-06-28,8,2981,Kalaburagi
5502,Tea Powder 500g,Beverages,5833.82,2024-03-01,5,2401,Mangaluru
5503,Namkeen Mix,Snacks,12556.84,2022-09-04,8,2719,Udupi
5504,HDMI Cable,Electronics,4753.72,2025-06-21,2,2010,Tumakuru
5505,USB Cable,Electronics,7652.06,2025-06-09,6,1833,Shivamogga
5506,Ragi Flour 1kg,Groceries,3723.79,2025-08-06,2,1893,Belagavi
5507,Parle-G Biscuits,Snacks,11286.28,2025-05-11,7,1875,Hubballi
5508,Wheat Atta 10kg,Groceries,83.11,2023-02-28,1,1719,Udupi
5509,Pendrive 64GB,Electronics,5775.0,2022-08-14,3,1812,Hubballi
5510,Sugar 1kg,Groceries,3883.9,2023-11-02,2,2179,Davanagere
5511,HDMI Cable,Electronics,6298.41,2023-07-30,3,1297,Mangaluru
5512,Sketch Pen Set,Stationery,523.88,2023-03-17,5,1626,Kalaburagi
5513,Mineral Water 1L,Beverages,6836.23,2024-04-20,3,2134,Bengaluru
5514,Oats 1kg,Groceries,10826.34,2025-11-22,5,1101,Mysuru
5515,Sticky Notes,Stationery,641.32,2023-02-22,1,1403,Belagavi
5516,Instant Noodles,Groceries,496.74,2023-11-15,1,2783,Hubballi
5517,Body Lotion,Personal Care,1733.14,2024-12-15,4,1818,Tumakuru
5518,Smart Watch,Electronics,3042.68,2023-10-31,2,1535,Belagavi
5519,Chocolate Bar,Snacks,2270.29,2025-04-14,1,1316,Tumakuru
5520,Salt 1kg,Groceries,11850.75,2023-07-02,7,2908,Udupi
5521,Khakhra Pack,Snacks,1617.37,2022-04-09,3,2289,Shivamogga
5522,Detergent Powder 1kg,Home Care,1898.89,2023-09-05,7,2279,Vijayapura
5523,Tea Powder 500g,Beverages,2175.1,2022-11-10,2,2456,Ballari
5524,Almonds 500g,Groceries,1508.21,2025-07-07,7,2896,Kalaburagi
5525,Soft Drink 750ml,Beverages,227.03,2022-12-16,6,1176,Shivamogga
5526,Poha 1kg,Groceries,540.66,2022-02-10,4,2380,Davanagere
5527,Deodorant,Personal Care,2742.67,2025-01-29,6,1285,Mysuru
5528,Mango Juice 1L,Beverages,13231.52,2023-06-17,7,1446,Vijayapura
5529,Green Tea,Beverages,4943.44,2024-11-14,7,1547,Belagavi
5530,Cheese Slices,Dairy,927.88,2025-06-02,1,2591,Bengaluru
5531,Scrub Pad,Home Care,8837.39,2025-02-26,6,2428,Vijayapura
5532,Butter 100g,Dairy,170.11,2024-02-07,2,1759,Mysuru
5533,Soft Drink 750ml,Beverages,173.34,2023-09-21,5,2238,Mangaluru
5534,Cashew 500g,Groceries,3052.33,2024-05-29,4,2880,Belagavi
5535,Eraser Pack,Stationery,1902.5,2025-10-10,3,2557,Hubballi
5536,Mouse,Electronics,3643.23,2024-09-01,6,1558,Davanagere
5537,Body Lotion,Personal Care,3017.93,2023-10-16,7,2193,Bengaluru
5538,Scrub Pad,Home Care,1562.73,2023-09-13,1,2486,Vijayapura
5539,Power Bank 10000mAh,Electronics,10003.22,2023-09-19,4,1456,Tumakuru
5540,Stapler,Stationery,6620.41,2022-07-28,8,1689,Tumakuru
5541,Oats 1kg,Groceries,7173.37,2022-01-06,3,2700,Vijayapura
5542,Wireless Earphones,Electronics,956.25,2025-11-22,1,1494,Belagavi
5543,Parle-G Biscuits,Snacks,9223.42,2025-04-30,6,1950,Davanagere
5544,Good Day Biscuits,Snacks,1416.43,2022-08-13,1,1253,Shivamogga
5545,Torch Light,Electronics,7293.5,2023-04-14,5,2570,Belagavi
5546,Buttermilk 200ml,Beverages,3208.77,2022-05-27,5,2677,Kalaburagi
5547,Power Bank 10000mAh,Electronics,18039.7,2023-12-23,8,2931,Shivamogga
5548,Glass Cleaner,Home Care,5652.46,2022-08-01,6,1458,Shivamogga
5549,Wireless Earphones,Electronics,7377.19,2024-03-16,8,2094,Shivamogga
5550,HDMI Cable,Electronics,13392.23,2025-06-22,6,2363,Shivamogga
5551,Soft Drink 750ml,Beverages,154.9,2025-01-03,4,1752,Shivamogga
5552,Almonds 500g,Groceries,232.43,2025-10-12,1,2536,Vijayapura
5553,Almonds 500g,Groceries,1829.09,2023-09-10,8,2706,Davanagere
5554,Ghee 500ml,Groceries,557.58,2024-04-04,2,1091,Mangaluru
5555,Sketch Pen Set,Stationery,510.81,2022-08-29,5,2591,Hubballi
5556,Murukku Pack,Snacks,1939.21,2025-09-03,3,2612,Kalaburagi
5557,Printer Paper,Stationery,15537.11,2022-02-07,8,1953,Mysuru
5558,USB Cable,Electronics,10028.86,2024-06-29,7,2298,Udupi
5559,Butter 100g,Dairy,448.75,2024-10-06,5,2372,Vijayapura
5560,Smart Watch,Electronics,6136.53,2022-09-12,4,2139,Shivamogga
5561,Ragi Flour 1kg,Groceries,11653.19,2024-11-27,6,2460,Hubballi
5562,Bluetooth Speaker,Electronics,8370.8,2024-04-04,5,1076,Mysuru
5563,Glass Cleaner,Home Care,901.65,2024-03-06,1,1207,Bengaluru
5564,Filter Coffee 500g,Beverages,728.35,2025-10-20,8,1064,Kalaburagi
5565,Salt 1kg,Groceries,3354.53,2022-03-14,2,2926,Tumakuru
5566,Deodorant,Personal Care,2157.93,2024-09-28,5,2113,Tumakuru
5567,Mineral Water 1L,Beverages,7474.0,2023-10-03,3,1643,Kalaburagi
5568,Butter 100g,Dairy,649.19,2022-11-16,7,1225,Udupi
5569,Ghee 500ml,Groceries,1117.53,2025-04-13,4,1869,Davanagere
5570,Khakhra Pack,Snacks,2094.84,2023-02-10,4,2620,Tumakuru
5571,Smart Watch,Electronics,5457.01,2025-10-11,4,2630,Shivamogga
5572,Sketch Pen Set,Stationery,633.88,2022-04-29,7,1931,Mangaluru
5573,Banana Chips,Snacks,5653.05,2022-06-24,4,2981,Hubballi
5574,Toilet Cleaner,Home Care,9686.56,2023-02-02,6,2254,Bengaluru
5575,Filter Coffee 500g,Beverages,440.35,2025-05-21,5,1959,Belagavi
5576,Bath Soap,Personal Care,14390.13,2025-06-12,8,1465,Tumakuru
5577,Khakhra Pack,Snacks,2077.88,2025-12-29,4,2581,Udupi
5578,Oats 1kg,Groceries,15174.49,2022-05-09,7,2948,Udupi
5579,Wireless Earphones,Electronics,900.48,2025-09-29,1,1023,Kalaburagi
5580,Sunflower Oil 1L,Groceries,18480.81,2023-04-13,8,2648,Shivamogga
5581,File Folder,Stationery,10564.41,2025-02-22,7,2667,Mangaluru
5582,Ice Cream Tub,Dairy,927.31,2023-12-03,1,1372,Kalaburagi
5583,Chocolate Bar,Snacks,10115.57,2024-08-22,4,2659,Vijayapura
5584,Power Bank 10000mAh,Electronics,4517.71,2024-11-03,2,2770,Ballari
5585,Ice Cream Tub,Dairy,7041.8,2022-08-01,7,1182,Mangaluru
5586,Potato Chips,Snacks,2401.3,2022-12-07,4,1155,Belagavi
5587,File Folder,Stationery,4085.98,2022-11-22,3,2649,Tumakuru
5588,Milk 1L,Dairy,1143.69,2025-08-07,2,2120,Vijayapura
5589,Mixture Snack,Snacks,12918.56,2023-09-19,6,1808,Shivamogga
5590,Sanitary Pads,Personal Care,9377.32,2023-07-13,5,1774,Shivamogga
5591,Dishwash Liquid,Home Care,760.06,2023-10-12,3,1574,Belagavi
5592,Filter Coffee 500g,Beverages,188.58,2025-11-09,2,2091,Kalaburagi
5593,Cashew 500g,Groceries,1390.92,2024-07-10,2,1385,Ballari
5594,Toor Dal 1kg,Groceries,3912.82,2023-02-27,6,2132,Kalaburagi
5595,Torch Light,Electronics,3051.25,2023-03-20,2,1911,Udupi
5596,Namkeen Mix,Snacks,8591.77,2025-01-04,5,2595,Belagavi
5597,Bluetooth Speaker,Electronics,3270.88,2025-10-05,2,1276,Mangaluru
5598,Urad Dal 1kg,Groceries,1092.3,2024-12-05,2,1500,Hubballi
5599,Extension Board,Electronics,10466.71,2022-05-03,6,2842,Mysuru
5600,Parle-G Biscuits,Snacks,4839.24,2025-01-14,3,1425,Tumakuru
5601,Wheat Atta 10kg,Groceries,295.41,2024-09-13,4,2800,Tumakuru
5602,Ball Pen Pack,Stationery,13445.69,2022-04-05,8,2500,Vijayapura
5603,Wheat Atta 10kg,Groceries,592.75,2024-09-16,7,1892,Mysuru
5604,Marker Pen,Stationery,2886.74,2024-02-12,4,1296,Udupi
5605,Lassi 200ml,Beverages,6256.52,2024-05-12,6,2340,Davanagere
5606,Tea Powder 500g,Beverages,6995.13,2022-07-12,7,2022,Mangaluru
5607,Salt 1kg,Groceries,8568.49,2024-11-23,5,1809,Ballari
5608,Sunflower Oil 1L,Groceries,10276.65,2024-03-09,5,2667,Vijayapura
5609,Floor Cleaner 1L,Home Care,2005.6,2025-10-06,1,1332,Tumakuru
5610,Printer Paper,Stationery,13707.96,2023-06-10,6,2260,Tumakuru
5611,Glass Cleaner,Home Care,4429.66,2025-06-09,5,1171,Tumakuru
5612,Sugar 1kg,Groceries,11561.56,2025-11-03,6,2542,Hubballi
5613,Lassi 200ml,Beverages,1131.76,2023-05-28,1,2631,Vijayapura
5614,Sugar 1kg,Groceries,15200.49,2023-04-15,8,1612,Mangaluru
5615,Cashew 500g,Groceries,1535.9,2025-05-05,2,1923,Kalaburagi
5616,Sunflower Oil 1L,Groceries,4511.94,2024-02-05,2,2145,Vijayapura
5617,Butter 100g,Dairy,336.18,2025-01-20,4,1292,Vijayapura
5618,Cheese Slices,Dairy,8186.53,2024-08-04,8,1568,Mangaluru
5619,Good Day Biscuits,Snacks,8923.65,2022-05-18,6,2226,Hubballi
5620,Sticky Notes,Stationery,4916.16,2023-11-30,7,2951,Mangaluru
5621,Khakhra Pack,Snacks,500.79,2022-08-20,1,1868,Vijayapura
5622,Urad Dal 1kg,Groceries,4466.28,2023-07-20,8,2054,Bengaluru
5623,Mixture Snack,Snacks,7621.34,2024-01-24,4,2117,Hubballi
5624,Pendrive 64GB,Electronics,9901.65,2025-06-26,5,2309,Mysuru
5625,Rice 5kg,Groceries,10930.42,2023-05-06,7,2814,Shivamogga
5626,Milk 1L,Dairy,4328.19,2023-06-04,8,1773,Vijayapura
5627,Dishwash Liquid,Home Care,1441.32,2022-11-30,6,2505,Mysuru
5628,Printer Paper,Stationery,2332.76,2022-07-01,1,1309,Ballari
5629,Extension Board,Electronics,6714.06,2023-11-08,4,1753,Ballari
5630,Sticky Notes,Stationery,5444.0,2022-01-25,8,2909,Hubballi
5631,Cashew 500g,Groceries,5429.28,2024-10-06,8,1167,Davanagere
5632,Urad Dal 1kg,Groceries,2079.8,2024-04-21,4,2025,Davanagere
5633,Groundnut Oil 1L,Groceries,1077.61,2023-06-04,5,2864,Udupi
5634,Energy Drink,Beverages,1542.21,2024-03-14,1,1519,Ballari
5635,Toilet Cleaner,Home Care,8573.32,2024-07-06,6,1789,Ballari
5636,Power Bank 10000mAh,Electronics,5115.89,2024-07-17,2,2565,Tumakuru
5637,Deodorant,Personal Care,3650.72,2024-06-11,8,2757,Bengaluru
5638,Wheat Atta 10kg,Groceries,548.92,2023-09-28,7,1665,Kalaburagi
5639,Jam 500g,Groceries,8291.81,2025-09-30,8,2725,Hubballi
5640,Milk 1L,Dairy,4731.92,2022-04-02,8,1467,Hubballi
5641,Shampoo 180ml,Personal Care,4388.33,2024-05-10,5,2533,Udupi
5642,Sanitary Pads,Personal Care,11874.15,2024-10-20,6,2836,Belagavi
5643,Cashew 500g,Groceries,1557.83,2023-09-11,2,2112,Belagavi
5644,Stapler,Stationery,816.22,2025-12-06,1,2789,Davanagere
5645,Dishwash Liquid,Home Care,524.02,2023-12-07,2,1793,Bengaluru
5646,Cashew 500g,Groceries,3439.21,2022-04-16,5,1932,Vijayapura
5647,Honey 500g,Groceries,10500.13,2023-09-05,6,2645,Davanagere
5648,Murukku Pack,Snacks,1256.48,2022-04-15,2,1992,Vijayapura
5649,Air Freshener,Home Care,16648.53,2024-07-09,7,1742,Belagavi
5650,Almonds 500g,Groceries,1476.79,2022-11-03,7,2049,Vijayapura
5651,Deodorant,Personal Care,1190.61,2025-10-31,3,2181,Hubballi
5652,Ball Pen Pack,Stationery,8891.64,2025-10-25,6,1051,Hubballi
5653,Honey 500g,Groceries,1681.31,2023-06-13,1,2960,Kalaburagi
5654,Energy Drink,Beverages,10041.94,2022-01-24,6,2727,Tumakuru
5655,Energy Drink,Beverages,5193.9,2025-08-24,3,2471,Tumakuru
5656,Tea Powder 500g,Beverages,4282.03,2024-04-19,4,2602,Ballari
5657,Air Freshener,Home Care,2535.77,2024-06-25,1,2809,Davanagere
5658,Deodorant,Personal Care,3467.33,2024-08-17,8,1084,Kalaburagi
5659,Detergent Powder 1kg,Home Care,1625.58,2023-04-02,7,2018,Davanagere
5660,Jam 500g,Groceries,3231.38,2024-06-28,3,1143,Kalaburagi
5661,Milk 1L,Dairy,612.41,2023-05-04,1,1733,Mysuru
5662,Potato Chips,Snacks,3706.92,2025-09-15,7,2625,Bengaluru
5663,Murukku Pack,Snacks,1959.3,2022-12-02,3,1475,Hubballi
5664,LED Bulb 9W,Electronics,2138.05,2023-03-18,1,2264,Vijayapura
5665,Toilet Cleaner,Home Care,7252.29,2022-02-16,5,2613,Tumakuru
5666,Urad Dal 1kg,Groceries,4067.92,2023-06-14,7,2450,Hubballi
5667,Rice 5kg,Groceries,11492.18,2025-09-02,7,1268,Hubballi
5668,Cashew 500g,Groceries,5945.92,2024-03-13,8,1662,Mangaluru
5669,Mineral Water 1L,Beverages,10503.07,2024-11-01,5,1704,Hubballi
5670,Scrub Pad,Home Care,1457.09,2024-02-23,1,2765,Belagavi
5671,USB Cable,Electronics,7754.51,2024-09-07,6,2598,Shivamogga
5672,Extension Board,Electronics,3378.74,2025-03-31,2,2294,Ballari
5673,Wheat Atta 10kg,Groceries,382.81,2023-12-18,5,2973,Belagavi
5674,Mixture Snack,Snacks,1956.02,2024-06-28,1,1841,Belagavi
5675,Potato Chips,Snacks,3286.59,2022-03-03,6,1983,Ballari
5676,Namkeen Mix,Snacks,13132.52,2022-02-26,8,2391,Mangaluru
5677,Salt 1kg,Groceries,7094.59,2022-09-24,4,1346,Mysuru
5678,Extension Board,Electronics,3964.7,2022-03-12,2,2848,Mysuru
5679,Eraser Pack,Stationery,3835.46,2024-04-29,6,2890,Hubballi
5680,Jam 500g,Groceries,3027.51,2024-08-24,3,2159,Ballari
5681,Scrub Pad,Home Care,5226.31,2024-11-29,3,2018,Hubballi
5682,Filter Coffee 500g,Beverages,497.81,2023-09-27,5,2163,Shivamogga
5683,Murukku Pack,Snacks,2077.52,2022-08-20,3,1971,Kalaburagi
5684,Peanut Butter,Groceries,5389.57,2022-08-24,7,1875,Bengaluru
5685,LED Bulb 9W,Electronics,8507.62,2025-01-14,4,2141,Ballari
5686,Rice 5kg,Groceries,11573.15,2023-10-26,8,1161,Udupi
5687,Salt 1kg,Groceries,5122.21,2023-10-02,3,1694,Kalaburagi
5688,Milk 1L,Dairy,1834.75,2022-10-29,3,2395,Mangaluru
5689,HDMI Cable,Electronics,2058.91,2024-09-28,1,1740,Belagavi
5690,Ghee 500ml,Groceries,1235.23,2023-07-19,5,2086,Davanagere
5691,Eraser Pack,Stationery,1955.01,2025-11-26,3,1140,Bengaluru
5692,Wireless Earphones,Electronics,6597.37,2024-08-13,7,1655,Kalaburagi
5693,Toor Dal 1kg,Groceries,1363.56,2024-04-10,2,2395,Kalaburagi
5694,Peanut Butter,Groceries,6086.71,2022-12-16,8,2691,Bengaluru
5695,Toilet Cleaner,Home Care,9676.29,2024-12-30,7,2861,Shivamogga
5696,Ball Pen Pack,Stationery,5844.84,2025-03-19,4,2982,Shivamogga
5697,Pendrive 64GB,Electronics,15672.58,2023-05-03,8,2411,Ballari
5698,Dishwash Liquid,Home Care,1831.72,2025-08-12,7,1022,Tumakuru
5699,Sunflower Oil 1L,Groceries,4790.67,2023-11-19,2,1913,Vijayapura
5700,Soft Drink 750ml,Beverages,133.92,2024-09-21,4,1155,Belagavi
5701,Phone Stand,Electronics,6063.26,2022-07-24,6,2272,Kalaburagi
5702,Deodorant,Personal Care,390.85,2022-04-01,1,2480,Mysuru
5703,Oats 1kg,Groceries,15342.53,2024-09-16,7,2371,Mangaluru
5704,Urad Dal 1kg,Groceries,1669.2,2025-03-16,3,1268,Bengaluru
5705,Good Day Biscuits,Snacks,4155.25,2023-12-24,3,1259,Hubballi
5706,Toilet Cleaner,Home Care,4979.16,2024-07-10,3,2724,Bengaluru
5707,Wireless Earphones,Electronics,4029.86,2025-04-14,4,1698,Ballari
5708,Mango Juice 1L,Beverages,3910.64,2025-07-17,2,2861,Shivamogga
5709,Poha 1kg,Groceries,244.69,2023-03-09,2,2643,Vijayapura
5710,Torch Light,Electronics,10778.19,2025-05-16,8,1338,Bengaluru
5711,Glass Cleaner,Home Care,6147.44,2024-07-30,6,1620,Udupi
5712,Parle-G Biscuits,Snacks,8835.29,2023-09-05,5,2150,Davanagere
5713,LED Bulb 9W,Electronics,13185.06,2022-09-24,7,1709,Vijayapura
5714,Milk 1L,Dairy,2335.73,2022-12-31,4,1616,Kalaburagi
5715,Peanut Butter,Groceries,6694.7,2023-04-28,8,2556,Kalaburagi
5716,Hand Wash,Personal Care,12196.18,2023-06-13,8,1609,Hubballi
5717,Sticky Notes,Stationery,3154.88,2023-12-03,5,2762,Belagavi
5718,Eraser Pack,Stationery,5072.21,2022-12-04,8,2237,Tumakuru
5719,Ghee 500ml,Groceries,1995.2,2024-04-11,8,2542,Udupi
5720,Basmati Rice 5kg,Groceries,6265.32,2025-10-17,4,2327,Bengaluru
5721,Mango Juice 1L,Beverages,2124.56,2023-04-09,1,1554,Ballari
5722,Torch Light,Electronics,1511.13,2022-09-14,1,1601,Davanagere
5723,Honey 500g,Groceries,12580.45,2025-07-07,7,1063,Udupi
5724,Sunflower Oil 1L,Groceries,10067.92,2022-05-15,5,1859,Udupi
5725,Coconut Oil 1L,Groceries,4518.66,2024-04-30,8,1262,Belagavi
5726,Bath Soap,Personal Care,11970.26,2025-11-22,7,2707,Mangaluru
5727,Potato Chips,Snacks,3238.09,2022-11-11,6,2890,Bengaluru
5728,Floor Cleaner 1L,Home Care,15689.89,2023-04-18,7,1109,Vijayapura
5729,Milk 1L,Dairy,3048.89,2025-07-13,5,2996,Bengaluru
5730,Butter 100g,Dairy,478.65,2023-05-11,6,1223,Udupi
5731,Parle-G Biscuits,Snacks,12229.59,2023-01-09,8,1812,Belagavi
5732,Tea Powder 500g,Beverages,5322.62,2023-11-04,5,1863,Vijayapura
5733,Wheat Atta 10kg,Groceries,84.23,2024-12-04,1,1545,Mangaluru
5734,Buttermilk 200ml,Beverages,2554.58,2023-11-07,4,2251,Ballari
5735,Wireless Earphones,Electronics,8132.1,2022-12-02,8,1324,Vijayapura
5736,Stapler,Stationery,3423.7,2025-08-18,4,2561,Shivamogga
5737,Buttermilk 200ml,Beverages,4913.04,2025-11-21,7,1986,Davanagere
5738,Milk 1L,Dairy,3204.11,2025-05-03,6,1041,Mangaluru
5739,Bath Soap,Personal Care,12919.67,2022-12-01,7,2520,Belagavi
5740,Glass Cleaner,Home Care,3769.38,2022-01-22,4,1088,Udupi
5741,Hair Oil 200ml,Personal Care,2618.16,2022-02-02,3,2177,Bengaluru
5742,Sticky Notes,Stationery,662.51,2024-07-17,1,1833,Mysuru
5743,Torch Light,Electronics,7056.52,2024-07-13,5,2031,Davanagere
5744,Extension Board,Electronics,10578.98,2025-09-10,6,2922,Bengaluru
5745,Notebook,Stationery,6406.84,2022-09-13,3,1821,Vijayapura
5746,Bluetooth Speaker,Electronics,5384.52,2022-05-06,3,2505,Tumakuru
5747,Body Lotion,Personal Care,2832.6,2023-07-03,6,2938,Vijayapura
5748,Floor Cleaner 1L,Home Care,8157.48,2023-04-19,4,2401,Vijayapura
5749,Khakhra Pack,Snacks,515.53,2023-03-11,1,2515,Kalaburagi
5750,Jam 500g,Groceries,3178.43,2025-11-11,3,1711,Mangaluru
5751,Keyboard,Electronics,15736.09,2023-04-01,8,1685,Davanagere
5752,Hair Oil 200ml,Personal Care,3642.76,2024-11-12,4,1202,Hubballi
5753,Extension Board,Electronics,1988.64,2023-04-22,1,1568,Shivamogga
5754,Extension Board,Electronics,6660.91,2023-04-17,4,1867,Belagavi
5755,Butter 100g,Dairy,239.54,2024-09-01,3,2912,Belagavi
5756,Toor Dal 1kg,Groceries,3951.99,2024-07-28,6,1323,Bengaluru
5757,LED Bulb 9W,Electronics,7839.01,2023-10-26,4,2876,Mysuru
5758,Khakhra Pack,Snacks,499.17,2022-09-28,1,1669,Mysuru
5759,Urad Dal 1kg,Groceries,4780.0,2024-01-19,8,2940,Shivamogga
5760,Poha 1kg,Groceries,973.78,2025-04-18,8,2958,Belagavi
5761,Sticky Notes,Stationery,641.16,2022-11-08,1,2834,Kalaburagi
5762,Printer Paper,Stationery,12665.92,2022-05-26,6,1162,Vijayapura
5763,Eraser Pack,Stationery,1846.16,2024-02-02,3,2753,Mysuru
5764,Potato Chips,Snacks,3218.28,2022-03-14,6,2928,Davanagere
5765,Mouse,Electronics,1196.4,2023-05-26,2,2685,Udupi
5766,Almonds 500g,Groceries,211.31,2023-04-03,1,2494,Udupi
5767,Basmati Rice 5kg,Groceries,7885.76,2022-05-21,5,2263,Udupi
5768,Air Freshener,Home Care,4782.96,2024-10-15,2,2758,Shivamogga
5769,Coconut Oil 1L,Groceries,5208.05,2024-03-14,8,1886,Hubballi
5770,Shampoo 180ml,Personal Care,2840.58,2024-04-18,3,1504,Bengaluru
5771,Hand Wash,Personal Care,3211.27,2022-10-02,2,2732,Mysuru
5772,Laptop Sleeve,Electronics,3648.64,2024-06-04,6,1487,Shivamogga
5773,Potato Chips,Snacks,609.08,2022-01-02,1,1939,Tumakuru
5774,Filter Coffee 500g,Beverages,511.74,2022-11-12,6,1113,Shivamogga
5775,Lassi 200ml,Beverages,8107.23,2024-01-05,7,2368,Kalaburagi
5776,Chocolate Bar,Snacks,18595.43,2022-06-08,8,1627,Hubballi
5777,Dishwash Liquid,Home Care,1645.84,2024-10-31,7,1087,Udupi
5778,Jam 500g,Groceries,922.94,2022-06-11,1,2877,Belagavi
5779,Chocolate Bar,Snacks,5013.41,2023-03-20,2,2229,Mangaluru
5780,Smart Watch,Electronics,2823.75,2023-03-01,2,1079,Belagavi
5781,Cheese Slices,Dairy,1833.28,2023-05-13,2,2137,Ballari
5782,Parle-G Biscuits,Snacks,12488.52,2024-08-26,7,2450,Ballari
5783,Coconut Oil 1L,Groceries,1201.2,2025-11-03,2,1724,Tumakuru
5784,Mineral Water 1L,Beverages,2513.69,2025-07-09,1,1073,Kalaburagi
5785,Jam 500g,Groceries,6775.62,2024-03-30,7,2554,Ballari
5786,Stapler,Stationery,2349.29,2022-12-27,3,2074,Bengaluru
5787,Wheat Atta 10kg,Groceries,715.2,2024-09-26,8,1321,Bengaluru
5788,Sticky Notes,Stationery,1389.74,2023-08-18,2,1917,Mangaluru
5789,File Folder,Stationery,5601.42,2023-12-22,4,1861,Belagavi
5790,Toor Dal 1kg,Groceries,5634.27,2025-12-29,8,2600,Bengaluru
5791,Stapler,Stationery,2920.26,2024-03-30,4,2237,Davanagere
5792,Mouse,Electronics,3248.27,2023-06-07,6,1710,Belagavi
5793,Lassi 200ml,Beverages,4549.96,2022-06-12,4,1533,Tumakuru
5794,Scrub Pad,Home Care,8139.34,2024-06-09,5,1777,Ballari
5795,Keyboard,Electronics,13473.72,2022-05-21,7,2779,Ballari
5796,Cashew 500g,Groceries,6365.55,2022-06-22,8,1871,Belagavi
5797,Coconut Oil 1L,Groceries,3801.11,2025-10-01,7,2245,Shivamogga
5798,Khakhra Pack,Snacks,2372.82,2023-05-25,4,2897,Mysuru
5799,Pendrive 64GB,Electronics,2285.89,2025-09-05,1,1899,Hubballi
5800,Jam 500g,Groceries,2712.92,2022-03-08,3,1276,Shivamogga
5801,Sketch Pen Set,Stationery,589.12,2023-03-15,6,1492,Davanagere
5802,Scrub Pad,Home Care,13615.17,2022-02-07,8,2387,Hubballi
5803,Butter 100g,Dairy,600.08,2025-02-15,7,1986,Mysuru
5804,Jam 500g,Groceries,3207.54,2022-08-09,3,1761,Belagavi
5805,Instant Noodles,Groceries,4496.55,2022-01-26,8,2746,Mysuru
5806,Mixture Snack,Snacks,10471.04,2022-10-11,5,2954,Shivamogga
5807,Ball Pen Pack,Stationery,8990.26,2025-09-09,6,1119,Shivamogga
5808,Ball Pen Pack,Stationery,1556.19,2022-03-16,1,2364,Vijayapura
5809,Jam 500g,Groceries,4059.17,2024-10-12,4,1823,Kalaburagi
5810,Deodorant,Personal Care,1707.91,2024-09-06,4,1277,Belagavi
5811,Energy Drink,Beverages,3123.86,2022-01-28,2,1415,Belagavi
5812,Extension Board,Electronics,7717.72,2022-05-02,4,1057,Bengaluru
5813,Honey 500g,Groceries,3153.45,2023-10-03,2,1323,Vijayapura
5814,Basmati Rice 5kg,Groceries,6371.69,2024-10-04,4,2417,Udupi
5815,Mobile Charger,Electronics,2743.5,2025-03-09,2,2160,Kalaburagi
5816,Murukku Pack,Snacks,4493.98,2024-04-26,6,2546,Tumakuru
5817,Soft Drink 750ml,Beverages,300.12,2024-01-06,8,1205,Ballari
5818,Lassi 200ml,Beverages,7549.22,2023-11-21,7,1318,Davanagere
5819,Poha 1kg,Groceries,852.35,2022-12-06,7,1261,Hubballi
5820,Sugar 1kg,Groceries,5234.08,2023-08-11,3,1080,Shivamogga
5821,Energy Drink,Beverages,12648.39,2022-07-29,8,1378,Shivamogga
5822,Milk 1L,Dairy,3385.91,2022-03-31,6,2692,Belagavi
5823,Paneer 200g,Dairy,1623.16,2024-11-04,3,2808,Bengaluru
5824,Cashew 500g,Groceries,1449.63,2024-06-02,2,1089,Udupi
5825,Marker Pen,Stationery,1463.71,2023-03-22,2,2187,Mangaluru
5826,Smart Watch,Electronics,7386.39,2024-09-22,5,2301,Vijayapura
5827,Sugar 1kg,Groceries,13699.77,2024-05-02,7,1170,Shivamogga
5828,Banana Chips,Snacks,11592.47,2023-10-24,8,2699,Ballari
5829,Notebook,Stationery,9975.3,2022-01-31,5,1297,Mangaluru
5830,Power Bank 10000mAh,Electronics,6936.54,2025-01-19,3,2713,Tumakuru
5831,Face Wash,Personal Care,4542.95,2024-08-03,2,1481,Davanagere
5832,Filter Coffee 500g,Beverages,457.01,2023-04-09,5,2932,Mysuru
5833,Parle-G Biscuits,Snacks,1695.49,2024-02-18,1,2391,Tumakuru
5834,File Folder,Stationery,3061.68,2022-09-06,2,2238,Hubballi
5835,Laptop Sleeve,Electronics,3557.75,2022-06-24,7,1051,Belagavi
5836,Deodorant,Personal Care,913.99,2025-03-08,2,2707,Udupi
5837,Good Day Biscuits,Snacks,2915.47,2025-06-14,2,1257,Udupi
5838,Ragi Flour 1kg,Groceries,13500.67,2025-10-17,7,2228,Mangaluru
5839,Printer Paper,Stationery,16942.89,2025-02-04,8,2371,Hubballi
5840,Ball Pen Pack,Stationery,3399.27,2023-03-28,2,1537,Mysuru
5841,Mobile Charger,Electronics,2610.32,2022-05-23,2,2057,Mysuru
5842,Parle-G Biscuits,Snacks,3140.75,2023-12-02,2,2888,Mysuru
5843,Toilet Cleaner,Home Care,4383.18,2022-08-26,3,1912,Vijayapura
5844,Laptop Sleeve,Electronics,542.46,2024-07-11,1,1079,Ballari
5845,Ghee 500ml,Groceries,1704.54,2023-07-17,7,2623,Bengaluru
5846,Ice Cream Tub,Dairy,6806.51,2025-09-14,8,2675,Ballari
5847,Deodorant,Personal Care,1554.41,2023-02-10,4,1215,Belagavi
5848,Coconut Oil 1L,Groceries,3990.38,2024-08-28,7,1257,Mangaluru
5849,Deodorant,Personal Care,2633.8,2024-08-25,6,2229,Belagavi
5850,Sunflower Oil 1L,Groceries,18666.92,2022-02-25,8,1456,Hubballi
5851,Sanitary Pads,Personal Care,8699.21,2025-07-08,5,2190,Vijayapura
5852,Sketch Pen Set,Stationery,717.78,2023-04-16,8,1506,Vijayapura
5853,Paneer 200g,Dairy,2008.63,2025-06-13,4,1592,Mysuru
5854,Toothpaste 150g,Personal Care,3102.3,2022-05-26,7,1009,Tumakuru
5855,Toor Dal 1kg,Groceries,2621.71,2024-07-12,4,1719,Hubballi
5856,Tea Powder 500g,Beverages,1033.88,2024-03-23,1,1495,Mysuru
5857,Sugar 1kg,Groceries,3343.38,2024-12-29,2,2235,Tumakuru
5858,Torch Light,Electronics,8457.63,2022-07-13,6,1340,Shivamogga
5859,Floor Cleaner 1L,Home Care,13478.53,2023-08-15,7,1044,Bengaluru
5860,Mobile Charger,Electronics,10647.07,2024-12-03,8,1820,Davanagere
5861,Mineral Water 1L,Beverages,12302.58,2024-02-15,5,2587,Kalaburagi
5862,Sticky Notes,Stationery,3363.89,2024-11-24,5,1143,Davanagere
5863,Wheat Atta 10kg,Groceries,321.9,2022-08-07,4,1052,Bengaluru
5864,Deodorant,Personal Care,3064.4,2022-05-28,8,1911,Davanagere
5865,Floor Cleaner 1L,Home Care,16340.15,2023-09-27,8,2220,Hubballi
5866,Hair Oil 200ml,Personal Care,845.2,2022-07-31,1,1227,Mysuru
5867,Body Lotion,Personal Care,901.95,2024-05-16,2,2705,Bengaluru
5868,Sugar 1kg,Groceries,9446.6,2022-12-15,5,2889,Mysuru
5869,Wireless Earphones,Electronics,4596.08,2024-01-01,5,1685,Vijayapura
5870,Namkeen Mix,Snacks,12442.51,2023-04-21,8,1478,Kalaburagi
5871,Phone Stand,Electronics,5217.86,2024-04-13,5,2437,Shivamogga
5872,Green Tea,Beverages,2012.69,2022-08-12,3,1984,Kalaburagi
5873,Urad Dal 1kg,Groceries,2398.35,2024-01-08,4,1500,Bengaluru
5874,Groundnut Oil 1L,Groceries,1205.66,2025-04-14,5,2196,Mangaluru
5875,Ice Cream Tub,Dairy,7094.84,2023-03-16,7,2474,Tumakuru
5876,Parle-G Biscuits,Snacks,13439.01,2024-07-23,8,1483,Mysuru
5877,Deodorant,Personal Care,1857.97,2023-09-14,4,2564,Tumakuru
5878,Soft Drink 750ml,Beverages,180.84,2022-11-08,5,2903,Hubballi
5879,Corn Flakes,Groceries,15129.16,2024-02-10,6,2757,Shivamogga
5880,Phone Stand,Electronics,4313.34,2022-11-11,4,2774,Davanagere
5881,Phone Stand,Electronics,7149.13,2025-09-21,7,1190,Belagavi
5882,Milk 1L,Dairy,2147.0,2023-02-16,4,2621,Mysuru
5883,Scrub Pad,Home Care,11116.11,2022-03-10,7,1882,Bengaluru
5884,Ghee 500ml,Groceries,1642.1,2022-07-27,6,1979,Hubballi
5885,Ragi Flour 1kg,Groceries,14442.77,2022-08-31,8,2804,Udupi
5886,Good Day Biscuits,Snacks,8901.73,2022-02-20,7,1806,Udupi
5887,Jam 500g,Groceries,4352.66,2024-01-30,4,2537,Belagavi
5888,Cheese Slices,Dairy,4597.05,2025-04-28,5,2096,Udupi
5889,Mineral Water 1L,Beverages,16531.2,2023-08-30,8,2358,Kalaburagi
5890,Torch Light,Electronics,8572.79,2022-01-11,6,2735,Hubballi
5891,Mineral Water 1L,Beverages,8695.69,2022-09-28,4,1974,Udupi
5892,Butter 100g,Dairy,588.36,2025-04-09,7,2977,Mangaluru
5893,Ghee 500ml,Groceries,1501.54,2025-08-21,6,1113,Shivamogga
5894,Urad Dal 1kg,Groceries,1682.63,2022-04-20,3,1015,Bengaluru
5895,Laptop Sleeve,Electronics,1191.85,2022-08-16,2,2367,Udupi
5896,Groundnut Oil 1L,Groceries,501.19,2024-05-18,2,1152,Tumakuru
5897,Filter Coffee 500g,Beverages,705.01,2023-06-13,8,2614,Belagavi
5898,Eraser Pack,Stationery,1172.15,2022-06-29,2,2752,Hubballi
5899,Rice 5kg,Groceries,1661.21,2025-02-12,1,2049,Mangaluru
5900,HDMI Cable,Electronics,9041.86,2023-09-13,4,2364,Tumakuru
5901,Peanut Butter,Groceries,842.69,2025-11-07,1,2946,Udupi
5902,Corn Flakes,Groceries,16436.54,2023-02-07,7,2381,Hubballi
5903,Filter Coffee 500g,Beverages,89.46,2023-06-22,1,2084,Mysuru
5904,Bluetooth Speaker,Electronics,14975.96,2023-05-17,8,2287,Tumakuru
5905,Ghee 500ml,Groceries,1695.79,2022-05-24,6,2241,Mangaluru
5906,Potato Chips,Snacks,1195.06,2024-12-22,2,2121,Mangaluru
5907,Banana Chips,Snacks,1454.91,2022-06-17,1,2078,Udupi
5908,Cheese Slices,Dairy,4335.26,2024-02-27,5,1130,Kalaburagi
5909,File Folder,Stationery,6019.85,2022-11-15,4,1389,Tumakuru
5910,Power Bank 10000mAh,Electronics,5051.86,2024-06-12,2,2245,Hubballi
5911,Namkeen Mix,Snacks,6270.13,2025-07-05,4,2249,Vijayapura
5912,Tea Powder 500g,Beverages,7983.55,2024-06-08,7,1561,Bengaluru
5913,Extension Board,Electronics,5187.64,2025-03-28,3,2365,Mysuru
5914,Peanut Butter,Groceries,3303.15,2023-12-05,4,1287,Ballari
5915,Soft Drink 750ml,Beverages,268.27,2022-07-28,7,1359,Tumakuru
5916,Lassi 200ml,Beverages,4595.76,2023-06-17,4,2240,Vijayapura
5917,Oats 1kg,Groceries,14070.14,2022-12-05,6,2918,Mangaluru
5918,Ragi Flour 1kg,Groceries,5733.6,2024-04-28,3,2560,Belagavi
5919,Power Bank 10000mAh,Electronics,12613.88,2023-07-25,5,2557,Hubballi
5920,File Folder,Stationery,10412.7,2025-01-15,7,1891,Ballari
5921,Parle-G Biscuits,Snacks,2985.63,2023-04-01,2,1453,Bengaluru
5922,Namkeen Mix,Snacks,7361.64,2025-12-20,5,2065,Bengaluru
5923,Poha 1kg,Groceries,1064.61,2023-11-15,8,1650,Udupi
5924,Almonds 500g,Groceries,229.69,2024-03-06,1,2431,Mangaluru
5925,Scrub Pad,Home Care,13960.97,2022-04-17,8,1352,Shivamogga
5926,Peanut Butter,Groceries,1661.02,2022-02-02,2,2461,Udupi
5927,Wireless Earphones,Electronics,7320.4,2024-08-16,7,1345,Mysuru
5928,Murukku Pack,Snacks,2204.41,2024-03-23,3,1810,Udupi
5929,Toor Dal 1kg,Groceries,2609.32,2023-10-26,4,2042,Belagavi
5930,Filter Coffee 500g,Beverages,87.8,2023-10-17,1,1706,Kalaburagi
5931,Eraser Pack,Stationery,5021.19,2023-04-11,8,2478,Davanagere
5932,Peanut Butter,Groceries,3266.68,2024-01-06,4,2002,Vijayapura
5933,Ragi Flour 1kg,Groceries,9686.68,2025-08-10,6,2672,Mangaluru
5934,USB Cable,Electronics,10300.83,2022-06-24,8,1151,Mysuru
5935,Scrub Pad,Home Care,7055.79,2024-07-22,4,1025,Hubballi
5936,Sketch Pen Set,Stationery,648.24,2023-12-29,7,1805,Kalaburagi
5937,Glass Cleaner,Home Care,6194.64,2022-11-25,7,1748,Ballari
5938,Ball Pen Pack,Stationery,4387.01,2022-03-04,3,2632,Bengaluru
5939,Marker Pen,Stationery,665.05,2023-05-26,1,1066,Udupi
5940,Keyboard,Electronics,5924.48,2022-12-07,3,2287,Belagavi
5941,Sticky Notes,Stationery,2019.34,2023-04-03,3,2970,Mangaluru
5942,Parle-G Biscuits,Snacks,1758.32,2025-10-30,1,2467,Ballari
5943,Sketch Pen Set,Stationery,365.23,2025-07-27,4,1904,Hubballi
5944,Namkeen Mix,Snacks,10275.32,2023-08-19,6,2116,Shivamogga
5945,Soft Drink 750ml,Beverages,97.58,2022-10-01,3,1014,Mysuru
5946,Buttermilk 200ml,Beverages,5788.8,2025-02-01,8,1605,Mangaluru
5947,Marker Pen,Stationery,5202.1,2025-10-11,8,1143,Tumakuru
5948,Mango Juice 1L,Beverages,16512.6,2024-05-30,8,2561,Hubballi
5949,File Folder,Stationery,9541.81,2022-11-18,7,2280,Udupi
5950,Poha 1kg,Groceries,774.9,2025-11-02,6,2453,Bengaluru
5951,Toor Dal 1kg,Groceries,4536.78,2022-03-08,6,2052,Mysuru
5952,Eraser Pack,Stationery,3277.35,2023-06-09,5,2455,Mangaluru
5953,Potato Chips,Snacks,4266.02,2023-03-02,7,2414,Bengaluru
5954,Wheat Atta 10kg,Groceries,322.76,2024-07-14,4,1276,Mangaluru
5955,LED Bulb 9W,Electronics,11009.96,2025-09-01,6,2084,Hubballi
5956,Rice 5kg,Groceries,6641.08,2025-10-30,4,1292,Kalaburagi
5957,Mobile Charger,Electronics,6107.16,2023-11-09,4,2653,Hubballi
5958,Peanut Butter,Groceries,1754.67,2025-03-19,2,1290,Ballari
5959,Urad Dal 1kg,Groceries,1232.28,2025-12-23,2,1812,Hubballi
5960,Good Day Biscuits,Snacks,10253.41,2024-05-23,7,2254,Tumakuru
5961,Corn Flakes,Groceries,19723.5,2023-09-18,8,1019,Hubballi
5962,Detergent Powder 1kg,Home Care,237.72,2023-07-25,1,2864,Belagavi
5963,Tea Powder 500g,Beverages,1042.81,2024-06-11,1,1801,Belagavi
5964,Honey 500g,Groceries,11858.81,2025-11-05,8,2120,Belagavi
5965,Ball Pen Pack,Stationery,9421.14,2022-07-24,6,1675,Udupi
5966,HDMI Cable,Electronics,4484.04,2023-09-06,2,1293,Vijayapura
5967,Murukku Pack,Snacks,2052.74,2025-04-15,3,1266,Belagavi
5968,Butter 100g,Dairy,166.77,2023-10-13,2,2676,Bengaluru
5969,HDMI Cable,Electronics,16088.76,2025-12-15,7,1852,Mysuru
5970,Face Wash,Personal Care,4624.9,2022-11-29,2,2451,Shivamogga
5971,Green Tea,Beverages,2212.44,2025-11-27,3,1334,Mangaluru
5972,Phone Stand,Electronics,975.02,2025-01-27,1,1396,Davanagere
5973,Torch Light,Electronics,12077.89,2023-04-27,8,1717,Belagavi
5974,Groundnut Oil 1L,Groceries,1177.33,2024-04-08,5,1358,Shivamogga
5975,Hair Oil 200ml,Personal Care,4663.57,2022-08-07,6,1179,Mysuru
5976,Vermicelli 500g,Groceries,1866.9,2023-10-17,3,2038,Kalaburagi
5977,Hand Wash,Personal Care,4557.95,2025-12-13,3,2113,Ballari
5978,Stapler,Stationery,2359.72,2023-03-29,3,1169,Davanagere
5979,Mobile Charger,Electronics,1519.46,2022-02-10,1,1522,Shivamogga
5980,Stapler,Stationery,835.49,2025-04-29,1,1965,Mysuru
5981,Marker Pen,Stationery,4373.75,2023-09-26,7,2694,Mangaluru
5982,Shampoo 180ml,Personal Care,3364.04,2025-12-09,4,1673,Udupi
5983,Ball Pen Pack,Stationery,9503.07,2023-01-06,6,1093,Shivamogga
5984,Coconut Oil 1L,Groceries,4133.54,2024-06-30,7,2016,Vijayapura
5985,Lassi 200ml,Beverages,2133.86,2023-01-21,2,2609,Davanagere
5986,Jam 500g,Groceries,3618.89,2023-09-18,4,2554,Shivamogga
5987,Glass Cleaner,Home Care,7361.83,2024-06-24,7,2791,Belagavi
5988,Poha 1kg,Groceries,245.24,2024-03-07,2,1002,Ballari
5989,Oats 1kg,Groceries,14392.09,2025-03-14,6,1952,Bengaluru
5990,Paneer 200g,Dairy,3176.81,2022-12-10,6,1372,Mysuru
5991,Detergent Powder 1kg,Home Care,975.82,2024-12-04,4,2219,Tumakuru
5992,Groundnut Oil 1L,Groceries,255.19,2023-02-05,1,1558,Davanagere
5993,Hand Wash,Personal Care,2834.69,2024-11-05,2,2302,Vijayapura
5994,Mouse,Electronics,2120.25,2024-10-12,4,1576,Tumakuru
5995,Paneer 200g,Dairy,1077.08,2025-03-17,2,2238,Kalaburagi
5996,Scrub Pad,Home Care,4789.34,2025-07-21,3,2857,Shivamogga
5997,Cheese Slices,Dairy,1015.41,2023-03-28,1,1433,Ballari
5998,Smart Watch,Electronics,9050.63,2022-10-26,6,2052,Shivamogga
5999,Torch Light,Electronics,10314.17,2022-08-03,7,2119,Belagavi
6000,LED Bulb 9W,Electronics,15836.79,2023-05-13,8,1105,Udupi
6001,Oats 1kg,Groceries,2257.02,2024-08-21,1,1486,Davanagere
6002,Jam 500g,Groceries,5121.46,2025-06-06,5,2741,Udupi
6003,HDMI Cable,Electronics,11866.17,2023-10-03,5,1948,Kalaburagi
6004,Torch Light,Electronics,7892.0,2023-09-27,5,1568,Mysuru
6005,Salt 1kg,Groceries,13322.1,2022-12-15,8,2524,Tumakuru
6006,Banana Chips,Snacks,10660.53,2023-12-05,7,1584,Kalaburagi
6007,Toilet Cleaner,Home Care,7993.72,2023-12-28,5,2164,Mysuru
6008,Cheese Slices,Dairy,1019.98,2023-06-15,1,1511,Shivamogga
6009,Honey 500g,Groceries,7136.03,2024-11-22,4,1675,Kalaburagi
6010,Sticky Notes,Stationery,666.5,2025-05-26,1,2442,Vijayapura
6011,Namkeen Mix,Snacks,9775.05,2023-10-06,6,1923,Ballari
6012,Floor Cleaner 1L,Home Care,16396.74,2025-09-25,8,2634,Ballari
6013,Filter Coffee 500g,Beverages,654.27,2023-09-26,7,2688,Hubballi
6014,Basmati Rice 5kg,Groceries,1448.58,2025-11-21,1,1432,Bengaluru
6015,Body Lotion,Personal Care,943.3,2024-08-12,2,1954,Tumakuru
6016,Butter 100g,Dairy,330.63,2022-02-22,4,2315,Kalaburagi
6017,Rice 5kg,Groceries,12866.44,2023-03-23,8,1795,Vijayapura
6018,Mango Juice 1L,Beverages,5680.77,2025-12-28,3,2027,Shivamogga
6019,Notebook,Stationery,1967.38,2023-01-23,1,1838,Vijayapura
6020,Jam 500g,Groceries,5562.38,2025-02-09,6,1683,Kalaburagi
6021,Salt 1kg,Groceries,4813.62,2022-10-11,3,2905,Kalaburagi
6022,Cheese Slices,Dairy,5285.61,2024-07-28,6,1488,Shivamogga
6023,Laptop Sleeve,Electronics,3592.53,2023-08-07,6,2277,Davanagere
6024,Soft Drink 750ml,Beverages,184.0,2022-04-20,5,1386,Mangaluru
6025,Potato Chips,Snacks,2161.51,2024-09-24,4,1154,Belagavi
6026,Namkeen Mix,Snacks,10516.92,2025-04-13,6,1498,Udupi
6027,Coconut Oil 1L,Groceries,3489.41,2025-11-24,6,1925,Bengaluru
6028,Soft Drink 750ml,Beverages,32.8,2022-08-21,1,1964,Belagavi
6029,Filter Coffee 500g,Beverages,369.45,2023-09-26,4,1544,Shivamogga
6030,Oats 1kg,Groceries,11623.48,2024-03-13,5,1228,Mangaluru
6031,Paneer 200g,Dairy,2227.83,2025-05-07,4,1191,Kalaburagi
6032,Mixture Snack,Snacks,16793.28,2022-01-30,8,2726,Tumakuru
6033,Poha 1kg,Groceries,131.97,2024-04-09,1,1212,Mangaluru
6034,Bath Soap,Personal Care,5681.18,2025-01-13,3,2330,Hubballi
6035,HDMI Cable,Electronics,2185.8,2023-08-30,1,1581,Tumakuru
6036,Corn Flakes,Groceries,13438.27,2022-01-09,6,2919,Belagavi
6037,Green Tea,Beverages,4106.27,2023-11-28,6,2190,Shivamogga
6038,Sunflower Oil 1L,Groceries,7326.79,2023-03-11,3,2446,Shivamogga
6039,Namkeen Mix,Snacks,1627.04,2024-09-24,1,2574,Ballari
6040,Lassi 200ml,Beverages,6279.48,2023-03-20,5,1476,Kalaburagi
6041,Banana Chips,Snacks,11637.59,2023-01-28,8,2181,Udupi
6042,Mineral Water 1L,Beverages,2179.56,2024-04-21,1,1073,Bengaluru
6043,Mouse,Electronics,1832.67,2023-05-16,3,1820,Vijayapura
6044,Energy Drink,Beverages,5218.68,2024-05-18,3,2823,Vijayapura
6045,Toor Dal 1kg,Groceries,2294.48,2023-01-12,3,1307,Bengaluru
6046,Oats 1kg,Groceries,17106.77,2023-11-22,8,2386,Bengaluru
6047,Khakhra Pack,Snacks,1070.08,2025-05-25,2,1077,Tumakuru
6048,Torch Light,Electronics,10638.21,2022-05-18,8,2959,Shivamogga
6049,Paneer 200g,Dairy,1397.33,2023-03-01,3,2197,Hubballi
6050,USB Cable,Electronics,6899.9,2024-07-25,5,1894,Vijayapura
6051,Air Freshener,Home Care,8034.18,2024-02-23,3,1374,Udupi
6052,Filter Coffee 500g,Beverages,389.56,2025-11-06,4,2676,Hubballi
6053,Jam 500g,Groceries,2098.71,2022-11-19,2,2184,Tumakuru
6054,HDMI Cable,Electronics,6217.43,2023-11-22,3,1460,Bengaluru
6055,Scrub Pad,Home Care,2995.57,2024-05-05,2,1087,Bengaluru
6056,Corn Flakes,Groceries,7619.29,2024-11-12,3,1478,Kalaburagi
6057,Glass Cleaner,Home Care,8070.66,2023-01-08,8,1930,Bengaluru
6058,Ragi Flour 1kg,Groceries,9049.56,2023-10-26,5,2006,Udupi
6059,Marker Pen,Stationery,5788.59,2025-01-26,8,2912,Mangaluru
6060,Groundnut Oil 1L,Groceries,1548.17,2022-11-22,7,2420,Kalaburagi
6061,Mouse,Electronics,642.14,2022-12-09,1,1864,Vijayapura
6062,Instant Noodles,Groceries,586.87,2023-06-14,1,1852,Udupi
6063,Chocolate Bar,Snacks,14066.59,2023-10-26,6,1282,Udupi
6064,Wireless Earphones,Electronics,7529.57,2025-03-08,8,1854,Udupi
6065,Toor Dal 1kg,Groceries,5294.0,2023-06-28,7,1902,Mangaluru
6066,File Folder,Stationery,7649.57,2023-12-03,5,1363,Shivamogga
6067,Glass Cleaner,Home Care,3808.1,2024-08-11,4,2424,Belagavi
6068,Air Freshener,Home Care,19980.01,2025-01-03,8,1535,Bengaluru
6069,Body Lotion,Personal Care,472.02,2025-12-02,1,2242,Belagavi
6070,Chocolate Bar,Snacks,13997.1,2024-07-27,6,2589,Bengaluru
6071,Hand Wash,Personal Care,2842.26,2025-06-13,2,2053,Ballari
6072,Lassi 200ml,Beverages,10103.8,2022-11-10,8,2118,Belagavi
6073,Soft Drink 750ml,Beverages,253.98,2025-05-11,7,1280,Ballari
6074,Mixture Snack,Snacks,14722.55,2022-05-26,7,2449,Kalaburagi
6075,Energy Drink,Beverages,7375.07,2022-02-24,5,1003,Shivamogga
6076,Hair Oil 200ml,Personal Care,6256.13,2024-11-22,8,2929,Tumakuru
6077,Sugar 1kg,Groceries,10828.75,2024-03-25,6,2112,Ballari
6078,Wheat Atta 10kg,Groceries,300.18,2025-08-06,4,1823,Tumakuru
6079,Basmati Rice 5kg,Groceries,12705.06,2025-03-28,8,2717,Shivamogga
6080,Sticky Notes,Stationery,1247.66,2025-04-08,2,2073,Hubballi
6081,Good Day Biscuits,Snacks,4329.09,2023-06-22,3,1274,Ballari
6082,Ghee 500ml,Groceries,1186.43,2025-10-08,4,2405,Belagavi
6083,Milk 1L,Dairy,4165.22,2022-06-23,7,2182,Vijayapura
6084,Milk 1L,Dairy,2842.68,2024-12-05,5,1902,Bengaluru
6085,Good Day Biscuits,Snacks,9877.02,2024-11-19,8,2597,Udupi
6086,Khakhra Pack,Snacks,4637.99,2022-07-30,8,1752,Mangaluru
6087,Salt 1kg,Groceries,13496.94,2022-07-31,8,2484,Bengaluru
6088,Air Freshener,Home Care,11277.12,2023-04-09,5,1461,Tumakuru
6089,Instant Noodles,Groceries,3410.68,2025-05-07,6,1777,Davanagere
6090,Soft Drink 750ml,Beverages,177.43,2025-10-03,5,1110,Shivamogga
6091,Tea Powder 500g,Beverages,1934.39,2025-03-14,2,2895,Bengaluru
6092,Sunflower Oil 1L,Groceries,16256.96,2022-08-06,8,2017,Ballari
6093,Ghee 500ml,Groceries,282.73,2022-01-25,1,1763,Bengaluru
6094,Soft Drink 750ml,Beverages,223.88,2025-03-03,6,1970,Mangaluru
6095,File Folder,Stationery,5878.47,2025-06-19,4,1360,Bengaluru
6096,Milk 1L,Dairy,617.29,2022-12-19,1,2270,Davanagere
6097,Ghee 500ml,Groceries,2063.88,2024-08-01,8,2382,Udupi
6098,HDMI Cable,Electronics,13857.04,2025-05-12,6,1865,Shivamogga
6099,Mineral Water 1L,Beverages,19213.16,2023-06-06,8,2703,Mangaluru
6100,Almonds 500g,Groceries,638.42,2025-10-20,3,2394,Vijayapura
6101,Power Bank 10000mAh,Electronics,6651.98,2022-06-20,3,1829,Belagavi
6102,Parle-G Biscuits,Snacks,10335.7,2023-03-09,6,1903,Belagavi
6103,Salt 1kg,Groceries,9359.68,2023-01-20,6,1489,Davanagere
6104,Buttermilk 200ml,Beverages,2907.1,2024-05-17,4,2631,Tumakuru
6105,Peanut Butter,Groceries,6248.65,2022-08-24,8,2523,Kalaburagi
6106,Energy Drink,Beverages,1704.26,2023-10-18,1,1704,Davanagere
6107,Curd 500g,Dairy,9781.19,2025-09-08,8,1096,Shivamogga
6108,Mouse,Electronics,3008.05,2024-03-11,5,2058,Ballari
6109,Milk 1L,Dairy,2683.4,2025-06-07,5,1072,Ballari
6110,Groundnut Oil 1L,Groceries,1028.39,2023-11-23,4,2031,Tumakuru
6111,Bath Soap,Personal Care,9167.6,2025-10-12,5,1729,Davanagere
6112,USB Cable,Electronics,6520.72,2025-03-02,5,2265,Vijayapura
6113,Corn Flakes,Groceries,15548.45,2023-06-14,7,1766,Hubballi
6114,Ragi Flour 1kg,Groceries,5804.67,2025-04-25,3,1224,Mysuru
6115,Parle-G Biscuits,Snacks,3388.39,2022-04-27,2,2866,Udupi
6116,Mouse,Electronics,3740.41,2022-05-26,6,2971,Ballari
6117,USB Cable,Electronics,9784.25,2024-11-13,7,2249,Ballari
6118,Laptop Sleeve,Electronics,3448.79,2022-12-06,6,1157,Hubballi
6119,Coconut Oil 1L,Groceries,3861.61,2025-09-25,7,1430,Bengaluru
6120,Phone Stand,Electronics,8444.97,2023-02-11,8,2333,Belagavi
6121,Stapler,Stationery,862.91,2022-03-23,1,2812,Mangaluru
6122,Mixture Snack,Snacks,13523.86,2023-12-10,7,2262,Davanagere
6123,Phone Stand,Electronics,2733.62,2023-11-11,3,1608,Ballari
6124,Mango Juice 1L,Beverages,17508.31,2025-01-27,8,2771,Mysuru
6125,Buttermilk 200ml,Beverages,2220.93,2023-08-01,3,1964,Kalaburagi
6126,USB Cable,Electronics,6677.51,2024-03-02,5,1011,Belagavi
6127,Shampoo 180ml,Personal Care,3756.22,2022-08-01,4,1987,Udupi
6128,Instant Noodles,Groceries,2815.17,2023-01-05,5,1166,Belagavi
6129,Hand Wash,Personal Care,3035.57,2024-10-19,2,1689,Ballari
6130,Sunflower Oil 1L,Groceries,10815.07,2022-10-23,5,2273,Mangaluru
6131,Namkeen Mix,Snacks,13965.39,2024-05-26,8,2270,Ballari
6132,Mouse,Electronics,4788.7,2025-01-14,8,2075,Davanagere
6133,Air Freshener,Home Care,14230.15,2023-11-06,6,2051,Belagavi
6134,Sanitary Pads,Personal Care,9993.98,2023-04-28,5,1569,Bengaluru
6135,Parle-G Biscuits,Snacks,5112.52,2025-04-05,3,2418,Hubballi
6136,Chocolate Bar,Snacks,2432.52,2025-05-18,1,1891,Mangaluru
6137,Deodorant,Personal Care,2634.87,2022-05-12,6,2431,Vijayapura
6138,Detergent Powder 1kg,Home Care,1219.27,2023-05-26,5,2057,Vijayapura
6139,Urad Dal 1kg,Groceries,1067.55,2023-07-25,2,2724,Ballari
6140,Notebook,Stationery,10339.98,2023-05-12,5,1865,Udupi
6141,Laptop Sleeve,Electronics,3320.67,2022-05-24,6,1738,Tumakuru
6142,Instant Noodles,Groceries,3525.92,2022-09-28,7,2437,Hubballi
6143,Groundnut Oil 1L,Groceries,1707.03,2024-05-07,8,1687,Vijayapura
6144,USB Cable,Electronics,1448.76,2023-04-21,1,1210,Tumakuru
6145,Sugar 1kg,Groceries,5768.18,2024-07-09,3,2302,Belagavi
6146,LED Bulb 9W,Electronics,7363.54,2024-06-20,4,2967,Kalaburagi
6147,Shampoo 180ml,Personal Care,6312.67,2024-04-27,8,2302,Kalaburagi
6148,Mango Juice 1L,Beverages,9684.93,2023-12-23,5,1857,Hubballi
6149,Tea Powder 500g,Beverages,1974.94,2022-06-06,2,1430,Ballari
6150,Wheat Atta 10kg,Groceries,662.08,2023-01-16,8,2142,Davanagere
6151,Marker Pen,Stationery,739.56,2024-05-02,1,1159,Shivamogga
6152,Printer Paper,Stationery,13259.48,2024-11-11,6,1679,Ballari
6153,Khakhra Pack,Snacks,3574.34,2024-06-05,7,1668,Udupi
6154,Ball Pen Pack,Stationery,3122.08,2022-02-28,2,1339,Kalaburagi
6155,Instant Noodles,Groceries,1577.11,2022-06-05,3,2922,Mangaluru
6156,Phone Stand,Electronics,6978.49,2022-03-26,7,2867,Shivamogga
6157,Buttermilk 200ml,Beverages,3310.12,2025-05-25,5,2078,Belagavi
6158,Shampoo 180ml,Personal Care,2847.26,2024-12-26,3,1587,Davanagere
6159,Sugar 1kg,Groceries,10312.31,2023-05-12,6,1163,Kalaburagi
6160,Floor Cleaner 1L,Home Care,6765.74,2025-01-11,3,2138,Davanagere
6161,Curd 500g,Dairy,3597.99,2022-11-23,3,2880,Bengaluru
6162,Detergent Powder 1kg,Home Care,1905.7,2024-12-07,7,1894,Belagavi
6163,Potato Chips,Snacks,4922.92,2024-09-11,8,2117,Tumakuru
6164,Banana Chips,Snacks,11292.02,2025-12-09,7,2359,Shivamogga
6165,Toothpaste 150g,Personal Care,3013.71,2024-08-05,8,2514,Tumakuru
6166,Urad Dal 1kg,Groceries,2133.43,2024-11-01,4,2870,Davanagere
6167,Sanitary Pads,Personal Care,7797.27,2024-06-15,4,2987,Mysuru
6168,Rice 5kg,Groceries,10525.56,2025-01-04,7,1467,Hubballi
6169,Wireless Earphones,Electronics,6113.04,2025-07-27,6,2443,Shivamogga
6170,Scrub Pad,Home Care,6225.81,2024-05-20,4,1356,Hubballi
6171,HDMI Cable,Electronics,7223.42,2024-07-16,3,2024,Kalaburagi
6172,Sugar 1kg,Groceries,1755.86,2023-03-13,1,1696,Ballari
6173,Coconut Oil 1L,Groceries,4509.36,2022-09-15,8,2590,Davanagere
6174,Floor Cleaner 1L,Home Care,5945.53,2023-12-07,3,2671,Davanagere
6175,Toor Dal 1kg,Groceries,3657.21,2023-06-06,5,1086,Udupi
6176,Soft Drink 750ml,Beverages,209.88,2023-08-18,6,2861,Tumakuru
6177,Mouse,Electronics,2578.49,2024-07-10,4,2828,Davanagere
6178,HDMI Cable,Electronics,2153.67,2022-08-01,1,1852,Davanagere
6179,Corn Flakes,Groceries,4584.47,2025-04-10,2,1863,Kalaburagi
6180,Notebook,Stationery,15612.67,2024-07-31,7,1477,Ballari
6181,Cheese Slices,Dairy,5493.35,2022-01-21,6,1609,Belagavi
6182,Keyboard,Electronics,10200.99,2024-06-02,5,2023,Udupi
6183,Toilet Cleaner,Home Care,5689.54,2023-01-01,4,2278,Mysuru
6184,Mango Juice 1L,Beverages,10181.69,2023-11-08,5,1722,Ballari
6185,Glass Cleaner,Home Care,6964.16,2025-09-12,8,2739,Tumakuru
6186,Mango Juice 1L,Beverages,8360.16,2023-06-21,4,2926,Shivamogga
6187,Honey 500g,Groceries,8982.54,2024-05-13,5,1563,Bengaluru
6188,Smart Watch,Electronics,8874.95,2025-02-10,7,2218,Shivamogga
6189,Detergent Powder 1kg,Home Care,229.27,2022-04-07,1,1462,Hubballi
6190,Peanut Butter,Groceries,831.42,2023-05-10,1,2478,Ballari
6191,Bluetooth Speaker,Electronics,3687.96,2024-02-09,2,1295,Ballari
6192,Floor Cleaner 1L,Home Care,8242.48,2025-01-30,4,2280,Bengaluru
6193,Poha 1kg,Groceries,242.59,2025-10-11,2,1035,Mysuru
6194,Ghee 500ml,Groceries,1018.46,2023-07-28,4,2716,Hubballi
6195,Poha 1kg,Groceries,927.69,2022-09-22,7,2303,Kalaburagi
6196,Sanitary Pads,Personal Care,13647.96,2024-08-01,8,1146,Shivamogga
6197,Energy Drink,Beverages,9786.2,2025-09-13,6,2272,Shivamogga
6198,Glass Cleaner,Home Care,4664.41,2024-10-10,5,1698,Vijayapura
6199,Cashew 500g,Groceries,4847.68,2022-02-22,6,2825,Shivamogga
6200,Poha 1kg,Groceries,554.69,2024-03-03,4,1275,Vijayapura
6201,File Folder,Stationery,2792.24,2023-09-08,2,2053,Shivamogga
6202,Notebook,Stationery,4202.98,2025-07-02,2,1707,Mangaluru
6203,Ragi Flour 1kg,Groceries,5555.53,2025-09-19,3,2837,Shivamogga
6204,Mixture Snack,Snacks,2206.78,2025-10-01,1,2585,Ballari
6205,Torch Light,Electronics,4651.68,2022-06-02,3,1808,Kalaburagi
6206,Ragi Flour 1kg,Groceries,3798.84,2025-06-03,2,2289,Udupi
6207,Toothpaste 150g,Personal Care,778.63,2024-02-06,2,2007,Belagavi
6208,Ball Pen Pack,Stationery,8668.95,2023-02-23,6,1083,Kalaburagi
6209,Banana Chips,Snacks,12160.77,2025-06-29,8,2806,Belagavi
6210,Glass Cleaner,Home Care,3479.56,2025-01-25,4,1290,Belagavi
6211,Groundnut Oil 1L,Groceries,1003.23,2024-01-13,4,2400,Hubballi
6212,Shampoo 180ml,Personal Care,1826.38,2023-08-06,2,2799,Belagavi
6213,Wheat Atta 10kg,Groceries,250.16,2024-06-12,3,1479,Belagavi
6214,Torch Light,Electronics,1492.07,2022-07-04,1,1361,Udupi
6215,Curd 500g,Dairy,1238.06,2025-09-13,1,1338,Shivamogga
6216,Scrub Pad,Home Care,9803.27,2022-05-06,6,2449,Bengaluru
6217,Notebook,Stationery,16973.53,2023-06-02,8,1182,Mangaluru
6218,HDMI Cable,Electronics,9712.93,2023-10-28,4,1620,Tumakuru
6219,Wheat Atta 10kg,Groceries,165.82,2025-05-02,2,1179,Mysuru
6220,Detergent Powder 1kg,Home Care,1310.31,2023-04-23,5,1537,Ballari
6221,Ghee 500ml,Groceries,1977.17,2023-03-15,8,2231,Kalaburagi
6222,Eraser Pack,Stationery,4591.18,2024-08-03,7,1876,Ballari
6223,Chocolate Bar,Snacks,4391.19,2023-05-05,2,1595,Mangaluru
6224,Parle-G Biscuits,Snacks,3035.46,2022-12-05,2,2269,Mysuru
6225,Detergent Powder 1kg,Home Care,549.42,2022-03-22,2,1189,Belagavi
6226,Jam 500g,Groceries,5066.4,2022-11-30,5,2266,Ballari
6227,Lassi 200ml,Beverages,1170.93,2025-08-13,1,2082,Udupi
6228,Tea Powder 500g,Beverages,7729.47,2023-09-11,7,2658,Shivamogga
6229,Mango Juice 1L,Beverages,7455.3,2025-03-18,4,1221,Kalaburagi
6230,Peanut Butter,Groceries,802.5,2022-05-24,1,2374,Hubballi
6231,Face Wash,Personal Care,14054.69,2025-02-24,6,2490,Udupi
6232,Detergent Powder 1kg,Home Care,494.25,2022-11-07,2,1479,Tumakuru
6233,File Folder,Stationery,9863.69,2023-09-08,7,2995,Udupi
6234,Tea Powder 500g,Beverages,7823.02,2025-09-03,8,1446,Udupi
6235,Instant Noodles,Groceries,1112.2,2024-11-02,2,2625,Davanagere
6236,Ball Pen Pack,Stationery,1498.32,2022-03-03,1,1230,Hubballi
6237,Detergent Powder 1kg,Home Care,678.47,2023-05-25,3,1558,Belagavi
6238,Jam 500g,Groceries,5922.75,2024-10-06,6,1157,Belagavi
6239,Mouse,Electronics,4958.3,2023-12-08,8,1119,Udupi
6240,Bluetooth Speaker,Electronics,13321.51,2025-12-11,8,1315,Shivamogga
6241,HDMI Cable,Electronics,16721.98,2022-06-04,8,2691,Tumakuru
6242,Detergent Powder 1kg,Home Care,489.46,2023-02-06,2,2357,Davanagere
6243,Torch Light,Electronics,2700.16,2025-10-07,2,2525,Bengaluru
6244,Ragi Flour 1kg,Groceries,15486.29,2022-03-05,8,2955,Hubballi
6245,Peanut Butter,Groceries,6005.88,2023-02-26,7,1124,Tumakuru
6246,Khakhra Pack,Snacks,3904.58,2023-12-09,8,2217,Vijayapura
6247,Mobile Charger,Electronics,10528.51,2024-03-23,7,1814,Kalaburagi
6248,Lassi 200ml,Beverages,4966.49,2022-10-08,4,2569,Hubballi
6249,Dishwash Liquid,Home Care,1895.63,2024-10-06,8,1222,Udupi
6250,Ragi Flour 1kg,Groceries,1866.79,2025-04-02,1,2015,Mysuru
6251,Mobile Charger,Electronics,1405.57,2023-02-10,1,1512,Mangaluru
6252,Dishwash Liquid,Home Care,1225.37,2022-03-04,5,2637,Tumakuru
6253,Cashew 500g,Groceries,5657.3,2025-11-26,8,2110,Udupi
6254,Sketch Pen Set,Stationery,408.25,2025-08-26,4,1351,Hubballi
6255,Glass Cleaner,Home Care,5881.37,2022-01-11,6,2722,Vijayapura
6256,Bluetooth Speaker,Electronics,4784.67,2023-10-28,3,2871,Ballari
6257,Mixture Snack,Snacks,12286.98,2023-11-23,6,2522,Belagavi
6258,Coconut Oil 1L,Groceries,3941.55,2022-08-19,6,1434,Vijayapura
6259,Parle-G Biscuits,Snacks,12065.54,2023-03-16,7,2883,Belagavi
6260,Mouse,Electronics,1862.31,2023-04-27,3,1878,Davanagere
6261,Marker Pen,Stationery,2762.16,2024-09-28,4,1401,Tumakuru
6262,Oats 1kg,Groceries,8151.29,2023-05-08,4,2090,Bengaluru
6263,Sugar 1kg,Groceries,9592.04,2024-04-22,5,1523,Davanagere
6264,Ghee 500ml,Groceries,1328.95,2023-07-15,5,2060,Tumakuru
6265,Scrub Pad,Home Care,7390.33,2023-04-18,5,2006,Mysuru
6266,Potato Chips,Snacks,555.39,2022-08-05,1,1937,Shivamogga
6267,Almonds 500g,Groceries,663.46,2024-09-11,3,1819,Bengaluru
6268,Good Day Biscuits,Snacks,6662.98,2023-09-11,5,1010,Ballari
6269,Paneer 200g,Dairy,1077.41,2023-07-06,2,1519,Mysuru
6270,Green Tea,Beverages,5309.79,2022-08-19,8,2448,Belagavi
6271,Dishwash Liquid,Home Care,1961.5,2022-05-29,7,1849,Ballari
6272,Energy Drink,Beverages,2938.82,2024-03-02,2,2879,Bengaluru
6273,Hair Oil 200ml,Personal Care,5476.02,2024-11-23,7,2245,Mangaluru
6274,Khakhra Pack,Snacks,570.09,2023-12-01,1,1696,Udupi
6275,File Folder,Stationery,6890.19,2023-12-20,5,2864,Belagavi
6276,Shampoo 180ml,Personal Care,6047.68,2023-05-21,7,1778,Ballari
6277,USB Cable,Electronics,5399.22,2022-07-03,4,1547,Bengaluru
6278,Hair Oil 200ml,Personal Care,4596.23,2025-10-17,5,1559,Kalaburagi
6279,Ragi Flour 1kg,Groceries,9706.02,2025-03-06,5,1726,Kalaburagi
6280,Murukku Pack,Snacks,4324.6,2023-04-18,7,1015,Mysuru
6281,Curd 500g,Dairy,9168.81,2022-10-09,7,1312,Davanagere
6282,Soft Drink 750ml,Beverages,158.02,2024-02-10,4,2639,Vijayapura
6283,Air Freshener,Home Care,12832.71,2025-11-15,5,1203,Kalaburagi
6284,Body Lotion,Personal Care,1738.78,2024-12-22,4,1475,Ballari
6285,Green Tea,Beverages,772.12,2023-10-28,1,2716,Kalaburagi
6286,File Folder,Stationery,10216.29,2025-04-14,8,1397,Belagavi
6287,Urad Dal 1kg,Groceries,1125.64,2024-01-09,2,1068,Ballari
6288,Parle-G Biscuits,Snacks,3060.42,2025-11-20,2,2620,Belagavi
6289,Toor Dal 1kg,Groceries,2681.96,2024-12-16,4,2287,Belagavi
6290,Corn Flakes,Groceries,11058.21,2024-08-28,5,2665,Davanagere
6291,Sugar 1kg,Groceries,1916.99,2022-12-20,1,2660,Davanagere
6292,Peanut Butter,Groceries,5006.53,2025-03-26,6,1687,Udupi
6293,Good Day Biscuits,Snacks,7284.18,2025-05-01,5,2956,Shivamogga
6294,USB Cable,Electronics,6901.86,2024-03-03,5,1877,Vijayapura
6295,Vermicelli 500g,Groceries,2714.22,2022-06-23,5,2520,Udupi
6296,Air Freshener,Home Care,15867.59,2022-09-25,6,1973,Shivamogga
6297,Bath Soap,Personal Care,1915.05,2022-08-18,1,1850,Udupi
6298,Tea Powder 500g,Beverages,8027.11,2023-09-19,8,1945,Vijayapura
6299,Phone Stand,Electronics,5251.74,2023-10-16,5,2199,Mangaluru
6300,Toilet Cleaner,Home Care,9420.53,2024-04-18,6,2458,Hubballi
6301,Instant Noodles,Groceries,2313.47,2024-05-15,4,1571,Udupi
6302,Keyboard,Electronics,16235.42,2025-11-07,8,2957,Kalaburagi
6303,Salt 1kg,Groceries,1559.13,2022-01-27,1,1953,Ballari
6304,Paneer 200g,Dairy,1595.73,2025-06-29,3,1582,Kalaburagi
6305,HDMI Cable,Electronics,13340.68,2022-06-03,6,2511,Udupi
6306,LED Bulb 9W,Electronics,2165.8,2025-03-05,1,1618,Ballari
6307,Notebook,Stationery,4319.04,2023-08-14,2,1356,Kalaburagi
6308,Sticky Notes,Stationery,2586.13,2023-12-20,4,2585,Mangaluru
6309,Marker Pen,Stationery,2812.56,2024-09-16,4,1347,Kalaburagi
6310,Stapler,Stationery,6691.92,2024-04-10,8,2349,Davanagere
6311,Peanut Butter,Groceries,1651.88,2022-04-09,2,2881,Mangaluru
6312,Chocolate Bar,Snacks,13715.4,2025-07-29,6,1935,Udupi
6313,Air Freshener,Home Care,5272.57,2023-12-01,2,2061,Ballari
6314,Potato Chips,Snacks,1209.5,2024-08-17,2,2966,Bengaluru
6315,Mouse,Electronics,2689.1,2022-01-05,5,1999,Udupi
6316,Peanut Butter,Groceries,1477.86,2024-05-03,2,1245,Mysuru
6317,Printer Paper,Stationery,14367.79,2024-02-21,7,2460,Kalaburagi
6318,Milk 1L,Dairy,1236.74,2024-10-30,2,1494,Bengaluru
6319,Peanut Butter,Groceries,6228.06,2023-09-14,8,1354,Udupi
6320,Printer Paper,Stationery,16265.34,2025-10-05,8,2058,Ballari
6321,HDMI Cable,Electronics,14746.87,2023-01-14,6,1494,Davanagere
6322,Laptop Sleeve,Electronics,4935.87,2025-02-19,8,2382,Udupi
6323,Bluetooth Speaker,Electronics,12381.45,2024-08-18,8,2148,Ballari
6324,Good Day Biscuits,Snacks,3983.21,2022-12-20,3,1685,Mysuru
6325,Mango Juice 1L,Beverages,4239.48,2025-02-10,2,2697,Bengaluru
6326,Instant Noodles,Groceries,1712.82,2024-04-11,3,1990,Vijayapura
6327,Honey 500g,Groceries,1683.17,2025-09-25,1,1832,Tumakuru
6328,Toor Dal 1kg,Groceries,2123.54,2024-01-09,3,2865,Udupi
6329,Detergent Powder 1kg,Home Care,1065.83,2025-08-17,4,1740,Davanagere
6330,Tea Powder 500g,Beverages,7177.11,2025-10-01,7,2085,Mangaluru
6331,Paneer 200g,Dairy,546.89,2023-01-22,1,2399,Udupi
6332,Air Freshener,Home Care,2638.28,2025-04-30,1,2727,Bengaluru
6333,Sanitary Pads,Personal Care,1941.85,2024-09-25,1,2066,Bengaluru
6334,Sketch Pen Set,Stationery,755.71,2025-12-14,7,2565,Tumakuru
6335,Honey 500g,Groceries,6139.94,2024-10-18,4,2640,Udupi
6336,Sugar 1kg,Groceries,7050.43,2023-07-10,4,2217,Mangaluru
6337,Hand Wash,Personal Care,12790.12,2025-01-12,8,1902,Tumakuru
6338,Shampoo 180ml,Personal Care,5862.45,2024-08-30,7,2636,Belagavi
6339,Wireless Earphones,Electronics,5631.78,2024-06-23,6,1273,Tumakuru
6340,Air Freshener,Home Care,16834.79,2023-07-20,7,1184,Vijayapura
6341,Keyboard,Electronics,5835.94,2024-07-03,3,2201,Belagavi
6342,Bluetooth Speaker,Electronics,13955.44,2022-01-08,8,2760,Bengaluru
6343,Face Wash,Personal Care,11571.69,2022-09-29,5,2546,Mangaluru
6344,Groundnut Oil 1L,Groceries,697.99,2023-01-03,3,1814,Vijayapura
6345,Floor Cleaner 1L,Home Care,2001.57,2024-03-07,1,2359,Belagavi
6346,Almonds 500g,Groceries,712.86,2024-01-31,3,2951,Davanagere
6347,Floor Cleaner 1L,Home Care,7655.6,2022-03-09,4,1946,Belagavi
6348,Salt 1kg,Groceries,11238.65,2022-06-27,7,1887,Ballari
6349,Cashew 500g,Groceries,2278.23,2023-07-11,3,1953,Tumakuru
6350,Scrub Pad,Home Care,8914.51,2023-12-03,6,2451,Ballari
6351,Hair Oil 200ml,Personal Care,7193.65,2025-03-23,8,2216,Bengaluru
6352,Groundnut Oil 1L,Groceries,1509.95,2023-03-06,6,1819,Udupi
6353,Murukku Pack,Snacks,2561.49,2024-10-05,4,1890,Hubballi
6354,Dishwash Liquid,Home Care,1203.03,2024-12-27,5,2933,Shivamogga
6355,Khakhra Pack,Snacks,1707.23,2024-11-30,3,1473,Davanagere
6356,Banana Chips,Snacks,5922.31,2022-12-28,4,1382,Shivamogga
6357,Honey 500g,Groceries,6058.05,2023-04-23,4,2659,Hubballi
6358,Air Freshener,Home Care,2230.03,2025-11-20,1,2197,Belagavi
6359,Mixture Snack,Snacks,7705.68,2022-03-11,4,1419,Udupi
6360,Sanitary Pads,Personal Care,1743.07,2023-01-27,1,1478,Hubballi
6361,Good Day Biscuits,Snacks,5522.42,2024-01-22,4,1817,Kalaburagi
6362,Milk 1L,Dairy,1639.45,2024-09-24,3,2825,Ballari
6363,File Folder,Stationery,1347.05,2023-03-25,1,1901,Mysuru
6364,Jam 500g,Groceries,6310.66,2025-11-08,6,2388,Mysuru
6365,Scrub Pad,Home Care,11410.98,2024-02-29,7,2107,Bengaluru
6366,HDMI Cable,Electronics,15083.92,2025-12-16,7,1731,Belagavi
6367,Printer Paper,Stationery,5948.04,2024-09-29,3,2364,Udupi
6368,Marker Pen,Stationery,2716.06,2025-10-01,4,1323,Tumakuru
6369,Ball Pen Pack,Stationery,1498.99,2025-12-31,1,1298,Kalaburagi
6370,Sanitary Pads,Personal Care,7528.93,2025-05-18,4,1878,Ballari
6371,Sketch Pen Set,Stationery,611.61,2023-06-23,6,2487,Mangaluru
6372,Sketch Pen Set,Stationery,409.25,2025-03-17,4,1078,Hubballi
6373,Lassi 200ml,Beverages,9474.09,2025-05-28,8,1960,Kalaburagi
6374,Mouse,Electronics,2435.76,2022-06-14,4,2421,Shivamogga
6375,Toor Dal 1kg,Groceries,2620.11,2025-05-01,4,2045,Shivamogga
6376,Honey 500g,Groceries,12587.23,2024-01-14,7,2597,Mysuru
6377,Urad Dal 1kg,Groceries,1662.74,2024-03-22,3,1893,Tumakuru
6378,HDMI Cable,Electronics,16159.92,2022-03-17,7,1826,Kalaburagi
6379,Deodorant,Personal Care,1867.81,2024-10-09,4,1856,Davanagere
6380,Curd 500g,Dairy,6785.1,2025-03-27,5,2390,Ballari
6381,Namkeen Mix,Snacks,6042.93,2025-04-10,4,1734,Udupi
6382,Buttermilk 200ml,Beverages,1459.55,2022-01-02,2,1474,Ballari
6383,Vermicelli 500g,Groceries,1689.01,2024-08-19,3,1781,Mangaluru
6384,Soft Drink 750ml,Beverages,69.72,2025-03-05,2,2556,Tumakuru
6385,LED Bulb 9W,Electronics,15510.19,2025-03-19,8,2386,Tumakuru
6386,Toilet Cleaner,Home Care,7760.81,2025-05-06,5,1592,Bengaluru
6387,Hair Oil 200ml,Personal Care,4944.27,2023-08-09,6,1850,Shivamogga
6388,Hand Wash,Personal Care,8629.85,2024-08-20,6,1120,Ballari
6389,Smart Watch,Electronics,5079.56,2022-11-03,4,2513,Mysuru
6390,Toor Dal 1kg,Groceries,2205.75,2024-08-15,3,2926,Hubballi
6391,Energy Drink,Beverages,10552.91,2022-12-10,7,1719,Udupi
6392,Ice Cream Tub,Dairy,6961.58,2025-12-13,8,2694,Mangaluru
6393,Bath Soap,Personal Care,6704.43,2024-10-31,4,1926,Belagavi
6394,Oats 1kg,Groceries,8946.21,2022-05-14,4,1873,Kalaburagi
6395,Cheese Slices,Dairy,993.76,2025-04-03,1,1254,Bengaluru
6396,Lassi 200ml,Beverages,1112.18,2024-11-29,1,1883,Tumakuru
6397,Toor Dal 1kg,Groceries,5288.41,2022-11-12,8,1847,Belagavi
6398,Printer Paper,Stationery,18200.33,2025-02-16,8,2816,Vijayapura
6399,File Folder,Stationery,5834.57,2024-11-18,4,1732,Vijayapura
6400,Ghee 500ml,Groceries,1241.87,2024-06-01,5,2629,Bengaluru
6401,Buttermilk 200ml,Beverages,690.37,2024-10-12,1,1199,Tumakuru
6402,Ball Pen Pack,Stationery,9581.84,2025-02-19,6,1221,Bengaluru
6403,Notebook,Stationery,13087.65,2023-05-21,6,2466,Belagavi
6404,Chocolate Bar,Snacks,17913.61,2023-09-07,7,1523,Davanagere
6405,Dishwash Liquid,Home Care,1047.66,2025-01-29,4,2807,Bengaluru
6406,Poha 1kg,Groceries,401.01,2025-03-18,3,1062,Kalaburagi
6407,Vermicelli 500g,Groceries,4044.51,2022-06-29,7,2133,Hubballi
6408,Body Lotion,Personal Care,2328.83,2024-06-25,5,1186,Vijayapura
6409,Sketch Pen Set,Stationery,436.42,2023-07-15,4,1503,Belagavi
6410,Coconut Oil 1L,Groceries,610.01,2024-04-05,1,2041,Shivamogga
6411,Eraser Pack,Stationery,2528.26,2024-03-20,4,1324,Udupi
6412,Poha 1kg,Groceries,124.28,2022-04-03,1,2048,Vijayapura
6413,Torch Light,Electronics,9836.56,2025-05-30,7,2951,Kalaburagi
6414,Bath Soap,Personal Care,9510.64,2023-09-03,5,2587,Hubballi
6415,Coconut Oil 1L,Groceries,3003.56,2025-05-03,5,1676,Mangaluru
6416,Parle-G Biscuits,Snacks,5208.66,2025-11-05,3,1729,Tumakuru
6417,Sugar 1kg,Groceries,7392.31,2022-05-11,4,1011,Ballari
6418,Marker Pen,Stationery,644.27,2023-09-28,1,1860,Vijayapura
6419,Ball Pen Pack,Stationery,10719.06,2023-09-06,7,2204,Bengaluru
6420,Dishwash Liquid,Home Care,2038.28,2024-06-22,8,1566,Davanagere
6421,Hand Wash,Personal Care,3157.45,2022-06-17,2,1873,Mysuru
6422,Toothpaste 150g,Personal Care,1123.27,2023-11-24,3,1091,Hubballi
6423,Peanut Butter,Groceries,5825.51,2023-12-21,7,2129,Tumakuru
6424,Pendrive 64GB,Electronics,4337.43,2025-08-01,2,1091,Bengaluru
6425,Printer Paper,Stationery,4153.45,2025-05-18,2,1454,Hubballi
6426,Dishwash Liquid,Home Care,1444.1,2025-01-18,6,1852,Udupi
6427,Phone Stand,Electronics,6368.01,2023-04-03,7,2056,Shivamogga
6428,Ragi Flour 1kg,Groceries,1861.51,2022-02-23,1,1343,Vijayapura
6429,Cashew 500g,Groceries,5539.12,2024-11-28,8,1024,Mysuru
6430,Urad Dal 1kg,Groceries,1074.7,2023-08-26,2,2661,Shivamogga
6431,Glass Cleaner,Home Care,2100.13,2022-07-09,2,2867,Shivamogga
6432,Corn Flakes,Groceries,2304.07,2025-09-01,1,2656,Mysuru
6433,Mineral Water 1L,Beverages,11686.56,2025-03-30,5,1238,Hubballi
6434,Khakhra Pack,Snacks,2937.16,2023-12-31,6,1689,Mysuru
6435,Peanut Butter,Groceries,1655.82,2025-04-29,2,1456,Vijayapura
6436,Murukku Pack,Snacks,5000.05,2024-06-05,8,2629,Kalaburagi
6437,Bluetooth Speaker,Electronics,3424.02,2025-01-03,2,1024,Kalaburagi
6438,Basmati Rice 5kg,Groceries,4440.37,2023-02-22,3,2449,Mangaluru
6439,Corn Flakes,Groceries,12784.35,2025-12-08,6,1208,Vijayapura
6440,Namkeen Mix,Snacks,3028.87,2025-04-25,2,1451,Hubballi
6441,Banana Chips,Snacks,3118.25,2023-07-27,2,2181,Shivamogga
6442,Mango Juice 1L,Beverages,5500.74,2023-06-28,3,1085,Kalaburagi
6443,Sunflower Oil 1L,Groceries,8891.15,2025-10-16,4,1150,Davanagere
6444,Bluetooth Speaker,Electronics,10352.7,2023-12-16,6,1790,Mangaluru
6445,Sanitary Pads,Personal Care,9215.93,2024-03-06,5,1819,Mysuru
6446,Tea Powder 500g,Beverages,3458.31,2022-09-26,3,2477,Bengaluru
6447,HDMI Cable,Electronics,9735.6,2024-03-06,4,2213,Shivamogga
6448,Filter Coffee 500g,Beverages,633.37,2025-10-11,7,1192,Mangaluru
6449,Parle-G Biscuits,Snacks,3298.9,2022-04-09,2,2703,Kalaburagi
6450,Tea Powder 500g,Beverages,2303.03,2025-09-28,2,2495,Mangaluru
6451,Laptop Sleeve,Electronics,2424.77,2025-06-12,4,2729,Vijayapura
6452,Floor Cleaner 1L,Home Care,7739.08,2023-10-27,4,1732,Vijayapura
6453,Keyboard,Electronics,15807.25,2022-10-05,8,1122,Tumakuru
6454,Soft Drink 750ml,Beverages,133.36,2023-08-06,4,2672,Kalaburagi
6455,Cashew 500g,Groceries,5220.53,2025-11-09,7,2035,Udupi
6456,Lassi 200ml,Beverages,2476.08,2025-04-08,2,2442,Tumakuru
6457,Sticky Notes,Stationery,1362.2,2024-04-08,2,2762,Ballari
6458,Sunflower Oil 1L,Groceries,10848.94,2023-12-06,5,1335,Mysuru
6459,Tea Powder 500g,Beverages,3361.97,2023-03-21,3,2624,Tumakuru
6460,Rice 5kg,Groceries,3150.51,2023-07-16,2,2590,Mysuru
6461,Corn Flakes,Groceries,2242.0,2024-04-13,1,2720,Bengaluru
6462,Marker Pen,Stationery,1420.47,2024-10-20,2,2858,Mysuru
6463,USB Cable,Electronics,1432.04,2025-02-04,1,2722,Hubballi
6464,Wireless Earphones,Electronics,6797.19,2023-06-24,7,1575,Vijayapura
6465,Coconut Oil 1L,Groceries,635.58,2022-01-24,1,2210,Kalaburagi
6466,Vermicelli 500g,Groceries,575.12,2022-09-27,1,2418,Davanagere
6467,Power Bank 10000mAh,Electronics,14303.23,2025-05-01,6,2142,Hubballi
6468,Eraser Pack,Stationery,3844.03,2022-03-25,6,1998,Belagavi
6469,Mixture Snack,Snacks,9281.74,2022-10-21,5,2363,Vijayapura
6470,Phone Stand,Electronics,968.14,2024-01-06,1,1931,Kalaburagi
6471,Body Lotion,Personal Care,2911.31,2023-01-26,7,2382,Kalaburagi
6472,Stapler,Stationery,3974.81,2024-03-10,5,2239,Mysuru
6473,Mineral Water 1L,Beverages,12891.73,2022-07-16,6,1801,Belagavi
6474,Bluetooth Speaker,Electronics,5178.71,2025-07-14,3,1821,Mysuru
6475,Air Freshener,Home Care,12796.36,2024-02-08,5,2824,Ballari
6476,Ragi Flour 1kg,Groceries,1638.24,2025-11-06,1,1794,Mangaluru
6477,Lassi 200ml,Beverages,10110.88,2022-06-23,8,1248,Tumakuru
6478,Ice Cream Tub,Dairy,2923.45,2025-01-11,3,1818,Tumakuru
6479,Wheat Atta 10kg,Groceries,315.55,2024-12-05,4,1262,Belagavi
6480,Khakhra Pack,Snacks,3764.31,2022-04-05,7,1256,Tumakuru
6481,Green Tea,Beverages,4625.35,2024-10-16,7,2528,Davanagere
6482,Ball Pen Pack,Stationery,1447.68,2024-01-16,1,2684,Davanagere
6483,Potato Chips,Snacks,2079.41,2022-10-30,4,1661,Mangaluru
6484,Mobile Charger,Electronics,4551.41,2023-11-28,3,1311,Shivamogga
6485,Ice Cream Tub,Dairy,832.43,2023-10-20,1,2527,Ballari
6486,Eraser Pack,Stationery,3221.49,2022-05-09,5,1927,Mangaluru
6487,Paneer 200g,Dairy,3359.37,2022-04-26,6,1696,Mangaluru
6488,Wheat Atta 10kg,Groceries,532.36,2023-04-12,6,1677,Hubballi
6489,Curd 500g,Dairy,5316.19,2024-11-20,4,1558,Shivamogga
6490,Murukku Pack,Snacks,658.82,2025-07-01,1,1471,Belagavi
6491,Phone Stand,Electronics,2875.22,2022-09-17,3,2487,Udupi
6492,Good Day Biscuits,Snacks,1400.12,2022-10-28,1,2887,Vijayapura
6493,Wireless Earphones,Electronics,5166.91,2023-04-09,5,2486,Mysuru
6494,Mobile Charger,Electronics,2656.46,2022-03-05,2,2654,Ballari
6495,Smart Watch,Electronics,5341.8,2023-02-08,4,2395,Kalaburagi
6496,Glass Cleaner,Home Care,7829.47,2025-01-19,8,1310,Udupi
6497,Printer Paper,Stationery,2267.61,2022-07-17,1,2901,Mysuru
6498,Namkeen Mix,Snacks,4615.93,2023-03-21,3,2008,Vijayapura
6499,Oats 1kg,Groceries,4388.75,2025-08-30,2,1032,Bengaluru
6500,Oats 1kg,Groceries,14280.82,2023-09-29,7,1334,Tumakuru
6501,Almonds 500g,Groceries,1749.77,2025-06-16,8,2546,Tumakuru
6502,Dishwash Liquid,Home Care,1516.01,2024-08-27,6,1925,Belagavi
6503,Almonds 500g,Groceries,642.79,2025-12-09,3,1616,Ballari
6504,Mouse,Electronics,1656.66,2024-10-08,3,2688,Kalaburagi
6505,Soft Drink 750ml,Beverages,208.52,2023-01-16,6,1263,Kalaburagi
6506,Poha 1kg,Groceries,516.06,2022-05-19,4,2842,Davanagere
6507,Sketch Pen Set,Stationery,302.03,2023-11-10,3,1095,Hubballi
6508,USB Cable,Electronics,7881.27,2025-02-08,6,2508,Ballari
6509,Toothpaste 150g,Personal Care,3023.32,2023-06-21,8,1904,Tumakuru
6510,Air Freshener,Home Care,16901.43,2024-02-15,7,2452,Bengaluru
6511,Stapler,Stationery,2426.38,2024-10-11,3,1613,Shivamogga
6512,Pendrive 64GB,Electronics,15460.78,2025-09-24,8,1265,Bengaluru
6513,File Folder,Stationery,10875.91,2022-05-28,8,2401,Hubballi
6514,Ice Cream Tub,Dairy,5664.29,2022-07-30,6,1761,Udupi
6515,Banana Chips,Snacks,9598.98,2025-09-06,7,2342,Bengaluru
6516,Scrub Pad,Home Care,8376.52,2022-06-18,5,1527,Belagavi
6517,Floor Cleaner 1L,Home Care,2179.32,2022-09-07,1,1032,Tumakuru
6518,Milk 1L,Dairy,3048.34,2023-12-30,5,1292,Vijayapura
6519,Mineral Water 1L,Beverages,17398.38,2023-12-23,7,2450,Davanagere
6520,Basmati Rice 5kg,Groceries,7885.72,2023-03-14,5,1142,Vijayapura
6521,Buttermilk 200ml,Beverages,4978.39,2022-09-08,8,2400,Shivamogga
6522,Toilet Cleaner,Home Care,6455.78,2023-07-21,4,2609,Vijayapura
6523,Sanitary Pads,Personal Care,5618.76,2025-06-14,3,1958,Bengaluru
6524,Curd 500g,Dairy,1336.95,2023-02-26,1,2622,Kalaburagi
6525,Printer Paper,Stationery,8273.49,2025-05-13,4,2229,Davanagere
6526,Ghee 500ml,Groceries,1724.71,2024-04-26,6,2284,Mysuru
6527,Sketch Pen Set,Stationery,212.68,2024-09-02,2,2049,Tumakuru
6528,Sunflower Oil 1L,Groceries,6182.91,2025-03-18,3,2210,Mangaluru
6529,Bluetooth Speaker,Electronics,8103.65,2024-06-14,5,2881,Hubballi
6530,Keyboard,Electronics,5822.99,2023-08-14,3,2195,Bengaluru
6531,Detergent Powder 1kg,Home Care,923.54,2022-12-09,4,1382,Hubballi
6532,Lassi 200ml,Beverages,6619.82,2022-03-25,6,2904,Davanagere
6533,Wheat Atta 10kg,Groceries,406.09,2025-11-05,5,1241,Belagavi
6534,Sketch Pen Set,Stationery,422.15,2025-02-11,4,1949,Belagavi
6535,Deodorant,Personal Care,3553.68,2024-10-13,8,1524,Bengaluru
6536,Deodorant,Personal Care,401.53,2024-02-28,1,1842,Shivamogga
6537,Khakhra Pack,Snacks,486.02,2024-07-09,1,1774,Udupi
6538,Banana Chips,Snacks,4759.5,2025-01-30,3,2746,Mangaluru
6539,Good Day Biscuits,Snacks,4350.88,2025-08-13,3,2104,Mangaluru
6540,Good Day Biscuits,Snacks,5879.37,2024-10-28,4,1851,Ballari
6541,Bath Soap,Personal Care,14166.92,2023-06-20,8,2562,Davanagere
6542,Banana Chips,Snacks,9874.88,2023-03-18,7,2227,Hubballi
6543,Hair Oil 200ml,Personal Care,924.21,2024-01-08,1,2319,Vijayapura
6544,Hand Wash,Personal Care,4740.93,2022-03-17,3,2844,Tumakuru
6545,Khakhra Pack,Snacks,3423.88,2023-07-14,7,2113,Shivamogga
6546,Toilet Cleaner,Home Care,2841.31,2023-06-01,2,2339,Belagavi
6547,Detergent Powder 1kg,Home Care,1506.38,2023-07-22,6,2185,Ballari
6548,Curd 500g,Dairy,2784.2,2025-09-09,2,1634,Tumakuru
6549,Almonds 500g,Groceries,405.61,2023-06-20,2,1372,Mysuru
6550,Urad Dal 1kg,Groceries,4215.15,2024-08-15,7,2142,Kalaburagi
6551,Curd 500g,Dairy,10710.1,2022-02-08,8,1629,Ballari
6552,Floor Cleaner 1L,Home Care,14117.09,2024-12-19,7,1195,Mysuru
6553,Murukku Pack,Snacks,4157.58,2024-01-11,6,2512,Ballari
6554,File Folder,Stationery,8596.37,2023-06-13,6,1342,Mysuru
6555,Eraser Pack,Stationery,2526.38,2023-02-09,4,2888,Mysuru
6556,Detergent Powder 1kg,Home Care,1642.76,2025-11-12,7,1807,Shivamogga
6557,Peanut Butter,Groceries,5989.89,2024-03-29,8,1945,Tumakuru
6558,Mouse,Electronics,4681.97,2024-01-20,8,2164,Hubballi
6559,Ghee 500ml,Groceries,1731.25,2023-09-25,7,1183,Davanagere
6560,USB Cable,Electronics,2745.5,2023-03-27,2,2587,Ballari
6561,Urad Dal 1kg,Groceries,2683.78,2024-10-03,5,2751,Mangaluru
6562,Face Wash,Personal Care,9782.02,2022-01-27,4,2392,Davanagere
6563,Khakhra Pack,Snacks,1049.66,2022-02-26,2,1068,Mysuru
6564,Filter Coffee 500g,Beverages,177.43,2022-08-06,2,1685,Belagavi
6565,Sketch Pen Set,Stationery,95.78,2023-01-11,1,2535,Hubballi
6566,Murukku Pack,Snacks,3410.08,2022-11-17,5,2553,Mysuru
6567,Power Bank 10000mAh,Electronics,2232.35,2024-12-10,1,2948,Tumakuru
6568,Butter 100g,Dairy,633.99,2023-05-28,7,2691,Davanagere
6569,Lassi 200ml,Beverages,1114.38,2025-07-11,1,2640,Kalaburagi
6570,Lassi 200ml,Beverages,2243.01,2024-09-12,2,1460,Ballari
6571,Phone Stand,Electronics,986.54,2025-06-09,1,2923,Vijayapura
6572,Energy Drink,Beverages,13196.81,2024-03-03,8,1926,Mangaluru
6573,Sugar 1kg,Groceries,11938.11,2023-01-07,7,2560,Hubballi
6574,Deodorant,Personal Care,1258.46,2023-04-04,3,2382,Mangaluru
6575,Groundnut Oil 1L,Groceries,1416.18,2024-03-03,6,2163,Vijayapura
6576,Body Lotion,Personal Care,1438.8,2024-01-14,3,2271,Davanagere
6577,Paneer 200g,Dairy,2993.69,2025-10-28,6,1910,Vijayapura
6578,Hair Oil 200ml,Personal Care,2701.81,2024-09-28,3,1957,Bengaluru
6579,Good Day Biscuits,Snacks,2842.35,2023-09-24,2,2389,Vijayapura
6580,Butter 100g,Dairy,710.63,2023-02-26,8,2281,Mangaluru
6581,Murukku Pack,Snacks,725.37,2025-04-15,1,1869,Ballari
6582,Cashew 500g,Groceries,5172.42,2025-11-09,7,2098,Kalaburagi
6583,Instant Noodles,Groceries,3996.1,2022-03-13,7,2901,Ballari
6584,Cashew 500g,Groceries,5547.9,2023-12-12,8,2026,Tumakuru
6585,Scrub Pad,Home Care,8565.21,2025-11-28,5,2876,Hubballi
6586,Murukku Pack,Snacks,3254.67,2024-10-13,5,1105,Mangaluru
6587,Energy Drink,Beverages,5939.47,2024-03-21,4,2720,Davanagere
6588,Phone Stand,Electronics,7618.26,2023-12-20,7,2218,Tumakuru
6589,Power Bank 10000mAh,Electronics,14653.25,2025-09-05,6,2519,Tumakuru
6590,Ice Cream Tub,Dairy,4919.15,2025-07-20,5,1543,Davanagere
6591,Milk 1L,Dairy,3274.54,2025-07-10,6,2658,Udupi
6592,LED Bulb 9W,Electronics,10823.41,2023-06-02,5,2769,Shivamogga
6593,Torch Light,Electronics,1533.53,2022-09-23,1,1519,Bengaluru
6594,Ghee 500ml,Groceries,1069.52,2022-12-14,4,2230,Kalaburagi
6595,Rice 5kg,Groceries,8316.7,2024-12-09,5,2252,Tumakuru
6596,Ragi Flour 1kg,Groceries,7269.68,2023-06-14,4,1682,Bengaluru
6597,LED Bulb 9W,Electronics,17159.14,2023-12-17,8,1573,Ballari
6598,Sugar 1kg,Groceries,14845.39,2024-02-07,8,1471,Ballari
6599,Dishwash Liquid,Home Care,1087.13,2024-02-01,4,2895,Tumakuru
6600,Honey 500g,Groceries,6169.31,2025-05-28,4,1248,Hubballi
6601,Murukku Pack,Snacks,4586.52,2024-12-10,7,1088,Udupi
6602,Mobile Charger,Electronics,1382.04,2024-07-28,1,1429,Bengaluru
6603,Mobile Charger,Electronics,2695.75,2024-03-02,2,1448,Mangaluru
6604,USB Cable,Electronics,1299.7,2022-04-04,1,2643,Udupi
6605,Mixture Snack,Snacks,13797.1,2023-04-17,7,2781,Ballari
6606,Sanitary Pads,Personal Care,12045.05,2023-08-20,7,2894,Tumakuru
6607,Glass Cleaner,Home Care,4947.22,2023-06-30,5,2417,Tumakuru
6608,Hand Wash,Personal Care,1453.39,2022-10-07,1,2851,Davanagere
6609,Hair Oil 200ml,Personal Care,6515.87,2023-11-19,8,2218,Mangaluru
6610,Sunflower Oil 1L,Groceries,11873.38,2022-05-23,5,1110,Mysuru
6611,Toor Dal 1kg,Groceries,2160.25,2024-06-12,3,1092,Davanagere
6612,Stapler,Stationery,1663.07,2025-05-06,2,1672,Mysuru
6613,Cheese Slices,Dairy,5137.47,2023-06-22,5,2213,Davanagere
6614,Air Freshener,Home Care,18613.28,2023-02-07,8,1484,Bengaluru
6615,Namkeen Mix,Snacks,3100.39,2023-03-17,2,2822,Shivamogga
6616,Sanitary Pads,Personal Care,10463.89,2024-08-26,6,2082,Vijayapura
6617,Detergent Powder 1kg,Home Care,1356.93,2023-12-06,6,2370,Kalaburagi
6618,Toothpaste 150g,Personal Care,2573.22,2024-08-15,7,1060,Udupi
6619,Khakhra Pack,Snacks,4173.43,2024-08-21,8,1124,Davanagere
6620,Milk 1L,Dairy,1223.71,2025-05-13,2,1374,Hubballi
6621,Khakhra Pack,Snacks,1157.44,2025-03-13,2,1225,Mangaluru
6622,Face Wash,Personal Care,19004.5,2024-01-16,8,2226,Kalaburagi
6623,Jam 500g,Groceries,5466.34,2022-07-29,5,2434,Udupi
6624,Detergent Powder 1kg,Home Care,999.69,2024-10-22,4,1914,Bengaluru
6625,Vermicelli 500g,Groceries,583.94,2022-05-16,1,2554,Bengaluru
6626,File Folder,Stationery,10567.46,2024-01-15,7,1244,Bengaluru
6627,Namkeen Mix,Snacks,7388.52,2022-03-15,5,2978,Davanagere
6628,Sketch Pen Set,Stationery,419.27,2025-10-26,4,2322,Belagavi
6629,Body Lotion,Personal Care,2227.56,2023-02-06,5,2650,Bengaluru
6630,Toilet Cleaner,Home Care,7612.82,2023-12-21,5,1948,Hubballi
6631,Hand Wash,Personal Care,9477.6,2025-11-14,6,2390,Bengaluru
6632,Ball Pen Pack,Stationery,7956.42,2024-09-08,5,1379,Ballari
6633,Groundnut Oil 1L,Groceries,220.96,2024-07-14,1,2135,Ballari
6634,Extension Board,Electronics,13585.79,2023-06-09,7,1504,Udupi
6635,Milk 1L,Dairy,3929.6,2024-11-29,7,1667,Udupi
6636,Eraser Pack,Stationery,3441.28,2023-07-02,5,2821,Bengaluru
6637,Instant Noodles,Groceries,3583.11,2025-04-18,6,1442,Bengaluru
6638,Hair Oil 200ml,Personal Care,2806.17,2022-03-10,3,1945,Kalaburagi
6639,Green Tea,Beverages,4474.07,2025-12-31,7,2690,Shivamogga
6640,Soft Drink 750ml,Beverages,258.87,2022-04-21,7,1255,Udupi
6641,Ghee 500ml,Groceries,763.84,2025-08-22,3,1078,Mangaluru
6642,Lassi 200ml,Beverages,7912.89,2023-03-25,7,1044,Vijayapura
6643,Bath Soap,Personal Care,6806.91,2024-03-29,4,1723,Belagavi
6644,Rice 5kg,Groceries,5818.51,2025-05-08,4,2317,Vijayapura
6645,Good Day Biscuits,Snacks,7858.7,2022-05-04,6,2648,Mangaluru
6646,Glass Cleaner,Home Care,4170.49,2022-02-22,4,1241,Mangaluru
6647,File Folder,Stationery,7990.17,2025-02-17,6,3000,Shivamogga
6648,Rice 5kg,Groceries,1539.05,2023-02-15,1,1161,Kalaburagi
6649,Stapler,Stationery,2503.13,2025-11-19,3,2750,Tumakuru
6650,Mouse,Electronics,1872.7,2022-04-24,3,1617,Ballari
6651,Good Day Biscuits,Snacks,1389.72,2022-04-25,1,2863,Shivamogga
6652,Printer Paper,Stationery,11235.57,2023-03-22,5,2875,Ballari
6653,Coconut Oil 1L,Groceries,5023.69,2024-09-21,8,2229,Davanagere
6654,Detergent Powder 1kg,Home Care,715.66,2023-11-06,3,2307,Kalaburagi
6655,Poha 1kg,Groceries,537.37,2022-08-03,4,1768,Mysuru
6656,Stapler,Stationery,2400.23,2025-10-21,3,1385,Ballari
6657,Banana Chips,Snacks,11265.18,2022-09-27,7,2202,Shivamogga
6658,Butter 100g,Dairy,482.39,2024-01-13,6,1748,Kalaburagi
6659,Glass Cleaner,Home Care,7096.02,2024-12-13,7,2355,Udupi
6660,Milk 1L,Dairy,3646.74,2025-04-26,6,1085,Hubballi
6661,Sunflower Oil 1L,Groceries,4532.37,2025-06-24,2,1673,Belagavi
6662,Power Bank 10000mAh,Electronics,19029.34,2025-10-14,8,2637,Shivamogga
6663,Wheat Atta 10kg,Groceries,411.18,2023-07-31,5,2199,Udupi
6664,Parle-G Biscuits,Snacks,10254.5,2024-11-11,6,2172,Mangaluru
6665,HDMI Cable,Electronics,10756.96,2025-12-28,5,1595,Bengaluru
6666,LED Bulb 9W,Electronics,10982.0,2024-04-25,6,2220,Shivamogga
6667,Almonds 500g,Groceries,1333.77,2023-03-07,6,1755,Shivamogga
6668,Keyboard,Electronics,4168.03,2024-11-05,2,2550,Udupi
6669,Banana Chips,Snacks,4396.71,2023-11-07,3,1615,Davanagere
6670,Sanitary Pads,Personal Care,15894.7,2023-07-11,8,1763,Vijayapura
6671,Toothpaste 150g,Personal Care,2328.35,2025-12-21,6,1241,Mangaluru
6672,Dishwash Liquid,Home Care,1932.69,2023-08-14,8,2509,Vijayapura
6673,Extension Board,Electronics,14919.28,2025-06-14,8,1079,Bengaluru
6674,Bluetooth Speaker,Electronics,1790.23,2023-11-09,1,2829,Shivamogga
6675,Mineral Water 1L,Beverages,11548.9,2023-09-28,5,2166,Udupi
6676,Chocolate Bar,Snacks,20229.12,2022-08-05,8,1894,Tumakuru
6677,Potato Chips,Snacks,2347.34,2023-11-30,4,2615,Tumakuru
6678,Phone Stand,Electronics,7465.51,2023-11-07,8,1746,Vijayapura
6679,Floor Cleaner 1L,Home Care,13753.37,2022-12-12,6,2591,Davanagere
6680,Hand Wash,Personal Care,11665.94,2022-02-12,8,1770,Belagavi
6681,Good Day Biscuits,Snacks,4452.77,2022-11-10,3,2006,Mangaluru
6682,Scrub Pad,Home Care,10936.39,2022-05-09,7,2930,Belagavi
6683,Green Tea,Beverages,1473.63,2023-02-18,2,1566,Mysuru
6684,Bluetooth Speaker,Electronics,1565.26,2023-08-03,1,2967,Shivamogga
6685,Cashew 500g,Groceries,3122.04,2023-12-25,4,1729,Vijayapura
6686,Cashew 500g,Groceries,4801.09,2023-01-19,6,2963,Mysuru
6687,Namkeen Mix,Snacks,6122.61,2025-09-09,4,1991,Udupi
6688,Chocolate Bar,Snacks,16429.74,2025-02-21,7,2681,Vijayapura
6689,Coconut Oil 1L,Groceries,573.61,2025-04-03,1,1188,Bengaluru
6690,Pendrive 64GB,Electronics,15537.46,2022-04-15,7,1602,Hubballi
6691,Milk 1L,Dairy,4127.86,2023-11-07,8,2394,Davanagere
6692,Corn Flakes,Groceries,14903.21,2022-07-11,6,2282,Udupi
6693,Honey 500g,Groceries,13382.63,2023-04-02,8,1801,Ballari
6694,Ice Cream Tub,Dairy,976.28,2025-06-15,1,2397,Hubballi
6695,Tea Powder 500g,Beverages,6771.95,2025-03-25,7,2958,Ballari
6696,Pendrive 64GB,Electronics,13031.92,2022-02-20,6,1181,Bengaluru
6697,Green Tea,Beverages,4503.13,2025-02-04,6,1404,Vijayapura
6698,Milk 1L,Dairy,1036.29,2023-02-24,2,1355,Bengaluru
6699,Mango Juice 1L,Beverages,13521.56,2022-03-09,7,2252,Udupi
6700,Face Wash,Personal Care,9973.17,2025-03-14,4,1888,Hubballi
6701,Bluetooth Speaker,Electronics,1609.6,2022-01-05,1,2364,Kalaburagi
6702,LED Bulb 9W,Electronics,16234.12,2025-09-03,8,2950,Mysuru
6703,Corn Flakes,Groceries,9486.91,2023-08-04,4,2951,Davanagere
6704,Mouse,Electronics,1235.52,2024-04-24,2,2583,Davanagere
6705,Hand Wash,Personal Care,10175.47,2023-07-14,7,2804,Mangaluru
6706,Wheat Atta 10kg,Groceries,314.93,2025-12-03,4,1190,Mangaluru
6707,Ball Pen Pack,Stationery,4888.22,2024-04-08,3,1891,Belagavi
6708,Scrub Pad,Home Care,7471.71,2024-04-25,5,1629,Belagavi
6709,Urad Dal 1kg,Groceries,2846.64,2025-02-18,5,1398,Kalaburagi
6710,Bath Soap,Personal Care,14289.3,2024-06-08,8,1833,Hubballi
6711,Body Lotion,Personal Care,2676.27,2025-10-30,6,2420,Ballari
6712,Air Freshener,Home Care,21077.81,2023-09-12,8,1559,Vijayapura
6713,Oats 1kg,Groceries,6331.57,2024-12-14,3,1914,Kalaburagi
6714,Curd 500g,Dairy,6916.79,2023-06-11,5,1787,Vijayapura
6715,Dishwash Liquid,Home Care,1480.99,2023-11-01,6,1677,Tumakuru
6716,Khakhra Pack,Snacks,2780.78,2023-02-06,5,2260,Belagavi
6717,Wheat Atta 10kg,Groceries,252.32,2025-04-09,3,2555,Bengaluru
6718,Corn Flakes,Groceries,15743.81,2025-04-21,7,1796,Tumakuru
6719,Chocolate Bar,Snacks,5115.71,2022-09-07,2,2355,Ballari
6720,Toothpaste 150g,Personal Care,1235.4,2022-10-26,3,1498,Kalaburagi
6721,HDMI Cable,Electronics,6424.77,2025-02-21,3,2005,Mangaluru
6722,Toothpaste 150g,Personal Care,383.41,2023-03-02,1,1472,Davanagere
6723,Corn Flakes,Groceries,10738.44,2024-03-03,5,2384,Udupi
6724,Tea Powder 500g,Beverages,4278.0,2024-10-04,4,2884,Belagavi
6725,Mouse,Electronics,3525.26,2023-05-16,6,1106,Belagavi
6726,Vermicelli 500g,Groceries,3570.21,2025-11-06,6,2639,Shivamogga
6727,Sanitary Pads,Personal Care,13185.96,2025-09-26,7,2877,Shivamogga
6728,Deodorant,Personal Care,3013.37,2022-01-05,7,1111,Shivamogga
6729,Cashew 500g,Groceries,1578.56,2022-09-27,2,2878,Tumakuru
6730,Sticky Notes,Stationery,5535.77,2023-06-19,8,2309,Belagavi
6731,Lassi 200ml,Beverages,5459.54,2024-04-28,5,2875,Hubballi
6732,Bath Soap,Personal Care,12712.07,2024-04-21,8,1220,Belagavi
6733,Hand Wash,Personal Care,8619.74,2023-05-30,6,2638,Belagavi
6734,Shampoo 180ml,Personal Care,788.05,2022-11-06,1,1180,Kalaburagi
6735,Keyboard,Electronics,13456.4,2024-07-22,7,2466,Mysuru
6736,Green Tea,Beverages,1936.88,2023-10-30,3,1170,Kalaburagi
6737,Peanut Butter,Groceries,1623.74,2024-12-16,2,1712,Kalaburagi
6738,Phone Stand,Electronics,1072.04,2024-04-17,1,1767,Kalaburagi
6739,Butter 100g,Dairy,324.28,2025-01-25,4,1655,Bengaluru
6740,Marker Pen,Stationery,1402.45,2023-01-20,2,2869,Mangaluru
6741,Toothpaste 150g,Personal Care,3503.68,2024-04-21,8,2455,Hubballi
6742,Toothpaste 150g,Personal Care,3356.09,2025-11-17,8,2468,Bengaluru
6743,Mobile Charger,Electronics,3923.16,2025-01-27,3,1197,Bengaluru
6744,Khakhra Pack,Snacks,584.91,2024-11-01,1,2261,Mysuru
6745,Smart Watch,Electronics,1271.81,2022-11-06,1,1260,Vijayapura
6746,Milk 1L,Dairy,2726.53,2025-09-02,5,2595,Belagavi
6747,Honey 500g,Groceries,11200.17,2025-05-10,7,1043,Shivamogga
6748,Potato Chips,Snacks,4097.35,2023-01-05,8,1720,Vijayapura
6749,Eraser Pack,Stationery,4063.94,2022-08-20,7,2643,Belagavi
6750,Dishwash Liquid,Home Care,1685.0,2024-10-28,6,2683,Hubballi
6751,Salt 1kg,Groceries,9241.96,2022-01-13,5,2286,Davanagere
6752,Scrub Pad,Home Care,8917.07,2022-03-24,6,1877,Mysuru
6753,Wheat Atta 10kg,Groceries,265.64,2022-10-14,3,1223,Tumakuru
6754,Instant Noodles,Groceries,4161.22,2023-02-16,8,2686,Davanagere
6755,Parle-G Biscuits,Snacks,8971.7,2023-05-05,5,2980,Mangaluru
6756,Salt 1kg,Groceries,8059.41,2025-06-02,5,1259,Davanagere
6757,Notebook,Stationery,8805.89,2023-01-03,4,1848,Tumakuru
6758,Murukku Pack,Snacks,4009.23,2022-03-30,6,1360,Hubballi
6759,Hair Oil 200ml,Personal Care,5488.37,2024-04-27,7,2983,Shivamogga
6760,Cashew 500g,Groceries,725.66,2022-10-26,1,1514,Davanagere
6761,Poha 1kg,Groceries,775.92,2024-05-12,6,1936,Mangaluru
6762,Sunflower Oil 1L,Groceries,8761.09,2024-08-26,4,2531,Bengaluru
6763,Mixture Snack,Snacks,16945.81,2022-08-19,8,1016,Bengaluru
6764,Coconut Oil 1L,Groceries,4222.93,2022-03-27,7,1873,Vijayapura
6765,Rice 5kg,Groceries,9562.15,2022-06-05,6,2583,Mysuru
6766,Shampoo 180ml,Personal Care,1795.99,2022-07-07,2,2740,Tumakuru
6767,Deodorant,Personal Care,1806.49,2023-05-09,4,1748,Hubballi
6768,Peanut Butter,Groceries,3368.24,2023-04-19,4,1035,Kalaburagi
6769,Green Tea,Beverages,3567.94,2025-04-08,5,2436,Shivamogga
6770,Milk 1L,Dairy,3802.4,2022-04-25,7,2836,Davanagere
6771,Honey 500g,Groceries,7714.63,2022-08-10,5,2447,Ballari
6772,Toilet Cleaner,Home Care,1410.4,2022-12-28,1,1811,Kalaburagi
6773,Power Bank 10000mAh,Electronics,17884.55,2023-11-16,7,2287,Kalaburagi
6774,Vermicelli 500g,Groceries,1187.59,2022-10-20,2,2477,Bengaluru
6775,Printer Paper,Stationery,4621.39,2025-08-29,2,2856,Mysuru
6776,Poha 1kg,Groceries,674.13,2022-03-09,5,2596,Shivamogga
6777,Butter 100g,Dairy,87.64,2023-01-25,1,1583,Tumakuru
6778,Ghee 500ml,Groceries,1022.26,2024-05-03,4,1416,Hubballi
6779,Rice 5kg,Groceries,9599.98,2024-01-25,6,2434,Belagavi
6780,Face Wash,Personal Care,19919.3,2022-04-19,8,1006,Vijayapura
6781,Marker Pen,Stationery,3159.75,2023-06-24,5,1478,Davanagere
6782,Sanitary Pads,Personal Care,1879.34,2022-10-28,1,1197,Davanagere
6783,Wheat Atta 10kg,Groceries,405.3,2022-08-16,5,2678,Mangaluru
6784,Cashew 500g,Groceries,2235.97,2025-10-24,3,2710,Hubballi
6785,Dishwash Liquid,Home Care,1909.47,2025-08-07,8,2722,Ballari
6786,Green Tea,Beverages,4994.58,2024-07-18,7,1776,Vijayapura
6787,Body Lotion,Personal Care,2419.5,2025-05-22,6,1194,Davanagere
6788,LED Bulb 9W,Electronics,7327.42,2025-12-07,4,1142,Bengaluru
6789,Almonds 500g,Groceries,1409.9,2025-04-22,6,1172,Tumakuru
6790,Lassi 200ml,Beverages,4397.75,2025-08-25,4,1151,Davanagere
6791,Jam 500g,Groceries,4401.16,2024-02-09,4,1589,Kalaburagi
6792,Bluetooth Speaker,Electronics,1724.41,2023-06-12,1,2481,Belagavi
6793,Salt 1kg,Groceries,11531.76,2025-07-13,7,1607,Shivamogga
6794,Soft Drink 750ml,Beverages,219.79,2024-01-25,6,1957,Bengaluru
6795,Phone Stand,Electronics,8653.99,2024-02-22,8,2772,Shivamogga
6796,Rice 5kg,Groceries,7855.41,2022-01-26,5,1961,Ballari
6797,Torch Light,Electronics,8687.01,2025-08-29,6,2929,Udupi
6798,Toothpaste 150g,Personal Care,2992.06,2025-09-17,8,2677,Mangaluru
6799,Murukku Pack,Snacks,717.58,2025-07-17,1,2347,Tumakuru
6800,Tea Powder 500g,Beverages,2158.81,2024-11-15,2,2763,Bengaluru
6801,Good Day Biscuits,Snacks,1505.81,2023-03-28,1,1893,Bengaluru
6802,Jam 500g,Groceries,2038.21,2025-03-16,2,1008,Ballari
6803,Tea Powder 500g,Beverages,7761.4,2023-02-07,8,1279,Davanagere
6804,Khakhra Pack,Snacks,1627.6,2023-12-07,3,2903,Kalaburagi
6805,Laptop Sleeve,Electronics,4479.73,2024-10-02,8,2744,Davanagere
6806,Sunflower Oil 1L,Groceries,4266.54,2025-04-20,2,1951,Mangaluru
6807,Ice Cream Tub,Dairy,2985.71,2022-07-25,3,1216,Vijayapura
6808,Vermicelli 500g,Groceries,4217.15,2025-05-13,7,2862,Tumakuru
6809,Basmati Rice 5kg,Groceries,9203.79,2024-10-02,7,1921,Hubballi
6810,Sticky Notes,Stationery,4401.74,2024-01-12,6,1800,Udupi
6811,Oats 1kg,Groceries,4817.11,2022-12-09,2,1306,Bengaluru
6812,Coconut Oil 1L,Groceries,1307.16,2024-01-25,2,1822,Hubballi
6813,Oats 1kg,Groceries,18589.7,2024-12-22,8,2603,Kalaburagi
6814,Buttermilk 200ml,Beverages,1970.47,2022-04-10,3,2016,Shivamogga
6815,Paneer 200g,Dairy,3568.12,2023-06-29,7,2801,Udupi
6816,Sketch Pen Set,Stationery,716.65,2023-01-23,7,1744,Ballari
6817,Good Day Biscuits,Snacks,4304.29,2024-09-30,3,2489,Davanagere
6818,Power Bank 10000mAh,Electronics,21194.78,2023-08-01,8,2023,Davanagere
6819,Lassi 200ml,Beverages,4514.91,2025-06-11,4,2902,Vijayapura
6820,Laptop Sleeve,Electronics,3488.14,2023-09-21,6,1443,Ballari
6821,LED Bulb 9W,Electronics,11855.04,2025-03-31,6,2209,Davanagere
6822,Good Day Biscuits,Snacks,3991.47,2022-03-15,3,2726,Mysuru
6823,Buttermilk 200ml,Beverages,2470.19,2024-02-18,4,2827,Belagavi
6824,Namkeen Mix,Snacks,3025.62,2024-10-02,2,1230,Vijayapura
6825,Curd 500g,Dairy,9736.81,2025-03-24,7,1388,Hubballi
6826,Green Tea,Beverages,2938.63,2023-03-12,4,2285,Mysuru
6827,Extension Board,Electronics,14804.16,2022-03-23,8,1658,Kalaburagi
6828,Cheese Slices,Dairy,2822.93,2024-09-04,3,1766,Hubballi
6829,LED Bulb 9W,Electronics,12962.45,2022-12-31,6,1868,Udupi
6830,Bath Soap,Personal Care,1623.8,2025-10-15,1,1567,Ballari
6831,Smart Watch,Electronics,6978.25,2022-09-11,5,1233,Mangaluru
6832,Corn Flakes,Groceries,6938.33,2025-09-22,3,2207,Hubballi
6833,Ball Pen Pack,Stationery,8619.13,2023-04-18,6,2169,Mangaluru
6834,Potato Chips,Snacks,1726.93,2022-06-19,3,1903,Kalaburagi
6835,Deodorant,Personal Care,2878.83,2022-01-17,7,2625,Hubballi
6836,Oats 1kg,Groceries,11374.17,2024-06-18,5,1765,Kalaburagi
6837,Torch Light,Electronics,1415.76,2024-09-14,1,2419,Kalaburagi
6838,Bluetooth Speaker,Electronics,14514.99,2025-02-26,8,1162,Davanagere
6839,Printer Paper,Stationery,7893.29,2022-09-15,4,2371,Belagavi
6840,Dishwash Liquid,Home Care,1335.87,2023-02-27,5,1717,Hubballi
6841,Pendrive 64GB,Electronics,3856.48,2023-11-08,2,2014,Shivamogga
6842,Sugar 1kg,Groceries,5982.42,2024-07-29,3,1324,Bengaluru
6843,Eraser Pack,Stationery,3168.03,2023-01-21,5,1780,Vijayapura
6844,Green Tea,Beverages,5838.0,2024-05-05,8,1382,Vijayapura
6845,USB Cable,Electronics,5074.86,2022-07-25,4,1834,Ballari
6846,Energy Drink,Beverages,13989.12,2024-12-02,8,2100,Shivamogga
6847,Poha 1kg,Groceries,130.96,2023-07-12,1,1467,Vijayapura
6848,Torch Light,Electronics,7004.96,2022-08-06,5,1124,Udupi
6849,Tea Powder 500g,Beverages,1023.68,2024-09-23,1,2597,Udupi
6850,Jam 500g,Groceries,7625.62,2023-01-31,8,1715,Belagavi
6851,Honey 500g,Groceries,4556.1,2022-01-03,3,1219,Ballari
6852,Filter Coffee 500g,Beverages,671.93,2025-06-28,7,2314,Mysuru
6853,Dishwash Liquid,Home Care,820.53,2025-07-09,3,2201,Hubballi
6854,Green Tea,Beverages,6209.69,2023-10-20,8,1431,Ballari
6855,Basmati Rice 5kg,Groceries,2671.8,2023-10-28,2,2468,Davanagere
6856,Sugar 1kg,Groceries,7089.73,2024-01-27,4,1811,Bengaluru
6857,Torch Light,Electronics,3157.45,2024-04-23,2,1587,Kalaburagi
6858,Mango Juice 1L,Beverages,13245.6,2023-11-16,7,2861,Shivamogga
6859,Notebook,Stationery,15960.71,2022-01-07,7,2868,Mangaluru
6860,Good Day Biscuits,Snacks,5312.1,2023-05-29,4,2625,Tumakuru
6861,Eraser Pack,Stationery,1760.03,2023-05-27,3,2167,Belagavi
6862,Rice 5kg,Groceries,13710.88,2022-06-20,8,2538,Davanagere
6863,Extension Board,Electronics,8652.93,2024-02-28,5,1785,Bengaluru
6864,Eraser Pack,Stationery,4042.4,2023-06-15,6,1968,Kalaburagi
6865,Sunflower Oil 1L,Groceries,2195.6,2023-05-27,1,2898,Vijayapura
6866,Sketch Pen Set,Stationery,181.35,2025-03-29,2,2585,Shivamogga
6867,Paneer 200g,Dairy,3369.06,2022-10-01,7,1153,Belagavi
6868,File Folder,Stationery,2960.07,2022-01-01,2,2870,Mangaluru
6869,Bath Soap,Personal Care,8990.07,2024-09-25,5,1693,Tumakuru
6870,Tea Powder 500g,Beverages,7486.38,2025-05-28,7,1692,Tumakuru
6871,USB Cable,Electronics,2715.24,2023-11-19,2,1553,Mysuru
6872,Face Wash,Personal Care,9909.0,2024-06-09,4,1803,Shivamogga
6873,Wheat Atta 10kg,Groceries,246.97,2025-05-08,3,2639,Mysuru
6874,Vermicelli 500g,Groceries,4257.43,2023-10-17,7,2131,Mysuru
6875,Body Lotion,Personal Care,918.52,2024-08-27,2,2124,Mangaluru
6876,Oats 1kg,Groceries,2282.83,2022-12-30,1,2511,Belagavi
6877,Jam 500g,Groceries,2805.39,2025-04-12,3,2767,Mysuru
6878,Torch Light,Electronics,3027.97,2022-11-24,2,2169,Vijayapura
6879,Lassi 200ml,Beverages,5794.12,2023-08-18,5,1226,Belagavi
6880,Rice 5kg,Groceries,3029.4,2024-11-17,2,2970,Shivamogga
6881,Cheese Slices,Dairy,3812.6,2023-08-06,4,2751,Mangaluru
6882,Murukku Pack,Snacks,3809.26,2022-09-05,6,2698,Mangaluru
6883,Urad Dal 1kg,Groceries,1135.7,2022-03-29,2,1312,Bengaluru
6884,Eraser Pack,Stationery,3285.69,2024-06-11,5,2267,Ballari
6885,Keyboard,Electronics,13347.97,2025-07-02,7,1609,Ballari
6886,Filter Coffee 500g,Beverages,279.64,2025-05-13,3,1256,Hubballi
6887,Phone Stand,Electronics,7012.83,2025-09-30,7,1670,Vijayapura
6888,Paneer 200g,Dairy,3456.91,2023-07-14,7,2422,Kalaburagi
6889,Peanut Butter,Groceries,1759.65,2023-10-04,2,1392,Mangaluru
6890,Parle-G Biscuits,Snacks,1759.78,2022-07-21,1,1391,Bengaluru
6891,Mouse,Electronics,3798.27,2023-03-22,6,1210,Shivamogga
6892,Khakhra Pack,Snacks,1744.1,2023-04-28,3,1594,Mangaluru
6893,Marker Pen,Stationery,3716.91,2022-01-26,5,2490,Mangaluru
6894,Mixture Snack,Snacks,9923.13,2024-03-15,5,1977,Mysuru
6895,File Folder,Stationery,6212.59,2022-11-20,4,1021,Mangaluru
6896,Ragi Flour 1kg,Groceries,7687.64,2023-06-03,4,1326,Hubballi
6897,Stapler,Stationery,5549.98,2022-03-22,7,2667,Davanagere
6898,Air Freshener,Home Care,15688.98,2022-10-03,7,2268,Udupi
6899,Hair Oil 200ml,Personal Care,7029.18,2024-05-23,8,2451,Tumakuru
6900,Air Freshener,Home Care,11261.27,2025-01-09,5,2436,Davanagere
6901,Smart Watch,Electronics,3846.44,2024-07-08,3,2332,Shivamogga
6902,Shampoo 180ml,Personal Care,4615.25,2022-04-17,5,1042,Hubballi
6903,Dishwash Liquid,Home Care,279.74,2024-01-29,1,2750,Mysuru
6904,Toor Dal 1kg,Groceries,6140.62,2022-10-24,8,1581,Davanagere
6905,Banana Chips,Snacks,8490.99,2024-06-04,6,1710,Belagavi
6906,Tea Powder 500g,Beverages,7830.27,2025-09-26,7,2090,Vijayapura
6907,Laptop Sleeve,Electronics,2297.87,2024-09-21,4,2729,Tumakuru
6908,Toilet Cleaner,Home Care,9466.33,2023-03-26,6,2138,Kalaburagi
6909,Paneer 200g,Dairy,1630.19,2024-11-13,3,2181,Hubballi
6910,Energy Drink,Beverages,6986.6,2025-07-07,4,1341,Davanagere
6911,Instant Noodles,Groceries,3814.83,2024-09-06,7,2812,Udupi
6912,Salt 1kg,Groceries,7948.72,2023-04-21,5,1722,Davanagere
6913,HDMI Cable,Electronics,8229.88,2025-06-11,4,2234,Shivamogga
6914,Honey 500g,Groceries,6016.93,2022-06-15,4,2486,Tumakuru
6915,Honey 500g,Groceries,5108.72,2025-08-25,3,1392,Shivamogga
6916,Extension Board,Electronics,9527.6,2022-04-27,5,1709,Bengaluru
6917,Air Freshener,Home Care,2471.85,2024-02-07,1,1013,Udupi
6918,Corn Flakes,Groceries,11948.56,2025-09-10,5,2184,Vijayapura
6919,Buttermilk 200ml,Beverages,4451.94,2023-12-11,7,1935,Tumakuru
6920,Pendrive 64GB,Electronics,15375.62,2024-04-29,7,1257,Mysuru
6921,LED Bulb 9W,Electronics,2147.78,2025-03-31,1,1735,Mysuru
6922,Buttermilk 200ml,Beverages,3420.0,2024-01-06,5,1570,Udupi
6923,Bath Soap,Personal Care,5674.74,2025-04-08,3,1682,Shivamogga
6924,Butter 100g,Dairy,365.01,2023-01-22,4,2450,Bengaluru
6925,Poha 1kg,Groceries,259.32,2022-07-17,2,2192,Tumakuru
6926,Detergent Powder 1kg,Home Care,1382.98,2025-12-12,6,2893,Mysuru
6927,Urad Dal 1kg,Groceries,4013.22,2023-12-03,7,1220,Kalaburagi
6928,Toilet Cleaner,Home Care,10045.84,2023-12-30,7,2504,Vijayapura
6929,Wheat Atta 10kg,Groceries,515.21,2023-05-31,6,1133,Davanagere
6930,LED Bulb 9W,Electronics,17412.01,2022-10-19,8,1289,Hubballi
6931,Power Bank 10000mAh,Electronics,7182.91,2025-12-08,3,1998,Ballari
6932,Glass Cleaner,Home Care,1055.82,2023-02-11,1,2810,Kalaburagi
6933,Shampoo 180ml,Personal Care,3547.4,2025-01-21,4,1230,Mangaluru
6934,Mouse,Electronics,1162.28,2024-12-13,2,2672,Vijayapura
6935,HDMI Cable,Electronics,8722.75,2023-09-22,4,2382,Davanagere
6936,Ragi Flour 1kg,Groceries,5783.67,2022-09-03,3,1145,Mangaluru
6937,Body Lotion,Personal Care,2905.44,2024-05-16,6,1501,Davanagere
6938,Dishwash Liquid,Home Care,476.86,2025-05-26,2,2723,Hubballi
6939,LED Bulb 9W,Electronics,4364.94,2024-12-31,2,2032,Tumakuru
6940,Mango Juice 1L,Beverages,7353.28,2024-06-03,4,2500,Shivamogga
6941,Honey 500g,Groceries,8512.67,2022-02-23,5,1055,Hubballi
6942,Stapler,Stationery,1607.67,2022-02-08,2,1499,Udupi
6943,Chocolate Bar,Snacks,11824.95,2024-02-02,5,2465,Mysuru
6944,Sugar 1kg,Groceries,1709.44,2024-10-22,1,1314,Belagavi
6945,Filter Coffee 500g,Beverages,424.78,2022-06-28,5,1917,Bengaluru
6946,Banana Chips,Snacks,8106.87,2022-05-09,5,1870,Kalaburagi
6947,Instant Noodles,Groceries,4374.57,2025-08-06,8,2624,Kalaburagi
6948,Face Wash,Personal Care,7554.38,2023-07-31,3,2164,Vijayapura
6949,Peanut Butter,Groceries,6866.64,2022-01-23,8,1430,Kalaburagi
6950,Potato Chips,Snacks,541.77,2025-08-12,1,1638,Kalaburagi
6951,Bluetooth Speaker,Electronics,8096.26,2023-02-24,5,1629,Belagavi
6952,Potato Chips,Snacks,1029.88,2024-01-10,2,1136,Bengaluru
6953,Toor Dal 1kg,Groceries,3751.48,2022-01-04,5,1135,Bengaluru
6954,File Folder,Stationery,6510.94,2022-09-07,5,1481,Shivamogga
6955,Ghee 500ml,Groceries,1772.2,2024-07-21,6,2170,Belagavi
6956,Banana Chips,Snacks,1546.78,2022-10-28,1,2403,Kalaburagi
6957,Potato Chips,Snacks,2310.64,2024-01-02,4,1867,Udupi
6958,Glass Cleaner,Home Care,2973.64,2024-09-28,3,1774,Mysuru
6959,Mouse,Electronics,4906.9,2024-07-18,8,2006,Tumakuru
6960,Air Freshener,Home Care,21446.09,2022-05-11,8,1446,Ballari
6961,Scrub Pad,Home Care,13259.48,2022-09-21,8,2618,Hubballi
6962,Lassi 200ml,Beverages,2331.2,2025-03-21,2,1458,Vijayapura
6963,Deodorant,Personal Care,1158.79,2024-11-03,3,1976,Hubballi
6964,Sugar 1kg,Groceries,8976.05,2025-04-17,5,1518,Shivamogga
6965,Cashew 500g,Groceries,5607.22,2022-06-23,7,2322,Udupi
6966,Deodorant,Personal Care,1626.3,2025-01-07,4,2138,Kalaburagi
6967,Urad Dal 1kg,Groceries,5012.31,2025-03-31,8,2347,Tumakuru
6968,Basmati Rice 5kg,Groceries,1378.65,2025-07-21,1,2629,Mysuru
6969,Almonds 500g,Groceries,1849.32,2024-11-10,8,1679,Vijayapura
6970,Face Wash,Personal Care,5043.67,2025-01-09,2,2306,Shivamogga
6971,LED Bulb 9W,Electronics,14775.27,2022-03-09,7,1741,Belagavi
6972,Basmati Rice 5kg,Groceries,6117.67,2025-04-10,4,1375,Davanagere
6973,Milk 1L,Dairy,3205.78,2024-04-20,6,1467,Ballari
6974,Ragi Flour 1kg,Groceries,13352.2,2022-01-18,7,1288,Bengaluru
6975,Glass Cleaner,Home Care,2025.02,2023-02-08,2,1940,Ballari
6976,Phone Stand,Electronics,4735.16,2025-11-07,5,2834,Shivamogga
6977,Coconut Oil 1L,Groceries,3740.89,2023-03-25,6,2380,Shivamogga
6978,Wireless Earphones,Electronics,5212.8,2022-03-15,5,1922,Ballari
6979,Jam 500g,Groceries,6946.56,2025-12-01,7,2982,Ballari
6980,Sketch Pen Set,Stationery,307.46,2022-10-05,3,2997,Mysuru
6981,Sugar 1kg,Groceries,1830.03,2022-10-14,1,2391,Kalaburagi
6982,Wheat Atta 10kg,Groceries,370.91,2025-06-20,5,1636,Davanagere
6983,Tea Powder 500g,Beverages,2253.15,2023-08-28,2,1825,Mysuru
6984,Body Lotion,Personal Care,2756.47,2025-01-05,6,2419,Bengaluru
6985,Mobile Charger,Electronics,3024.05,2022-02-17,2,2951,Udupi
6986,Basmati Rice 5kg,Groceries,9977.55,2022-06-17,7,2069,Tumakuru
6987,USB Cable,Electronics,6275.36,2024-06-06,5,1259,Belagavi
6988,Printer Paper,Stationery,15735.25,2023-06-14,8,2153,Ballari
6989,Chocolate Bar,Snacks,17176.88,2022-02-02,8,1241,Ballari
6990,Glass Cleaner,Home Care,8116.78,2023-04-18,8,1497,Mangaluru
6991,Poha 1kg,Groceries,1128.25,2025-11-20,8,1585,Kalaburagi
6992,Ball Pen Pack,Stationery,6571.05,2022-03-01,4,1950,Hubballi
6993,Banana Chips,Snacks,7910.73,2025-09-12,5,1867,Ballari
6994,Oats 1kg,Groceries,18099.04,2023-06-10,8,2231,Kalaburagi
6995,Groundnut Oil 1L,Groceries,968.66,2022-04-27,4,1535,Hubballi
6996,Keyboard,Electronics,4124.47,2024-06-24,2,2279,Vijayapura
6997,Pendrive 64GB,Electronics,6028.35,2025-03-20,3,1330,Belagavi
6998,Glass Cleaner,Home Care,919.25,2024-12-16,1,1249,Mysuru
6999,Face Wash,Personal Care,2199.14,2024-05-22,1,2573,Belagavi
7000,Extension Board,Electronics,5211.94,2023-06-26,3,2889,Shivamogga
7001,Energy Drink,Beverages,8806.74,2022-09-13,6,1341,Davanagere
7002,Green Tea,Beverages,1531.54,2024-08-30,2,1117,Bengaluru
7003,Extension Board,Electronics,8676.64,2024-07-31,5,1555,Hubballi
7004,Soft Drink 750ml,Beverages,233.55,2025-10-30,6,1961,Belagavi
7005,Urad Dal 1kg,Groceries,3241.75,2022-10-10,6,1646,Mysuru
7006,HDMI Cable,Electronics,6342.83,2022-05-30,3,2683,Shivamogga
7007,Power Bank 10000mAh,Electronics,4999.99,2022-08-21,2,2213,Bengaluru
7008,Sticky Notes,Stationery,1824.51,2022-01-24,3,2002,Mysuru
7009,Extension Board,Electronics,13191.37,2023-02-22,7,1109,Bengaluru
7010,Ghee 500ml,Groceries,758.95,2025-10-14,3,1634,Belagavi
7011,Mango Juice 1L,Beverages,14932.03,2024-06-15,7,2340,Hubballi
7012,Ghee 500ml,Groceries,1095.02,2025-10-03,4,1279,Shivamogga
7013,Namkeen Mix,Snacks,3009.34,2024-04-18,2,1223,Kalaburagi
7014,Ragi Flour 1kg,Groceries,8430.45,2022-10-18,5,1847,Udupi
7015,Milk 1L,Dairy,3008.45,2023-11-06,5,1645,Hubballi
7016,Body Lotion,Personal Care,2685.35,2022-11-12,6,1823,Ballari
7017,Potato Chips,Snacks,3100.95,2022-08-07,6,1553,Vijayapura
7018,Honey 500g,Groceries,8996.7,2023-01-10,5,2637,Hubballi
7019,Banana Chips,Snacks,5744.6,2024-01-29,4,2215,Hubballi
7020,Almonds 500g,Groceries,226.32,2025-10-03,1,2509,Kalaburagi
7021,Vermicelli 500g,Groceries,1758.37,2022-03-03,3,1689,Bengaluru
7022,Bluetooth Speaker,Electronics,9370.28,2024-10-15,6,2467,Kalaburagi
7023,Keyboard,Electronics,3955.78,2025-07-15,2,2682,Davanagere
7024,Dishwash Liquid,Home Care,1484.09,2023-08-27,6,2868,Mangaluru
7025,Coconut Oil 1L,Groceries,1713.29,2025-12-07,3,1970,Davanagere
7026,Smart Watch,Electronics,10656.4,2023-07-15,8,2159,Tumakuru
7027,Power Bank 10000mAh,Electronics,8826.03,2024-05-24,4,1579,Bengaluru
7028,Sunflower Oil 1L,Groceries,14092.66,2025-03-09,7,2090,Ballari
7029,Banana Chips,Snacks,9950.0,2024-06-08,7,1258,Udupi
7030,Laptop Sleeve,Electronics,4388.79,2024-01-18,8,2644,Hubballi
7031,Bluetooth Speaker,Electronics,14000.24,2025-02-25,8,1721,Kalaburagi
7032,Ball Pen Pack,Stationery,9834.79,2022-07-26,7,1287,Mysuru
7033,Toor Dal 1kg,Groceries,3176.42,2022-11-18,5,2761,Shivamogga
7034,USB Cable,Electronics,8473.5,2025-05-20,6,1892,Bengaluru
7035,Curd 500g,Dairy,8129.42,2025-06-12,7,2750,Hubballi
7036,Mixture Snack,Snacks,10073.56,2024-06-20,5,2155,Mangaluru
7037,Cheese Slices,Dairy,2735.67,2022-08-02,3,2448,Davanagere
7038,Ball Pen Pack,Stationery,5748.76,2024-03-18,4,2585,Bengaluru
7039,Dishwash Liquid,Home Care,759.58,2025-08-22,3,2691,Hubballi
7040,Honey 500g,Groceries,7810.36,2025-07-23,5,2224,Ballari
7041,Sketch Pen Set,Stationery,542.65,2022-11-13,5,1942,Ballari
7042,Peanut Butter,Groceries,4471.32,2023-05-13,6,1876,Mysuru
7043,Bluetooth Speaker,Electronics,8709.29,2023-06-22,5,1689,Belagavi
7044,Lassi 200ml,Beverages,7241.25,2023-12-27,6,2726,Davanagere
7045,Pendrive 64GB,Electronics,3944.77,2023-01-31,2,2487,Mysuru
7046,Bluetooth Speaker,Electronics,8900.22,2025-09-11,5,2641,Mangaluru
7047,Body Lotion,Personal Care,894.01,2022-09-29,2,2741,Mangaluru
7048,Mobile Charger,Electronics,1294.99,2025-05-13,1,2977,Hubballi
7049,Cheese Slices,Dairy,2800.53,2022-07-29,3,1946,Tumakuru
7050,Wireless Earphones,Electronics,1009.86,2023-07-21,1,1083,Belagavi
7051,Ice Cream Tub,Dairy,5730.43,2022-07-23,6,1166,Mangaluru
7052,Instant Noodles,Groceries,3598.4,2022-06-12,7,2960,Mysuru
7053,Toor Dal 1kg,Groceries,3796.7,2022-10-06,6,2449,Mangaluru
7054,Stapler,Stationery,2184.49,2025-08-23,3,1598,Kalaburagi
7055,Sticky Notes,Stationery,4100.25,2022-12-14,6,2625,Ballari
7056,Banana Chips,Snacks,12514.33,2024-05-10,8,2005,Davanagere
7057,Wireless Earphones,Electronics,2707.34,2023-03-07,3,1652,Udupi
7058,Power Bank 10000mAh,Electronics,10532.72,2023-04-15,4,2680,Kalaburagi
7059,Deodorant,Personal Care,1779.68,2022-09-30,4,2466,Davanagere
7060,Mouse,Electronics,2402.92,2025-03-30,4,1384,Mysuru
7061,Almonds 500g,Groceries,395.76,2022-10-10,2,1777,Bengaluru
7062,Smart Watch,Electronics,11785.19,2022-05-19,8,1528,Hubballi
7063,File Folder,Stationery,7701.74,2025-11-28,5,2069,Tumakuru
7064,Oats 1kg,Groceries,16800.82,2023-12-05,7,1444,Davanagere
7065,Tea Powder 500g,Beverages,6913.41,2024-09-02,6,1510,Mysuru
7066,Urad Dal 1kg,Groceries,3222.16,2025-02-21,6,2163,Ballari
7067,Face Wash,Personal Care,4841.51,2023-03-31,2,1063,Kalaburagi
7068,Oats 1kg,Groceries,11980.49,2025-06-29,6,1430,Hubballi
7069,Glass Cleaner,Home Care,8226.57,2023-04-12,8,1216,Mangaluru
7070,Buttermilk 200ml,Beverages,5944.7,2023-07-18,8,2928,Mysuru
7071,Basmati Rice 5kg,Groceries,7929.9,2022-11-24,6,2402,Udupi
7072,Deodorant,Personal Care,2605.8,2025-11-27,6,1055,Ballari
7073,Soft Drink 750ml,Beverages,255.07,2022-02-07,7,1001,Vijayapura
7074,Groundnut Oil 1L,Groceries,1753.22,2022-02-26,8,2149,Kalaburagi
7075,File Folder,Stationery,10360.71,2022-11-17,8,2933,Mysuru
7076,Mouse,Electronics,2850.33,2023-05-18,5,2222,Kalaburagi
7077,Poha 1kg,Groceries,986.45,2022-09-27,7,1481,Hubballi
7078,Filter Coffee 500g,Beverages,598.41,2025-07-01,6,2057,Udupi
7079,Glass Cleaner,Home Care,5322.28,2024-01-09,6,1913,Vijayapura
7080,Urad Dal 1kg,Groceries,2141.6,2022-01-29,4,2678,Ballari
7081,Sketch Pen Set,Stationery,105.47,2022-01-07,1,2815,Vijayapura
7082,Notebook,Stationery,4124.64,2022-01-25,2,1347,Udupi
7083,Mobile Charger,Electronics,3026.38,2022-02-19,2,1097,Davanagere
7084,Keyboard,Electronics,13594.01,2023-12-17,7,2057,Udupi
7085,Smart Watch,Electronics,8139.54,2025-01-13,6,1693,Bengaluru
7086,Jam 500g,Groceries,6097.17,2022-07-18,6,1622,Shivamogga
7087,Salt 1kg,Groceries,8692.48,2024-06-15,5,1361,Hubballi
7088,Cheese Slices,Dairy,6726.6,2025-10-18,7,1806,Mangaluru
7089,Sanitary Pads,Personal Care,5486.56,2023-11-26,3,1214,Ballari
7090,Good Day Biscuits,Snacks,7223.66,2022-10-03,5,1081,Belagavi
7091,Floor Cleaner 1L,Home Care,11172.14,2023-10-26,5,2871,Bengaluru
7092,Power Bank 10000mAh,Electronics,15828.16,2024-09-24,7,2796,Tumakuru
7093,Power Bank 10000mAh,Electronics,10568.57,2025-05-23,4,2782,Hubballi
7094,Peanut Butter,Groceries,3687.14,2024-02-13,5,1920,Belagavi
7095,Sugar 1kg,Groceries,14936.78,2025-10-22,8,2147,Kalaburagi
7096,Chocolate Bar,Snacks,14149.89,2024-07-03,6,1555,Vijayapura
7097,Filter Coffee 500g,Beverages,171.07,2025-08-15,2,2662,Tumakuru
7098,Deodorant,Personal Care,1397.76,2023-08-17,3,2945,Mysuru
7099,Pendrive 64GB,Electronics,17303.59,2025-08-30,8,2186,Davanagere
7100,Stapler,Stationery,4541.09,2024-08-26,6,1108,Mysuru
7101,Mango Juice 1L,Beverages,10243.51,2022-08-13,5,1884,Udupi
7102,Wireless Earphones,Electronics,5954.87,2025-05-08,6,2069,Mangaluru
7103,Power Bank 10000mAh,Electronics,10680.5,2024-06-17,4,2120,Bengaluru
7104,Wireless Earphones,Electronics,6907.35,2022-03-22,8,1989,Kalaburagi
7105,Jam 500g,Groceries,3915.76,2022-05-20,4,2643,Ballari
7106,Sanitary Pads,Personal Care,10736.64,2025-04-02,6,1366,Tumakuru
7107,Jam 500g,Groceries,3157.8,2023-03-28,3,2369,Udupi
7108,Mango Juice 1L,Beverages,17609.85,2023-12-03,8,2590,Davanagere
7109,Good Day Biscuits,Snacks,4002.61,2024-09-17,3,1379,Mysuru
7110,Soft Drink 750ml,Beverages,130.17,2025-02-05,4,2599,Shivamogga
7111,Deodorant,Personal Care,2698.24,2022-08-24,6,1753,Hubballi
7112,Mixture Snack,Snacks,9491.49,2024-03-06,5,1780,Bengaluru
7113,Rice 5kg,Groceries,1726.36,2023-11-15,1,2878,Davanagere
7114,Stapler,Stationery,3149.76,2025-05-25,4,1095,Udupi
7115,Detergent Powder 1kg,Home Care,235.12,2023-07-05,1,1150,Hubballi
7116,Sticky Notes,Stationery,4549.24,2023-01-23,7,1257,Vijayapura
7117,Keyboard,Electronics,11512.14,2025-01-02,6,1547,Vijayapura
7118,Lassi 200ml,Beverages,9941.22,2024-06-22,8,2672,Bengaluru
7119,Bluetooth Speaker,Electronics,1692.48,2022-02-20,1,2022,Belagavi
7120,Energy Drink,Beverages,3404.74,2023-05-06,2,1507,Davanagere
7121,Sugar 1kg,Groceries,1951.3,2025-04-25,1,1163,Udupi
7122,Phone Stand,Electronics,8879.28,2023-08-05,8,1404,Tumakuru
7123,Corn Flakes,Groceries,17291.74,2025-07-28,8,2692,Tumakuru
7124,LED Bulb 9W,Electronics,15968.56,2022-06-12,8,2857,Shivamogga
7125,Scrub Pad,Home Care,13629.03,2022-01-13,8,2514,Shivamogga
7126,USB Cable,Electronics,8639.05,2024-06-14,6,1879,Mysuru
7127,Sketch Pen Set,Stationery,286.31,2025-01-09,3,2484,Davanagere
7128,Basmati Rice 5kg,Groceries,2772.45,2024-09-28,2,2037,Shivamogga
7129,Toilet Cleaner,Home Care,2883.18,2025-05-22,2,2031,Ballari
7130,Air Freshener,Home Care,7300.73,2025-12-22,3,1529,Kalaburagi
7131,Peanut Butter,Groceries,2200.54,2022-11-26,3,1280,Hubballi
7132,Floor Cleaner 1L,Home Care,5885.0,2025-02-27,3,2609,Bengaluru
7133,Wheat Atta 10kg,Groceries,682.32,2022-09-09,8,1434,Mangaluru
7134,Phone Stand,Electronics,967.96,2023-07-14,1,2942,Ballari
7135,Power Bank 10000mAh,Electronics,14366.12,2024-09-16,6,1146,Shivamogga
7136,Laptop Sleeve,Electronics,2599.93,2024-08-09,5,2332,Udupi
7137,Energy Drink,Beverages,10073.74,2023-10-09,7,1856,Ballari
7138,Jam 500g,Groceries,4066.14,2022-07-22,4,1824,Kalaburagi
7139,Basmati Rice 5kg,Groceries,8606.75,2024-03-31,6,2007,Kalaburagi
7140,Sanitary Pads,Personal Care,13903.87,2024-08-28,7,2474,Tumakuru
7141,Ice Cream Tub,Dairy,6941.27,2024-09-11,7,2993,Tumakuru
7142,Salt 1kg,Groceries,9426.54,2024-10-21,6,2375,Udupi
7143,Cashew 500g,Groceries,2251.16,2023-09-29,3,1675,Shivamogga
7144,Toothpaste 150g,Personal Care,809.72,2022-05-08,2,1589,Vijayapura
7145,Eraser Pack,Stationery,5082.65,2025-04-30,8,2144,Ballari
7146,Smart Watch,Electronics,4176.83,2023-09-05,3,2517,Belagavi
7147,Mixture Snack,Snacks,5479.97,2022-06-07,3,2407,Udupi
7148,Instant Noodles,Groceries,3384.83,2024-04-28,6,2824,Vijayapura
7149,Bath Soap,Personal Care,14805.93,2023-04-21,8,2322,Ballari
7150,Hand Wash,Personal Care,6940.99,2024-02-18,5,2640,Davanagere
7151,Banana Chips,Snacks,7280.81,2024-06-03,5,1415,Vijayapura
7152,Sugar 1kg,Groceries,6886.86,2022-06-29,4,1527,Hubballi
7153,Groundnut Oil 1L,Groceries,864.96,2025-11-27,4,1389,Vijayapura
7154,LED Bulb 9W,Electronics,8605.56,2022-06-11,4,1223,Mysuru
7155,Keyboard,Electronics,10050.21,2024-03-31,5,1725,Belagavi
7156,Pendrive 64GB,Electronics,12264.39,2024-10-17,6,1655,Shivamogga
7157,Banana Chips,Snacks,7192.81,2025-03-12,5,1805,Mysuru
7158,Cashew 500g,Groceries,1409.41,2024-04-23,2,2247,Davanagere
7159,USB Cable,Electronics,8025.92,2024-12-07,6,1433,Shivamogga
7160,Filter Coffee 500g,Beverages,819.96,2025-01-23,8,1410,Kalaburagi
7161,Pendrive 64GB,Electronics,17600.05,2022-07-02,8,2345,Hubballi
7162,Vermicelli 500g,Groceries,3840.4,2024-05-18,6,2872,Vijayapura
7163,Hand Wash,Personal Care,6314.87,2023-02-21,4,2655,Ballari
7164,Peanut Butter,Groceries,5004.67,2025-01-05,6,1896,Kalaburagi
7165,USB Cable,Electronics,2680.25,2024-12-29,2,2892,Mangaluru
7166,Poha 1kg,Groceries,1011.06,2025-11-19,7,1252,Vijayapura
7167,Buttermilk 200ml,Beverages,1428.24,2024-06-04,2,1265,Belagavi
7168,Namkeen Mix,Snacks,8353.39,2024-05-12,5,2442,Mangaluru
7169,Jam 500g,Groceries,3919.25,2025-11-01,4,2917,Ballari
7170,Notebook,Stationery,6145.54,2024-01-12,3,2714,Mysuru
7171,Smart Watch,Electronics,10517.68,2024-09-12,8,2157,Udupi
7172,Lassi 200ml,Beverages,1063.1,2022-01-09,1,1269,Kalaburagi
7173,Bluetooth Speaker,Electronics,3509.01,2022-04-30,2,2392,Vijayapura
7174,Ragi Flour 1kg,Groceries,5659.04,2023-01-20,3,2106,Kalaburagi
7175,Deodorant,Personal Care,1173.88,2022-09-21,3,1255,Shivamogga
7176,Sticky Notes,Stationery,1362.58,2025-07-22,2,1562,Shivamogga
7177,Energy Drink,Beverages,5102.02,2023-07-09,3,1855,Udupi
7178,Toothpaste 150g,Personal Care,1103.77,2024-03-11,3,1690,Tumakuru
7179,Murukku Pack,Snacks,2800.52,2023-04-28,4,2233,Hubballi
7180,Coconut Oil 1L,Groceries,599.94,2023-08-13,1,1387,Udupi
7181,Potato Chips,Snacks,3671.88,2023-05-08,7,2380,Ballari
7182,Curd 500g,Dairy,5748.21,2022-04-20,5,2318,Davanagere
7183,Ragi Flour 1kg,Groceries,11546.53,2025-05-04,6,2550,Ballari
7184,Notebook,Stationery,4297.2,2022-11-23,2,1126,Mangaluru
7185,Notebook,Stationery,9739.98,2023-12-11,5,1101,Davanagere
7186,Mobile Charger,Electronics,7525.06,2025-05-14,6,1435,Udupi
7187,Extension Board,Electronics,5506.2,2025-04-11,3,2311,Vijayapura
7188,Lassi 200ml,Beverages,8382.53,2023-06-27,8,1553,Bengaluru
7189,Printer Paper,Stationery,7913.78,2025-06-23,4,1025,Davanagere
7190,Scrub Pad,Home Care,3323.22,2022-12-23,2,1483,Kalaburagi
7191,Vermicelli 500g,Groceries,2546.14,2022-09-22,4,2550,Davanagere
7192,Air Freshener,Home Care,9875.34,2023-12-28,4,1703,Belagavi
7193,Body Lotion,Personal Care,2840.21,2022-09-18,7,1909,Shivamogga
7194,Air Freshener,Home Care,9574.56,2023-09-27,4,2142,Mysuru
7195,Notebook,Stationery,18069.57,2023-01-04,8,2862,Tumakuru
7196,Murukku Pack,Snacks,4398.22,2025-10-31,7,1506,Vijayapura
7197,Dishwash Liquid,Home Care,796.3,2023-01-03,3,1948,Udupi
7198,Sunflower Oil 1L,Groceries,7316.33,2023-12-10,3,1121,Kalaburagi
7199,Butter 100g,Dairy,369.65,2023-04-01,4,2304,Hubballi
7200,Oats 1kg,Groceries,2165.61,2024-08-25,1,2268,Udupi
7201,Marker Pen,Stationery,4107.49,2023-08-13,6,2664,Davanagere
7202,Air Freshener,Home Care,9332.44,2025-03-03,4,1144,Mangaluru
7203,Lassi 200ml,Beverages,1093.35,2022-08-18,1,2411,Vijayapura
7204,Parle-G Biscuits,Snacks,5371.33,2023-12-11,3,2228,Hubballi
7205,Oats 1kg,Groceries,12673.56,2025-09-29,6,2885,Mysuru
7206,Notebook,Stationery,5712.7,2022-07-03,3,1864,Kalaburagi
7207,Toothpaste 150g,Personal Care,1103.27,2025-12-17,3,1802,Kalaburagi
7208,Poha 1kg,Groceries,243.0,2023-07-20,2,2709,Belagavi
7209,Face Wash,Personal Care,15923.34,2023-03-18,7,1804,Belagavi
7210,Ball Pen Pack,Stationery,7319.42,2022-11-25,5,2534,Vijayapura
7211,Chocolate Bar,Snacks,4454.21,2022-11-17,2,2414,Udupi
7212,Rice 5kg,Groceries,1594.02,2022-11-04,1,1339,Davanagere
7213,Cheese Slices,Dairy,3616.48,2024-08-03,4,2042,Bengaluru
7214,File Folder,Stationery,12250.44,2023-10-17,8,2370,Davanagere
7215,Paneer 200g,Dairy,523.55,2023-03-24,1,1386,Ballari
7216,Green Tea,Beverages,2576.14,2022-03-31,4,2205,Bengaluru
7217,Groundnut Oil 1L,Groceries,1554.18,2022-10-15,7,1701,Ballari
7218,Namkeen Mix,Snacks,14141.26,2023-11-09,8,1581,Tumakuru
7219,Green Tea,Beverages,4588.8,2022-12-06,7,2133,Kalaburagi
7220,Basmati Rice 5kg,Groceries,11972.89,2023-05-10,8,1593,Belagavi
7221,Chocolate Bar,Snacks,8847.2,2025-12-28,4,1588,Tumakuru
7222,Coconut Oil 1L,Groceries,4478.67,2024-12-18,7,1584,Mysuru
7223,Vermicelli 500g,Groceries,3071.41,2023-02-16,5,1682,Mysuru
7224,Glass Cleaner,Home Care,5760.63,2023-10-05,6,2993,Mysuru
7225,Keyboard,Electronics,10752.72,2024-10-20,6,1811,Vijayapura
7226,Ice Cream Tub,Dairy,5774.66,2025-03-05,6,1740,Vijayapura
7227,Murukku Pack,Snacks,4329.21,2022-01-26,6,1086,Kalaburagi
7228,Toilet Cleaner,Home Care,6005.48,2023-10-07,4,1315,Mangaluru
7229,Oats 1kg,Groceries,16080.77,2024-11-22,7,1525,Kalaburagi
7230,Banana Chips,Snacks,2671.64,2022-11-24,2,1377,Mangaluru
7231,Poha 1kg,Groceries,279.7,2023-11-25,2,1724,Davanagere
7232,Jam 500g,Groceries,6414.51,2023-02-10,6,1929,Kalaburagi
7233,Potato Chips,Snacks,2259.81,2024-04-26,4,1093,Belagavi
7234,Tea Powder 500g,Beverages,4952.14,2024-05-29,5,1629,Hubballi
7235,Groundnut Oil 1L,Groceries,723.63,2024-08-24,3,1095,Ballari
7236,Filter Coffee 500g,Beverages,397.39,2022-11-14,4,1367,Vijayapura
7237,Corn Flakes,Groceries,6540.17,2025-06-23,3,2596,Hubballi
7238,Ghee 500ml,Groceries,780.83,2025-10-06,3,1390,Vijayapura
7239,Soft Drink 750ml,Beverages,110.69,2024-01-27,3,1068,Mysuru
7240,Laptop Sleeve,Electronics,2857.81,2022-09-30,5,2141,Belagavi
7241,Urad Dal 1kg,Groceries,4868.62,2025-10-18,8,2324,Kalaburagi
7242,Jam 500g,Groceries,5644.36,2022-04-22,6,2887,Ballari
7243,Glass Cleaner,Home Care,3966.62,2025-09-06,4,1603,Davanagere
7244,Khakhra Pack,Snacks,4478.12,2022-02-19,8,1104,Davanagere
7245,Pendrive 64GB,Electronics,6091.13,2024-03-28,3,1883,Tumakuru
7246,Energy Drink,Beverages,8282.38,2023-03-31,5,1884,Kalaburagi
7247,Rice 5kg,Groceries,7563.8,2024-04-16,5,2036,Mangaluru
7248,Coconut Oil 1L,Groceries,600.83,2023-11-18,1,2187,Mangaluru
7249,Vermicelli 500g,Groceries,3822.01,2024-09-03,7,2624,Mangaluru
7250,Energy Drink,Beverages,11322.05,2022-10-27,7,1432,Mangaluru
7251,Poha 1kg,Groceries,1119.24,2022-11-22,8,2000,Hubballi
7252,File Folder,Stationery,7368.58,2024-04-25,5,2888,Ballari
7253,Lassi 200ml,Beverages,3455.49,2022-04-23,3,2491,Kalaburagi
7254,Wireless Earphones,Electronics,7174.42,2025-10-08,8,2393,Hubballi
7255,USB Cable,Electronics,7255.77,2024-05-31,5,1853,Tumakuru
7256,Paneer 200g,Dairy,498.08,2023-09-03,1,2228,Udupi
7257,Ice Cream Tub,Dairy,1866.89,2024-02-15,2,2782,Ballari
7258,Cheese Slices,Dairy,2815.36,2025-01-29,3,1791,Udupi
7259,Mouse,Electronics,5120.79,2025-06-15,8,2981,Mangaluru
7260,Wireless Earphones,Electronics,4893.63,2023-06-06,5,2822,Bengaluru
7261,Extension Board,Electronics,10063.63,2024-05-24,6,2274,Udupi
7262,Poha 1kg,Groceries,991.61,2023-04-16,7,2367,Belagavi
7263,Wireless Earphones,Electronics,1025.9,2025-01-11,1,1467,Udupi
7264,HDMI Cable,Electronics,9649.29,2025-01-20,4,1508,Ballari
7265,Urad Dal 1kg,Groceries,1123.04,2023-01-26,2,1549,Davanagere
7266,Chocolate Bar,Snacks,4971.17,2025-08-14,2,2706,Hubballi
7267,Bluetooth Speaker,Electronics,14024.36,2023-05-23,8,2294,Vijayapura
7268,Instant Noodles,Groceries,498.81,2025-10-11,1,2796,Mangaluru
7269,Mango Juice 1L,Beverages,1847.58,2023-03-17,1,1197,Ballari
7270,Ghee 500ml,Groceries,735.34,2025-07-08,3,1314,Hubballi
7271,Honey 500g,Groceries,3201.34,2023-03-19,2,1150,Hubballi
7272,Extension Board,Electronics,13159.46,2025-11-05,7,1445,Kalaburagi
7273,Tea Powder 500g,Beverages,5617.66,2025-04-30,5,2134,Mangaluru
7274,Milk 1L,Dairy,1681.61,2023-01-11,3,1501,Mysuru
7275,Instant Noodles,Groceries,3790.44,2022-03-13,7,2708,Mysuru
7276,Toothpaste 150g,Personal Care,2484.35,2023-05-17,6,1201,Kalaburagi
7277,Deodorant,Personal Care,3494.18,2024-03-27,8,2852,Vijayapura
7278,Wheat Atta 10kg,Groceries,85.3,2025-11-14,1,1216,Kalaburagi
7279,Honey 500g,Groceries,3587.97,2024-02-10,2,2780,Shivamogga
7280,Dishwash Liquid,Home Care,848.03,2023-09-25,3,2085,Hubballi
7281,USB Cable,Electronics,5706.26,2024-11-11,4,2864,Davanagere
7282,Parle-G Biscuits,Snacks,10599.22,2023-10-03,6,1584,Udupi
7283,Bluetooth Speaker,Electronics,8478.16,2022-08-25,5,1233,Davanagere
7284,File Folder,Stationery,1524.57,2025-11-14,1,2132,Davanagere
7285,Wheat Atta 10kg,Groceries,245.24,2024-12-27,3,2982,Mangaluru
7286,Sugar 1kg,Groceries,8407.31,2025-06-30,5,1487,Kalaburagi
7287,Mouse,Electronics,630.5,2025-01-21,1,2911,Udupi
7288,Hair Oil 200ml,Personal Care,4382.39,2025-03-09,5,2314,Mysuru
7289,Shampoo 180ml,Personal Care,3225.66,2024-02-19,4,2365,Kalaburagi
7290,Wheat Atta 10kg,Groceries,79.97,2025-05-14,1,2783,Udupi
7291,Dishwash Liquid,Home Care,742.99,2022-06-05,3,2119,Hubballi
7292,Banana Chips,Snacks,8331.7,2024-07-12,6,1788,Mangaluru
7293,Ghee 500ml,Groceries,836.68,2022-03-29,3,2811,Mangaluru
7294,Curd 500g,Dairy,4697.59,2024-06-13,4,1958,Vijayapura
7295,Almonds 500g,Groceries,1016.55,2023-03-17,5,1343,Tumakuru
7296,Bluetooth Speaker,Electronics,1580.93,2022-06-20,1,1822,Davanagere
7297,Pendrive 64GB,Electronics,3893.82,2024-06-05,2,2891,Davanagere
7298,Stapler,Stationery,5882.29,2025-05-09,7,1015,Mangaluru
7299,Ragi Flour 1kg,Groceries,3416.69,2024-11-04,2,1814,Belagavi
7300,Bath Soap,Personal Care,12118.56,2022-02-02,7,1350,Mangaluru
7301,Salt 1kg,Groceries,7784.03,2025-11-05,5,2653,Shivamogga
7302,Detergent Powder 1kg,Home Care,239.16,2025-10-11,1,1025,Shivamogga
7303,Hair Oil 200ml,Personal Care,1746.54,2023-07-30,2,2597,Mysuru
7304,Groundnut Oil 1L,Groceries,1280.06,2023-10-23,6,2629,Shivamogga
7305,Rice 5kg,Groceries,8031.79,2022-12-02,5,2122,Belagavi
7306,Murukku Pack,Snacks,5398.5,2023-04-22,8,2601,Davanagere
7307,Pendrive 64GB,Electronics,10416.64,2025-06-03,5,2008,Bengaluru
7308,Rice 5kg,Groceries,7060.54,2025-08-25,4,1921,Tumakuru
7309,Wireless Earphones,Electronics,5110.99,2023-11-27,5,2913,Ballari
7310,Toilet Cleaner,Home Care,8789.69,2022-01-16,6,1173,Davanagere
7311,Mango Juice 1L,Beverages,15072.01,2025-08-06,8,2219,Davanagere
7312,Extension Board,Electronics,5542.43,2025-03-02,3,1053,Mysuru
7313,Instant Noodles,Groceries,2012.35,2024-01-10,4,1222,Mysuru
7314,Mango Juice 1L,Beverages,4300.4,2023-06-08,2,1057,Tumakuru
7315,Hair Oil 200ml,Personal Care,6024.13,2022-05-30,7,2815,Vijayapura
7316,Mineral Water 1L,Beverages,2225.79,2023-01-02,1,1621,Bengaluru
7317,Khakhra Pack,Snacks,2955.31,2025-10-13,6,1961,Kalaburagi
7318,Wireless Earphones,Electronics,8133.39,2022-07-01,8,1944,Bengaluru
7319,Laptop Sleeve,Electronics,3767.06,2023-12-22,7,2924,Davanagere
7320,Oats 1kg,Groceries,16619.98,2025-02-12,7,1831,Hubballi
7321,File Folder,Stationery,2634.31,2023-06-06,2,2699,Bengaluru
7322,Sanitary Pads,Personal Care,1757.99,2023-09-02,1,2113,Kalaburagi
7323,Milk 1L,Dairy,2267.95,2025-09-08,4,2068,Mysuru
7324,Peanut Butter,Groceries,866.66,2022-07-24,1,2543,Belagavi
7325,Vermicelli 500g,Groceries,4096.21,2025-11-24,7,1824,Davanagere
7326,Body Lotion,Personal Care,3361.13,2025-04-11,7,2763,Shivamogga
7327,Potato Chips,Snacks,2870.0,2022-03-01,5,1198,Davanagere
7328,Sugar 1kg,Groceries,5860.8,2024-07-10,3,1865,Belagavi
7329,Vermicelli 500g,Groceries,1271.5,2024-09-16,2,2782,Davanagere
7330,Salt 1kg,Groceries,5486.21,2025-09-24,3,1422,Ballari
7331,Rice 5kg,Groceries,8356.43,2023-12-18,5,2961,Hubballi
7332,Basmati Rice 5kg,Groceries,11625.79,2022-11-29,8,1902,Davanagere
7333,Phone Stand,Electronics,2923.97,2023-01-24,3,2493,Mangaluru
7334,Groundnut Oil 1L,Groceries,1452.14,2025-08-12,6,2413,Mangaluru
7335,Stapler,Stationery,4030.96,2025-02-11,5,1972,Hubballi
7336,Ghee 500ml,Groceries,2023.04,2024-07-28,8,2961,Mangaluru
7337,Eraser Pack,Stationery,2382.53,2023-11-27,4,2435,Davanagere
7338,File Folder,Stationery,1317.12,2023-06-07,1,1062,Vijayapura
7339,Extension Board,Electronics,13233.28,2023-02-05,7,2463,Vijayapura
7340,Sketch Pen Set,Stationery,524.53,2023-08-10,5,2094,Belagavi
7341,Wireless Earphones,Electronics,2978.32,2023-05-24,3,2200,Ballari
7342,Toilet Cleaner,Home Care,9509.16,2024-03-15,6,2631,Kalaburagi
7343,Almonds 500g,Groceries,681.11,2025-05-19,3,1159,Ballari
7344,Instant Noodles,Groceries,3925.52,2024-04-09,7,1341,Mangaluru
7345,Air Freshener,Home Care,9566.52,2023-04-08,4,2701,Hubballi
7346,Basmati Rice 5kg,Groceries,1579.32,2025-07-15,1,1324,Bengaluru
7347,Paneer 200g,Dairy,3537.34,2023-05-19,7,1554,Bengaluru
7348,Parle-G Biscuits,Snacks,8470.46,2022-09-30,5,1189,Shivamogga
7349,Cheese Slices,Dairy,3568.66,2025-11-12,4,1704,Mangaluru
7350,Chocolate Bar,Snacks,9186.33,2024-12-17,4,2140,Tumakuru
7351,Toothpaste 150g,Personal Care,1523.38,2024-07-29,4,1066,Belagavi
7352,Mobile Charger,Electronics,6756.12,2022-08-29,5,2516,Kalaburagi
7353,Basmati Rice 5kg,Groceries,5541.22,2023-08-18,4,2913,Mangaluru
7354,Milk 1L,Dairy,1035.67,2023-11-27,2,1544,Vijayapura
7355,Power Bank 10000mAh,Electronics,13362.94,2023-11-12,5,1980,Kalaburagi
7356,Notebook,Stationery,6561.38,2022-06-15,3,2294,Ballari
7357,Stapler,Stationery,3754.56,2025-07-04,5,2574,Belagavi
7358,Energy Drink,Beverages,6393.24,2024-01-22,4,1153,Mangaluru
7359,Eraser Pack,Stationery,1168.03,2024-04-15,2,1560,Davanagere
7360,Torch Light,Electronics,4763.89,2025-09-14,3,1794,Belagavi
7361,Shampoo 180ml,Personal Care,6459.34,2024-06-22,8,2492,Hubballi
7362,Poha 1kg,Groceries,550.79,2025-06-27,4,2267,Ballari
7363,Bluetooth Speaker,Electronics,10852.64,2025-03-13,6,2663,Mysuru
7364,Ghee 500ml,Groceries,1158.53,2022-05-06,4,1952,Shivamogga
7365,Good Day Biscuits,Snacks,6677.02,2025-08-26,5,1155,Ballari
7366,Floor Cleaner 1L,Home Care,10566.74,2025-03-10,5,1364,Kalaburagi
7367,LED Bulb 9W,Electronics,1956.83,2024-08-11,1,2665,Ballari
7368,Bath Soap,Personal Care,8449.2,2023-02-07,5,1157,Bengaluru
7369,Pendrive 64GB,Electronics,3916.93,2024-04-08,2,1615,Hubballi
7370,Scrub Pad,Home Care,12239.92,2023-09-24,7,1422,Udupi
7371,Sunflower Oil 1L,Groceries,4841.12,2025-07-18,2,1852,Bengaluru
7372,Namkeen Mix,Snacks,11928.38,2025-04-24,7,1798,Mysuru
7373,Urad Dal 1kg,Groceries,4263.04,2025-05-03,7,2284,Tumakuru
7374,Extension Board,Electronics,15847.32,2025-05-28,8,1210,Mangaluru
7375,Tea Powder 500g,Beverages,8697.69,2025-12-04,8,2288,Bengaluru
7376,Ice Cream Tub,Dairy,5003.75,2022-06-08,6,2740,Belagavi
7377,Body Lotion,Personal Care,862.17,2022-01-19,2,1210,Mysuru
7378,Bath Soap,Personal Care,9462.18,2023-01-27,6,1167,Tumakuru
7379,Salt 1kg,Groceries,1837.39,2022-04-18,1,1384,Davanagere
7380,Bath Soap,Personal Care,12968.84,2024-11-13,7,2971,Hubballi
7381,Sticky Notes,Stationery,1858.78,2022-12-20,3,1124,Ballari
7382,Cheese Slices,Dairy,1787.65,2025-12-08,2,2264,Ballari
7383,Ball Pen Pack,Stationery,4542.38,2024-08-04,3,2267,Tumakuru
7384,Energy Drink,Beverages,12785.42,2023-06-20,8,1336,Bengaluru
7385,Groundnut Oil 1L,Groceries,451.04,2023-07-24,2,2717,Belagavi
7386,Banana Chips,Snacks,7247.29,2025-08-07,5,1975,Hubballi
7387,Smart Watch,Electronics,3990.75,2024-12-28,3,2879,Tumakuru
7388,Tea Powder 500g,Beverages,6499.08,2022-12-14,6,2063,Udupi
7389,Poha 1kg,Groceries,662.45,2023-10-25,5,2352,Davanagere
7390,Hand Wash,Personal Care,6606.72,2024-09-30,4,2439,Vijayapura
7391,Pendrive 64GB,Electronics,6448.61,2022-02-28,3,1697,Shivamogga
7392,Bluetooth Speaker,Electronics,13948.26,2025-09-13,8,2681,Vijayapura
7393,Torch Light,Electronics,5749.68,2024-06-08,4,1033,Davanagere
7394,Basmati Rice 5kg,Groceries,2636.73,2025-04-16,2,1448,Vijayapura
7395,Wireless Earphones,Electronics,1847.15,2023-07-29,2,2674,Hubballi
7396,Oats 1kg,Groceries,2401.87,2023-11-30,1,2993,Tumakuru
7397,Urad Dal 1kg,Groceries,1731.26,2025-02-03,3,2296,Tumakuru
7398,Eraser Pack,Stationery,4355.63,2022-01-31,7,2751,Vijayapura
7399,Chocolate Bar,Snacks,9104.0,2025-10-17,4,1959,Tumakuru
7400,Toor Dal 1kg,Groceries,5421.84,2022-06-17,8,2633,Mangaluru
7401,Curd 500g,Dairy,1168.52,2023-08-19,1,1266,Tumakuru
7402,Bath Soap,Personal Care,5127.74,2025-09-04,3,1586,Mysuru
7403,Sketch Pen Set,Stationery,107.11,2022-09-25,1,2751,Belagavi
7404,Almonds 500g,Groceries,993.73,2023-12-16,5,2611,Vijayapura
7405,Sticky Notes,Stationery,2590.58,2024-02-04,4,1493,Shivamogga
7406,Mango Juice 1L,Beverages,10376.57,2024-08-21,5,2583,Davanagere
7407,Jam 500g,Groceries,5452.05,2024-07-04,6,2481,Tumakuru
7408,Ghee 500ml,Groceries,1609.49,2023-04-03,6,1996,Belagavi
7409,Corn Flakes,Groceries,14794.14,2022-11-13,6,1677,Mysuru
7410,Bath Soap,Personal Care,5719.87,2025-02-02,3,2699,Belagavi
7411,Chocolate Bar,Snacks,19841.96,2025-08-04,8,1106,Mysuru
7412,Phone Stand,Electronics,8577.91,2022-12-14,8,2746,Mangaluru
7413,Scrub Pad,Home Care,4938.44,2025-02-26,3,2405,Tumakuru
7414,Poha 1kg,Groceries,377.59,2025-07-02,3,1814,Davanagere
7415,USB Cable,Electronics,1253.26,2023-04-04,1,2362,Ballari
7416,Cashew 500g,Groceries,3347.63,2022-01-02,5,1121,Ballari
7417,Power Bank 10000mAh,Electronics,4713.35,2022-06-18,2,2928,Mangaluru
7418,Notebook,Stationery,6124.65,2023-10-18,3,1963,Shivamogga
7419,Floor Cleaner 1L,Home Care,11633.84,2023-02-18,6,2384,Vijayapura
7420,Scrub Pad,Home Care,11712.64,2023-11-15,7,1330,Vijayapura
7421,Notebook,Stationery,13289.07,2022-09-25,7,2481,Tumakuru
7422,Bath Soap,Personal Care,1671.22,2024-11-12,1,1726,Mangaluru
7423,Toor Dal 1kg,Groceries,5200.12,2023-02-23,7,1540,Tumakuru
7424,Filter Coffee 500g,Beverages,188.82,2024-10-17,2,2077,Davanagere
7425,Face Wash,Personal Care,17787.27,2023-01-03,8,2333,Tumakuru
7426,Almonds 500g,Groceries,899.24,2025-11-17,4,2040,Bengaluru
7427,Notebook,Stationery,4329.88,2025-06-09,2,1136,Davanagere
7428,Milk 1L,Dairy,3579.98,2023-05-18,7,1415,Udupi
7429,Toilet Cleaner,Home Care,1518.64,2024-02-05,1,1598,Belagavi
7430,Curd 500g,Dairy,6047.83,2025-08-29,5,2648,Tumakuru
7431,Sunflower Oil 1L,Groceries,6934.91,2025-07-15,3,2239,Hubballi
7432,Curd 500g,Dairy,5063.81,2025-02-07,4,2107,Bengaluru
7433,Mango Juice 1L,Beverages,3658.54,2023-05-08,2,2905,Tumakuru
7434,Smart Watch,Electronics,9806.07,2024-07-26,7,2604,Davanagere
7435,Deodorant,Personal Care,1821.15,2023-12-02,4,2568,Davanagere
7436,Energy Drink,Beverages,7754.33,2023-09-04,5,1678,Vijayapura
7437,Groundnut Oil 1L,Groceries,895.35,2024-10-29,4,1227,Vijayapura
7438,Vermicelli 500g,Groceries,2751.59,2022-08-16,5,1221,Bengaluru
7439,Banana Chips,Snacks,10627.37,2025-03-21,7,1646,Shivamogga
7440,Detergent Powder 1kg,Home Care,1064.56,2025-01-05,4,2267,Udupi
7441,Banana Chips,Snacks,6152.05,2023-01-22,4,2337,Mysuru
7442,Detergent Powder 1kg,Home Care,1553.68,2022-05-24,6,1638,Kalaburagi
7443,Mouse,Electronics,3412.77,2022-02-28,6,1952,Bengaluru
7444,Mixture Snack,Snacks,13483.28,2024-06-04,7,1284,Tumakuru
7445,Wheat Atta 10kg,Groceries,567.32,2022-08-06,7,1656,Kalaburagi
7446,Good Day Biscuits,Snacks,6590.79,2024-11-04,5,1978,Tumakuru
7447,Mango Juice 1L,Beverages,4386.09,2024-05-10,2,2965,Belagavi
7448,Corn Flakes,Groceries,9876.61,2023-06-07,4,2354,Mangaluru
7449,Deodorant,Personal Care,3231.31,2022-12-23,8,2195,Belagavi
7450,Sunflower Oil 1L,Groceries,15837.02,2024-09-05,7,2881,Mangaluru
7451,Almonds 500g,Groceries,675.43,2022-11-19,3,1469,Udupi
7452,Ghee 500ml,Groceries,1071.96,2022-08-17,4,1330,Shivamogga
7453,Marker Pen,Stationery,2067.19,2024-12-22,3,2570,Ballari
7454,Lassi 200ml,Beverages,2358.39,2025-04-22,2,2954,Belagavi
7455,Lassi 200ml,Beverages,7575.35,2024-02-26,6,2390,Udupi
7456,Vermicelli 500g,Groceries,1228.7,2025-12-05,2,2196,Belagavi
7457,Ragi Flour 1kg,Groceries,12759.37,2023-08-24,7,1612,Tumakuru
7458,USB Cable,Electronics,7523.06,2025-04-11,6,1013,Bengaluru
7459,Power Bank 10000mAh,Electronics,5322.7,2022-12-14,2,1621,Mangaluru
7460,Sketch Pen Set,Stationery,696.64,2024-01-19,7,1677,Belagavi
7461,Bluetooth Speaker,Electronics,1816.6,2024-10-25,1,2205,Davanagere
7462,Smart Watch,Electronics,8852.19,2022-09-13,6,2830,Kalaburagi
7463,Printer Paper,Stationery,14952.53,2022-03-31,7,2534,Vijayapura
7464,Toilet Cleaner,Home Care,10599.64,2025-08-07,7,2952,Shivamogga
7465,Salt 1kg,Groceries,5509.93,2025-11-29,3,1058,Bengaluru
7466,Basmati Rice 5kg,Groceries,2881.26,2025-12-27,2,1067,Kalaburagi
7467,Bluetooth Speaker,Electronics,6555.07,2024-05-17,4,1088,Kalaburagi
7468,Extension Board,Electronics,3596.23,2023-03-30,2,2360,Belagavi
7469,Wheat Atta 10kg,Groceries,667.71,2022-09-19,8,2643,Kalaburagi
7470,Curd 500g,Dairy,9599.69,2023-12-18,7,1986,Shivamogga
7471,Shampoo 180ml,Personal Care,6696.76,2025-08-19,8,1367,Udupi
7472,Pendrive 64GB,Electronics,9064.38,2025-02-24,4,2546,Tumakuru
7473,Smart Watch,Electronics,9114.38,2023-12-29,6,2393,Bengaluru
7474,Namkeen Mix,Snacks,11437.9,2024-11-06,7,1144,Shivamogga
7475,Coconut Oil 1L,Groceries,4405.65,2023-10-28,8,1748,Tumakuru
7476,Chocolate Bar,Snacks,5022.81,2024-04-29,2,2147,Vijayapura
7477,Printer Paper,Stationery,2185.36,2024-05-11,1,2914,Udupi
7478,LED Bulb 9W,Electronics,13446.67,2025-08-02,7,1029,Shivamogga
7479,Oats 1kg,Groceries,12669.68,2025-11-25,6,1847,Mysuru
7480,Filter Coffee 500g,Beverages,353.59,2023-11-16,4,1851,Hubballi
7481,Toothpaste 150g,Personal Care,1158.56,2024-01-31,3,2907,Mysuru
7482,Keyboard,Electronics,5685.5,2025-05-28,3,1828,Mysuru
7483,Jam 500g,Groceries,2752.13,2022-10-25,3,2314,Udupi
7484,Namkeen Mix,Snacks,13916.95,2023-10-01,8,2143,Udupi
7485,Ice Cream Tub,Dairy,7477.32,2024-12-12,8,1987,Vijayapura
7486,Pendrive 64GB,Electronics,15479.54,2022-06-24,7,2171,Tumakuru
7487,Floor Cleaner 1L,Home Care,2057.08,2024-10-10,1,2285,Bengaluru
7488,Power Bank 10000mAh,Electronics,9516.62,2023-01-11,4,1370,Shivamogga
7489,Oats 1kg,Groceries,4318.31,2022-09-30,2,1482,Bengaluru
7490,Good Day Biscuits,Snacks,4100.1,2024-04-10,3,2201,Udupi
7491,Wheat Atta 10kg,Groceries,163.66,2023-02-22,2,2993,Mysuru
7492,Lassi 200ml,Beverages,2348.63,2024-10-25,2,2766,Tumakuru
7493,Extension Board,Electronics,16090.49,2025-08-27,8,1035,Ballari
7494,Ghee 500ml,Groceries,1534.02,2024-03-06,6,1010,Tumakuru
7495,Soft Drink 750ml,Beverages,101.7,2024-04-26,3,1387,Shivamogga
7496,Chocolate Bar,Snacks,17641.42,2023-12-24,8,2005,Davanagere
7497,Green Tea,Beverages,5085.1,2023-08-16,7,1341,Vijayapura
7498,Mouse,Electronics,3116.84,2022-01-04,5,2637,Belagavi
7499,Wheat Atta 10kg,Groceries,77.39,2022-11-23,1,1961,Hubballi
7500,Toor Dal 1kg,Groceries,2950.04,2023-09-24,4,2571,Ballari
7501,Shampoo 180ml,Personal Care,6640.5,2025-11-23,8,1781,Hubballi
7502,Poha 1kg,Groceries,415.63,2023-04-15,3,2612,Shivamogga
7503,Murukku Pack,Snacks,1259.41,2024-11-20,2,2415,Mangaluru
7504,Wheat Atta 10kg,Groceries,350.09,2025-01-11,4,1007,Kalaburagi
7505,Namkeen Mix,Snacks,9773.67,2024-04-25,6,2980,Mangaluru
7506,Phone Stand,Electronics,2046.15,2023-02-14,2,2882,Kalaburagi
7507,Laptop Sleeve,Electronics,1175.25,2022-07-12,2,2344,Mangaluru
7508,Pendrive 64GB,Electronics,4192.37,2025-05-19,2,1062,Hubballi
7509,Sticky Notes,Stationery,4629.65,2024-03-16,7,1469,Tumakuru
7510,HDMI Cable,Electronics,11188.43,2024-11-04,5,1151,Kalaburagi
7511,Extension Board,Electronics,5394.94,2023-10-31,3,2191,Ballari
7512,Mobile Charger,Electronics,7517.88,2023-02-16,6,2401,Davanagere
7513,Buttermilk 200ml,Beverages,706.29,2025-09-29,1,2360,Vijayapura
7514,Mobile Charger,Electronics,1481.46,2024-10-01,1,1740,Hubballi
7515,Almonds 500g,Groceries,900.51,2022-08-09,4,2352,Hubballi
7516,Soft Drink 750ml,Beverages,189.26,2022-09-16,5,2732,Udupi
7517,Sanitary Pads,Personal Care,10781.92,2022-07-20,6,2193,Kalaburagi
7518,Cashew 500g,Groceries,783.9,2023-05-27,1,1112,Shivamogga
7519,Khakhra Pack,Snacks,4364.51,2024-07-23,8,2618,Mysuru
7520,Potato Chips,Snacks,3831.77,2023-08-05,7,2740,Vijayapura
7521,Ball Pen Pack,Stationery,3108.17,2022-11-24,2,2638,Udupi
7522,Mineral Water 1L,Beverages,9166.38,2022-12-13,4,2863,Bengaluru
7523,Filter Coffee 500g,Beverages,520.67,2025-04-17,6,1957,Davanagere
7524,Bluetooth Speaker,Electronics,11467.52,2022-07-02,7,1504,Tumakuru
7525,Milk 1L,Dairy,4216.63,2024-06-21,7,1848,Shivamogga
7526,Banana Chips,Snacks,4851.94,2025-12-11,3,2939,Tumakuru
7527,Paneer 200g,Dairy,3175.11,2025-12-21,6,2903,Vijayapura
7528,Laptop Sleeve,Electronics,607.83,2022-09-26,1,2153,Belagavi
7529,Corn Flakes,Groceries,11981.72,2023-08-31,5,1389,Kalaburagi
7530,USB Cable,Electronics,8031.1,2024-04-18,6,2769,Tumakuru
7531,Filter Coffee 500g,Beverages,407.04,2025-01-02,4,2730,Tumakuru
7532,Cashew 500g,Groceries,3998.04,2022-03-11,6,2449,Vijayapura
7533,Curd 500g,Dairy,7783.82,2024-03-30,6,2526,Davanagere
7534,Keyboard,Electronics,7220.47,2023-03-03,4,2156,Udupi
7535,HDMI Cable,Electronics,14717.77,2025-04-25,6,2550,Hubballi
7536,Ice Cream Tub,Dairy,1003.14,2025-04-01,1,2598,Belagavi
7537,Curd 500g,Dairy,3924.59,2022-03-04,3,1851,Tumakuru
7538,Paneer 200g,Dairy,3184.23,2024-04-19,6,1071,Udupi
7539,Sketch Pen Set,Stationery,802.44,2024-06-16,8,1279,Bengaluru
7540,Laptop Sleeve,Electronics,1532.42,2023-04-03,3,2898,Kalaburagi
7541,Dishwash Liquid,Home Care,565.82,2022-11-20,2,1024,Vijayapura
7542,Eraser Pack,Stationery,4329.53,2024-09-03,7,1878,Hubballi
7543,Body Lotion,Personal Care,1451.72,2023-02-13,3,2325,Davanagere
7544,Floor Cleaner 1L,Home Care,11191.05,2024-10-27,5,1459,Tumakuru
7545,Ghee 500ml,Groceries,1886.93,2024-07-31,7,2312,Mysuru
7546,Honey 500g,Groceries,1595.3,2025-09-12,1,2756,Shivamogga
7547,Smart Watch,Electronics,7481.21,2023-02-01,5,2207,Tumakuru
7548,Smart Watch,Electronics,10165.08,2023-06-18,8,1801,Davanagere
7549,Hair Oil 200ml,Personal Care,3129.0,2023-05-30,4,2487,Vijayapura
7550,Rice 5kg,Groceries,9192.54,2024-05-21,6,2832,Ballari
7551,HDMI Cable,Electronics,18858.01,2023-05-09,8,2472,Kalaburagi
7552,Sunflower Oil 1L,Groceries,13442.5,2024-10-26,6,1879,Ballari
7553,Good Day Biscuits,Snacks,1467.41,2023-11-08,1,1435,Mysuru
7554,Banana Chips,Snacks,4375.19,2024-05-09,3,1262,Shivamogga
7555,Wireless Earphones,Electronics,8095.63,2022-04-10,8,2406,Bengaluru
7556,Oats 1kg,Groceries,13201.61,2023-09-19,6,1029,Mysuru
7557,Ball Pen Pack,Stationery,10055.5,2023-10-09,7,2246,Davanagere
7558,Wheat Atta 10kg,Groceries,74.25,2025-04-02,1,2376,Bengaluru
7559,Sugar 1kg,Groceries,13913.77,2024-11-03,8,2922,Shivamogga
7560,USB Cable,Electronics,9337.51,2025-12-23,7,1475,Kalaburagi
7561,Basmati Rice 5kg,Groceries,11110.7,2024-04-03,8,2543,Vijayapura
7562,Toilet Cleaner,Home Care,1533.77,2023-07-20,1,1215,Hubballi
7563,Paneer 200g,Dairy,3353.54,2024-02-14,6,2020,Mysuru
7564,Sketch Pen Set,Stationery,370.03,2023-02-16,4,2965,Bengaluru
7565,Almonds 500g,Groceries,1007.88,2025-09-14,5,2110,Kalaburagi
7566,USB Cable,Electronics,3934.92,2022-05-19,3,1213,Mysuru
7567,Honey 500g,Groceries,1545.55,2023-12-25,1,2232,Belagavi
7568,Wheat Atta 10kg,Groceries,382.76,2025-03-28,5,1579,Mysuru
7569,Toothpaste 150g,Personal Care,2465.04,2025-06-26,6,2280,Udupi
7570,Jam 500g,Groceries,1046.96,2023-04-13,1,2558,Mangaluru
7571,Extension Board,Electronics,15162.99,2024-08-16,8,1798,Tumakuru
7572,Sugar 1kg,Groceries,13781.81,2024-12-08,7,2183,Shivamogga
7573,Filter Coffee 500g,Beverages,396.72,2023-09-27,4,1035,Kalaburagi
7574,Dishwash Liquid,Home Care,2099.72,2024-12-29,8,1945,Belagavi
7575,Ball Pen Pack,Stationery,5620.69,2022-07-24,4,2046,Hubballi
7576,Murukku Pack,Snacks,2543.46,2025-03-10,4,2361,Hubballi
7577,Sticky Notes,Stationery,5593.78,2023-01-05,8,1789,Tumakuru
7578,Extension Board,Electronics,5903.58,2024-08-24,3,1251,Shivamogga
7579,Basmati Rice 5kg,Groceries,2933.24,2022-08-29,2,1456,Hubballi
7580,Paneer 200g,Dairy,1090.42,2024-11-09,2,1850,Bengaluru
7581,Cashew 500g,Groceries,6290.0,2024-04-11,8,2725,Davanagere
7582,Bluetooth Speaker,Electronics,3499.53,2025-12-13,2,2603,Kalaburagi
7583,Corn Flakes,Groceries,7447.76,2023-04-12,3,1121,Mangaluru
7584,Sketch Pen Set,Stationery,768.13,2024-06-15,8,1553,Bengaluru
7585,Coconut Oil 1L,Groceries,1698.14,2022-01-27,3,1429,Tumakuru
7586,Wheat Atta 10kg,Groceries,567.08,2024-12-21,7,1988,Mysuru
7587,Mineral Water 1L,Beverages,6543.39,2025-05-07,3,1967,Kalaburagi
7588,Shampoo 180ml,Personal Care,5833.45,2024-08-11,7,1132,Hubballi
7589,Khakhra Pack,Snacks,2739.01,2024-04-28,5,1977,Belagavi
7590,Ghee 500ml,Groceries,561.99,2023-09-26,2,1648,Hubballi
7591,Sanitary Pads,Personal Care,11551.89,2023-12-29,6,1909,Udupi
7592,Printer Paper,Stationery,11168.93,2024-11-27,5,2090,Mangaluru
7593,Poha 1kg,Groceries,418.58,2025-09-02,3,2728,Vijayapura
7594,Peanut Butter,Groceries,833.57,2024-12-02,1,1749,Mysuru
7595,Paneer 200g,Dairy,988.2,2024-06-05,2,1976,Hubballi
7596,Toilet Cleaner,Home Care,8328.86,2024-07-30,6,1877,Belagavi
7597,Chocolate Bar,Snacks,20591.98,2025-08-22,8,1755,Bengaluru
7598,Phone Stand,Electronics,7428.53,2024-12-25,7,1019,Vijayapura
7599,Marker Pen,Stationery,2738.19,2023-03-06,4,1139,Vijayapura
7600,Floor Cleaner 1L,Home Care,10468.74,2025-12-09,5,1124,Mangaluru
7601,Smart Watch,Electronics,8422.82,2024-05-27,6,1106,Hubballi
7602,File Folder,Stationery,7409.13,2023-12-06,5,1772,Hubballi
7603,LED Bulb 9W,Electronics,8535.41,2025-03-29,4,1309,Hubballi
7604,Printer Paper,Stationery,12006.22,2023-10-20,6,1926,Bengaluru
7605,Cashew 500g,Groceries,1421.3,2023-11-22,2,2480,Davanagere
7606,Sketch Pen Set,Stationery,293.0,2025-01-01,3,2114,Bengaluru
7607,Sticky Notes,Stationery,2849.79,2023-07-06,4,2387,Udupi
7608,Mixture Snack,Snacks,14884.85,2022-08-14,8,2363,Ballari
7609,Laptop Sleeve,Electronics,4162.89,2025-11-10,7,2048,Kalaburagi
7610,Energy Drink,Beverages,13943.41,2023-05-29,8,1986,Tumakuru
7611,Toothpaste 150g,Personal Care,1665.38,2022-02-20,4,1429,Kalaburagi
7612,Corn Flakes,Groceries,14579.15,2023-07-26,6,1962,Ballari
7613,Body Lotion,Personal Care,1310.12,2022-07-16,3,2169,Hubballi
7614,Good Day Biscuits,Snacks,3850.09,2025-03-17,3,2949,Belagavi
7615,Curd 500g,Dairy,4150.76,2025-12-08,3,1457,Mangaluru
7616,Keyboard,Electronics,2087.22,2024-03-13,1,1380,Shivamogga
7617,LED Bulb 9W,Electronics,10851.45,2022-07-14,5,2867,Ballari
7618,Ghee 500ml,Groceries,1309.59,2023-07-24,5,1132,Ballari
7619,Buttermilk 200ml,Beverages,1956.9,2024-12-21,3,2819,Hubballi
7620,Milk 1L,Dairy,2960.55,2022-04-15,5,2824,Hubballi
7621,Almonds 500g,Groceries,1441.17,2023-02-20,7,2853,Mangaluru
7622,Pendrive 64GB,Electronics,6243.56,2023-01-26,3,1669,Kalaburagi
7623,Printer Paper,Stationery,2074.35,2024-07-03,1,2187,Ballari
7624,Energy Drink,Beverages,9469.85,2024-05-23,6,2697,Ballari
7625,Honey 500g,Groceries,11873.76,2022-07-09,7,1399,Mangaluru
7626,Ghee 500ml,Groceries,271.81,2022-12-20,1,2742,Ballari
7627,Murukku Pack,Snacks,3999.24,2025-07-04,6,1431,Belagavi
7628,Body Lotion,Personal Care,2831.29,2025-10-24,7,2073,Ballari
7629,Shampoo 180ml,Personal Care,3123.77,2022-12-15,4,2743,Shivamogga
7630,Marker Pen,Stationery,5118.61,2025-05-09,8,2621,Kalaburagi
7631,Sticky Notes,Stationery,3287.52,2025-09-22,5,1438,Tumakuru
7632,Detergent Powder 1kg,Home Care,489.68,2023-05-15,2,1034,Ballari
7633,Ball Pen Pack,Stationery,9880.87,2024-08-18,7,1323,Udupi
7634,Cheese Slices,Dairy,2822.11,2022-01-30,3,1483,Hubballi
7635,Khakhra Pack,Snacks,2756.53,2024-11-21,5,2691,Belagavi
7636,Laptop Sleeve,Electronics,4314.02,2022-06-15,8,2294,Mysuru
7637,Hand Wash,Personal Care,5821.49,2025-08-28,4,2449,Hubballi
7638,Sugar 1kg,Groceries,8039.86,2022-05-06,4,2461,Udupi
7639,Butter 100g,Dairy,590.1,2024-02-08,7,1884,Mangaluru
7640,Mixture Snack,Snacks,9858.86,2023-10-14,5,1627,Mysuru
7641,Ball Pen Pack,Stationery,1564.32,2023-11-10,1,1930,Vijayapura
7642,Energy Drink,Beverages,4466.54,2025-03-23,3,1721,Mysuru
7643,Paneer 200g,Dairy,514.3,2024-12-15,1,1875,Mysuru
7644,Sugar 1kg,Groceries,13522.59,2024-04-29,7,2531,Bengaluru
7645,Phone Stand,Electronics,946.37,2024-03-08,1,2825,Bengaluru
7646,Ball Pen Pack,Stationery,11075.78,2025-07-28,7,1213,Davanagere
7647,Power Bank 10000mAh,Electronics,13721.8,2025-07-22,6,2279,Mysuru
7648,Energy Drink,Beverages,5174.12,2023-07-23,3,1149,Bengaluru
7649,Chocolate Bar,Snacks,16815.18,2025-01-22,7,2115,Belagavi
7650,Ragi Flour 1kg,Groceries,15195.28,2023-03-29,8,2738,Mangaluru
7651,Filter Coffee 500g,Beverages,637.47,2022-12-30,7,2867,Kalaburagi
7652,Mobile Charger,Electronics,4497.98,2024-12-10,3,2172,Hubballi
7653,Almonds 500g,Groceries,1142.24,2022-01-29,5,1944,Mysuru
7654,Tea Powder 500g,Beverages,1106.26,2022-12-18,1,2263,Ballari
7655,Green Tea,Beverages,662.4,2025-09-16,1,2350,Bengaluru
7656,Almonds 500g,Groceries,232.72,2024-06-07,1,1911,Mysuru
7657,USB Cable,Electronics,7668.2,2023-04-01,6,2346,Hubballi
7658,Good Day Biscuits,Snacks,11550.81,2023-06-06,8,1933,Vijayapura
7659,Ragi Flour 1kg,Groceries,10085.43,2022-05-16,6,1350,Vijayapura
7660,Instant Noodles,Groceries,1562.15,2025-03-31,3,1365,Mangaluru
7661,Rice 5kg,Groceries,4824.71,2025-10-07,3,2845,Ballari
7662,Filter Coffee 500g,Beverages,595.64,2023-01-06,6,1098,Ballari
7663,Jam 500g,Groceries,5572.94,2024-06-21,6,2788,Tumakuru
7664,Instant Noodles,Groceries,501.98,2022-11-20,1,1855,Vijayapura
7665,Hand Wash,Personal Care,4439.62,2022-04-04,3,2743,Shivamogga
7666,Groundnut Oil 1L,Groceries,1974.1,2025-12-30,8,1279,Belagavi
7667,Mineral Water 1L,Beverages,4330.59,2025-05-15,2,1605,Hubballi
7668,Sunflower Oil 1L,Groceries,9499.02,2025-11-10,4,2537,Mangaluru
7669,Ghee 500ml,Groceries,283.56,2022-12-11,1,1997,Belagavi
7670,Mineral Water 1L,Beverages,17022.67,2023-05-06,7,2150,Hubballi
7671,Pendrive 64GB,Electronics,10120.2,2025-10-22,5,2720,Hubballi
7672,Scrub Pad,Home Care,10923.64,2023-03-08,7,2221,Vijayapura
7673,Jam 500g,Groceries,4659.81,2025-02-25,5,2552,Shivamogga
7674,Sketch Pen Set,Stationery,93.46,2022-02-23,1,2071,Tumakuru
7675,Sticky Notes,Stationery,3573.67,2023-08-12,5,2140,Tumakuru
7676,HDMI Cable,Electronics,9578.58,2025-04-24,4,2329,Bengaluru
7677,Keyboard,Electronics,12395.22,2023-11-13,6,2996,Bengaluru
7678,Wireless Earphones,Electronics,7916.82,2023-11-17,8,2198,Bengaluru
7679,Ragi Flour 1kg,Groceries,3575.04,2023-03-09,2,1956,Davanagere
7680,Bath Soap,Personal Care,3194.08,2022-04-17,2,1990,Belagavi
7681,Notebook,Stationery,10323.37,2025-11-15,5,1475,Vijayapura
7682,Paneer 200g,Dairy,1020.42,2024-09-19,2,2925,Belagavi
7683,Wheat Atta 10kg,Groceries,77.11,2023-06-09,1,1731,Tumakuru
7684,Sketch Pen Set,Stationery,539.42,2024-12-21,5,1812,Shivamogga
7685,Smart Watch,Electronics,5581.27,2023-07-24,4,2227,Tumakuru
7686,Khakhra Pack,Snacks,4113.69,2024-06-25,7,1277,Hubballi
7687,Cheese Slices,Dairy,6867.89,2023-08-22,7,2744,Davanagere
7688,Power Bank 10000mAh,Electronics,4524.03,2025-02-17,2,1217,Ballari
7689,Rice 5kg,Groceries,6341.36,2025-05-01,4,1432,Ballari
7690,Sticky Notes,Stationery,1956.61,2022-09-29,3,2619,Ballari
7691,Honey 500g,Groceries,7412.52,2023-03-19,5,2190,Hubballi
7692,Ghee 500ml,Groceries,530.37,2022-10-08,2,1811,Vijayapura
7693,Vermicelli 500g,Groceries,5125.58,2024-02-04,8,1272,Udupi
7694,Hand Wash,Personal Care,10844.42,2025-02-18,7,2916,Bengaluru
7695,Dishwash Liquid,Home Care,512.17,2024-03-30,2,1963,Ballari
7696,Tea Powder 500g,Beverages,8215.48,2023-06-20,8,2709,Kalaburagi
7697,Instant Noodles,Groceries,1031.83,2023-05-15,2,1999,Tumakuru
7698,Wireless Earphones,Electronics,2939.48,2024-11-21,3,1472,Vijayapura
7699,Floor Cleaner 1L,Home Care,1998.38,2025-07-02,1,2563,Shivamogga
7700,LED Bulb 9W,Electronics,11246.16,2025-11-30,6,2808,Tumakuru
7701,Salt 1kg,Groceries,9553.87,2025-05-13,6,2651,Ballari
7702,Glass Cleaner,Home Care,3682.96,2022-03-03,4,1191,Mysuru
7703,USB Cable,Electronics,11523.98,2023-09-16,8,1933,Shivamogga
7704,Wireless Earphones,Electronics,7212.57,2025-09-01,8,1921,Davanagere
7705,Sugar 1kg,Groceries,9713.9,2025-06-15,5,1082,Vijayapura
7706,Chocolate Bar,Snacks,18870.69,2025-05-20,8,1635,Shivamogga
7707,Ice Cream Tub,Dairy,5631.87,2024-07-12,6,1478,Vijayapura
7708,Ice Cream Tub,Dairy,1953.06,2022-03-06,2,2359,Hubballi
7709,USB Cable,Electronics,1307.5,2023-02-26,1,2861,Tumakuru
7710,Marker Pen,Stationery,1483.6,2024-11-28,2,2773,Udupi
7711,Toor Dal 1kg,Groceries,3728.24,2025-12-16,5,2382,Davanagere
7712,Ragi Flour 1kg,Groceries,12680.42,2023-07-24,7,2824,Hubballi
7713,Sugar 1kg,Groceries,15821.82,2022-11-27,8,2649,Mysuru
7714,Pendrive 64GB,Electronics,17428.32,2022-05-20,8,2388,Udupi
7715,Namkeen Mix,Snacks,3180.85,2024-11-02,2,1948,Mangaluru
7716,Toilet Cleaner,Home Care,10083.8,2022-05-24,7,1244,Bengaluru
7717,Power Bank 10000mAh,Electronics,14423.77,2025-02-12,6,2879,Udupi
7718,Chocolate Bar,Snacks,20366.53,2022-08-15,8,2927,Mangaluru
7719,Ice Cream Tub,Dairy,5891.83,2025-11-22,6,1328,Ballari
7720,Tea Powder 500g,Beverages,3417.3,2025-04-16,3,2721,Mysuru
7721,Bath Soap,Personal Care,14734.49,2025-07-01,8,2314,Ballari
7722,Keyboard,Electronics,12627.76,2022-12-04,6,1529,Vijayapura
7723,Honey 500g,Groceries,3372.94,2024-04-08,2,1053,Kalaburagi
7724,Sketch Pen Set,Stationery,458.2,2025-11-25,5,1713,Kalaburagi
7725,Corn Flakes,Groceries,15213.7,2023-01-31,6,1953,Udupi
7726,Toilet Cleaner,Home Care,1579.8,2023-07-24,1,1440,Davanagere
7727,Chocolate Bar,Snacks,8666.82,2023-10-20,4,1755,Vijayapura
7728,Khakhra Pack,Snacks,3903.8,2022-09-10,8,1892,Vijayapura
7729,USB Cable,Electronics,6813.28,2022-07-15,5,1555,Udupi
7730,Basmati Rice 5kg,Groceries,1308.03,2023-07-11,1,1075,Davanagere
7731,Green Tea,Beverages,4513.86,2023-05-04,7,2586,Mysuru
7732,Sunflower Oil 1L,Groceries,15041.74,2022-03-24,7,1911,Vijayapura
7733,Smart Watch,Electronics,4274.61,2024-12-09,3,2517,Mangaluru
7734,Shampoo 180ml,Personal Care,5441.19,2023-09-18,6,1316,Davanagere
7735,Detergent Powder 1kg,Home Care,1189.7,2025-04-20,5,2457,Davanagere
7736,Peanut Butter,Groceries,2591.44,2024-02-07,3,1236,Kalaburagi
7737,Mineral Water 1L,Beverages,18998.95,2024-04-21,8,1836,Kalaburagi
7738,Poha 1kg,Groceries,660.9,2024-01-21,5,2042,Davanagere
7739,Corn Flakes,Groceries,10291.67,2024-09-18,4,2864,Mysuru
7740,Groundnut Oil 1L,Groceries,1325.31,2025-04-17,6,2526,Udupi
7741,Mixture Snack,Snacks,12523.33,2025-04-23,6,1113,Tumakuru
7742,Bluetooth Speaker,Electronics,12699.3,2023-10-26,8,1400,Udupi
7743,Khakhra Pack,Snacks,568.49,2022-08-07,1,1974,Belagavi
7744,Floor Cleaner 1L,Home Care,2018.75,2022-11-20,1,1718,Tumakuru
7745,Groundnut Oil 1L,Groceries,225.88,2023-02-16,1,2844,Mysuru
7746,Murukku Pack,Snacks,5105.8,2024-08-10,7,1722,Mangaluru
7747,Scrub Pad,Home Care,1587.21,2022-11-15,1,2805,Davanagere
7748,Peanut Butter,Groceries,5894.26,2024-05-30,8,1437,Udupi
7749,Poha 1kg,Groceries,131.25,2023-08-29,1,1366,Udupi
7750,Deodorant,Personal Care,1293.44,2025-05-29,3,2878,Bengaluru
7751,Ball Pen Pack,Stationery,6230.29,2025-07-12,4,1207,Davanagere
7752,Murukku Pack,Snacks,5345.09,2022-12-10,8,2738,Davanagere
7753,Sugar 1kg,Groceries,5803.29,2023-10-01,3,1505,Mysuru
7754,Cheese Slices,Dairy,3808.15,2023-10-15,4,2046,Belagavi
7755,Chocolate Bar,Snacks,12618.37,2022-09-16,5,1688,Tumakuru
7756,Sunflower Oil 1L,Groceries,10903.96,2024-08-15,5,2826,Ballari
7757,Mango Juice 1L,Beverages,2091.92,2024-06-11,1,2271,Bengaluru
7758,Cheese Slices,Dairy,1808.66,2025-12-10,2,1719,Bengaluru
7759,Phone Stand,Electronics,2966.58,2022-05-13,3,1487,Belagavi
7760,Urad Dal 1kg,Groceries,4337.43,2022-10-04,8,1317,Kalaburagi
7761,Groundnut Oil 1L,Groceries,1610.97,2024-06-10,7,1832,Shivamogga
7762,Notebook,Stationery,2003.95,2025-07-24,1,1367,Belagavi
7763,Mango Juice 1L,Beverages,4191.56,2024-04-23,2,2158,Belagavi
7764,Floor Cleaner 1L,Home Care,12027.15,2022-12-08,6,2936,Ballari
7765,Hand Wash,Personal Care,3040.68,2025-09-25,2,1025,Shivamogga
7766,Instant Noodles,Groceries,1029.93,2024-11-29,2,1066,Shivamogga
7767,Sanitary Pads,Personal Care,6854.83,2023-04-03,4,1775,Davanagere
7768,Corn Flakes,Groceries,15837.4,2023-11-12,7,2705,Shivamogga
7769,Banana Chips,Snacks,9561.27,2022-09-02,7,1062,Davanagere
7770,Wheat Atta 10kg,Groceries,508.48,2024-10-16,6,1018,Shivamogga
7771,Mango Juice 1L,Beverages,10987.0,2024-03-27,6,2089,Davanagere
7772,Wireless Earphones,Electronics,4403.26,2023-01-27,5,1704,Kalaburagi
7773,Jam 500g,Groceries,7226.57,2023-10-14,7,2150,Tumakuru
7774,Mineral Water 1L,Beverages,7378.04,2023-05-20,3,1643,Tumakuru
7775,Urad Dal 1kg,Groceries,560.12,2023-01-19,1,1686,Kalaburagi
7776,Almonds 500g,Groceries,424.1,2024-09-15,2,2640,Vijayapura
7777,Sanitary Pads,Personal Care,10038.2,2025-04-13,6,1412,Davanagere
7778,Mouse,Electronics,2991.92,2023-03-23,5,1138,Mangaluru
7779,Deodorant,Personal Care,1621.74,2023-05-30,4,2654,Shivamogga
7780,Sketch Pen Set,Stationery,102.98,2025-07-02,1,2009,Tumakuru
7781,Mango Juice 1L,Beverages,3792.52,2023-07-05,2,1854,Mysuru
7782,Cheese Slices,Dairy,4862.14,2022-06-07,5,1656,Mangaluru
7783,Hand Wash,Personal Care,8721.45,2022-10-17,6,1262,Kalaburagi
7784,Power Bank 10000mAh,Electronics,17672.31,2025-10-17,8,2045,Mysuru
7785,Rice 5kg,Groceries,3063.68,2025-11-16,2,1222,Mangaluru
7786,Honey 500g,Groceries,12037.88,2025-02-17,8,2097,Belagavi
7787,Salt 1kg,Groceries,8060.14,2023-09-11,5,2135,Kalaburagi
7788,Torch Light,Electronics,3121.5,2024-04-02,2,2056,Mysuru
7789,Smart Watch,Electronics,5053.75,2022-01-30,4,2068,Bengaluru
7790,Poha 1kg,Groceries,129.09,2025-09-02,1,2862,Ballari
7791,Salt 1kg,Groceries,3238.67,2023-01-30,2,1444,Belagavi
7792,Urad Dal 1kg,Groceries,3781.35,2025-02-06,6,2718,Udupi
7793,Parle-G Biscuits,Snacks,1579.2,2025-12-25,1,1454,Shivamogga
7794,Torch Light,Electronics,10927.01,2025-04-26,7,2209,Bengaluru
7795,Sticky Notes,Stationery,2200.74,2023-04-29,3,1141,Mysuru
7796,Murukku Pack,Snacks,4840.01,2024-05-06,7,1046,Mangaluru
7797,Sticky Notes,Stationery,1252.07,2023-08-19,2,2855,Tumakuru
7798,Sanitary Pads,Personal Care,13503.47,2022-10-23,7,2036,Mysuru
7799,Soft Drink 750ml,Beverages,219.58,2023-01-25,6,1813,Mangaluru
7800,Sunflower Oil 1L,Groceries,18997.71,2023-07-02,8,2274,Ballari
7801,Corn Flakes,Groceries,11992.07,2025-11-14,5,2484,Shivamogga
7802,Mineral Water 1L,Beverages,4893.96,2024-03-07,2,1010,Vijayapura
7803,Soft Drink 750ml,Beverages,34.28,2022-06-11,1,2483,Belagavi
7804,Hand Wash,Personal Care,9031.85,2025-11-07,6,1725,Davanagere
7805,Good Day Biscuits,Snacks,9390.37,2024-10-02,7,2743,Ballari
7806,File Folder,Stationery,2661.18,2023-08-08,2,2177,Vijayapura
7807,Almonds 500g,Groceries,209.3,2024-10-23,1,2167,Kalaburagi
7808,Cheese Slices,Dairy,4830.25,2024-03-25,5,1555,Shivamogga
7809,Salt 1kg,Groceries,11041.48,2025-12-17,7,2909,Vijayapura
7810,Poha 1kg,Groceries,566.02,2022-09-24,4,2575,Mangaluru
7811,Floor Cleaner 1L,Home Care,2109.81,2022-10-30,1,1556,Udupi
7812,Instant Noodles,Groceries,4246.44,2022-07-12,8,2878,Mangaluru
7813,Murukku Pack,Snacks,1471.32,2025-10-03,2,2775,Vijayapura
7814,Ghee 500ml,Groceries,1619.64,2023-10-19,6,2115,Tumakuru
7815,Good Day Biscuits,Snacks,1422.97,2024-10-29,1,1410,Vijayapura
7816,Extension Board,Electronics,9852.2,2022-03-16,5,2062,Hubballi
7817,Green Tea,Beverages,3641.54,2023-07-26,5,2722,Mangaluru
7818,Sticky Notes,Stationery,5388.87,2023-12-24,8,2157,Ballari
7819,Keyboard,Electronics,3958.58,2022-02-01,2,1888,Vijayapura
7820,Ice Cream Tub,Dairy,5416.5,2023-02-06,6,1365,Shivamogga
7821,Laptop Sleeve,Electronics,4192.37,2024-07-27,7,1893,Udupi
7822,Mango Juice 1L,Beverages,5740.41,2025-01-08,3,1484,Mysuru
7823,Shampoo 180ml,Personal Care,6690.05,2023-06-05,8,1252,Ballari
7824,Detergent Powder 1kg,Home Care,1639.64,2025-07-24,6,1964,Ballari
7825,Sugar 1kg,Groceries,5988.13,2022-10-02,3,2831,Ballari
7826,Toor Dal 1kg,Groceries,1505.49,2024-10-15,2,1166,Kalaburagi
7827,Urad Dal 1kg,Groceries,3717.77,2023-08-30,7,1744,Bengaluru
7828,Banana Chips,Snacks,10702.61,2025-03-16,7,1587,Belagavi
7829,Deodorant,Personal Care,1795.17,2025-09-27,4,1438,Belagavi
7830,Butter 100g,Dairy,445.91,2025-06-26,5,1150,Bengaluru
7831,Dishwash Liquid,Home Care,849.71,2025-12-05,3,1254,Ballari
7832,Hand Wash,Personal Care,11713.78,2025-03-19,7,2305,Bengaluru
7833,Namkeen Mix,Snacks,11708.21,2023-06-11,7,1964,Davanagere
7834,Torch Light,Electronics,4630.79,2025-12-30,3,2898,Mysuru
7835,Milk 1L,Dairy,539.2,2025-02-03,1,1472,Ballari
7836,USB Cable,Electronics,5660.38,2025-02-16,4,1356,Tumakuru
7837,Toor Dal 1kg,Groceries,1444.13,2024-07-04,2,1961,Udupi
7838,Air Freshener,Home Care,15272.67,2023-01-21,6,2775,Udupi
7839,Notebook,Stationery,5773.73,2023-03-10,3,2212,Hubballi
7840,Buttermilk 200ml,Beverages,1882.03,2022-09-20,3,1738,Davanagere
7841,Scrub Pad,Home Care,13551.81,2024-07-22,8,1935,Belagavi
7842,Ghee 500ml,Groceries,2239.34,2022-04-09,8,1338,Mysuru
7843,Phone Stand,Electronics,5683.15,2022-07-24,6,2917,Belagavi
7844,Sketch Pen Set,Stationery,491.27,2022-03-13,5,1466,Udupi
7845,Energy Drink,Beverages,6425.91,2025-04-07,4,2694,Tumakuru
7846,Stapler,Stationery,6472.5,2024-11-01,8,2789,Belagavi
7847,Shampoo 180ml,Personal Care,908.41,2025-09-28,1,1585,Davanagere
7848,Vermicelli 500g,Groceries,2279.2,2024-10-27,4,2622,Vijayapura
7849,Basmati Rice 5kg,Groceries,12201.91,2022-04-25,8,2804,Tumakuru
7850,Peanut Butter,Groceries,3318.44,2022-12-30,4,2078,Shivamogga
7851,LED Bulb 9W,Electronics,6241.19,2022-04-22,3,1308,Shivamogga
7852,Basmati Rice 5kg,Groceries,9311.6,2024-05-09,7,2460,Kalaburagi
7853,Torch Light,Electronics,11974.63,2023-08-17,8,1843,Udupi
7854,Body Lotion,Personal Care,3573.38,2022-05-20,8,2065,Vijayapura
7855,Mouse,Electronics,3881.86,2024-04-28,7,2529,Mysuru
7856,Floor Cleaner 1L,Home Care,13032.2,2023-08-19,6,2598,Kalaburagi
7857,Poha 1kg,Groceries,417.3,2022-05-13,3,1236,Udupi
7858,Corn Flakes,Groceries,14853.3,2022-12-21,6,1471,Kalaburagi
7859,Vermicelli 500g,Groceries,536.9,2023-07-30,1,1944,Hubballi
7860,Bluetooth Speaker,Electronics,13937.72,2022-10-09,8,1822,Kalaburagi
7861,Hair Oil 200ml,Personal Care,6441.98,2023-12-25,7,1599,Vijayapura
7862,Eraser Pack,Stationery,5233.99,2025-03-13,8,1176,Udupi
7863,Scrub Pad,Home Care,5120.63,2022-10-04,3,1042,Bengaluru
7864,Instant Noodles,Groceries,982.88,2022-03-03,2,1200,Udupi
7865,USB Cable,Electronics,4053.28,2024-04-15,3,2368,Tumakuru
7866,Mineral Water 1L,Beverages,2240.08,2023-10-17,1,1176,Shivamogga
7867,Smart Watch,Electronics,8552.34,2022-08-09,6,1519,Vijayapura
7868,Salt 1kg,Groceries,11757.43,2025-07-19,7,2429,Kalaburagi
7869,Wheat Atta 10kg,Groceries,73.85,2023-06-28,1,2293,Shivamogga
7870,Keyboard,Electronics,16800.96,2023-07-13,8,1321,Kalaburagi
7871,Shampoo 180ml,Personal Care,7405.09,2025-08-05,8,1601,Udupi
7872,Jam 500g,Groceries,6901.02,2025-12-12,7,2351,Mangaluru
7873,Eraser Pack,Stationery,3357.87,2023-02-11,5,2748,Bengaluru
7874,Almonds 500g,Groceries,431.98,2025-04-15,2,1952,Mangaluru
7875,Vermicelli 500g,Groceries,1095.49,2023-03-21,2,2771,Belagavi
7876,Detergent Powder 1kg,Home Care,965.55,2024-06-03,4,1949,Shivamogga
7877,Sanitary Pads,Personal Care,14619.13,2023-03-12,8,1514,Udupi
7878,Potato Chips,Snacks,4204.18,2023-11-17,7,2090,Davanagere
7879,Poha 1kg,Groceries,125.8,2022-05-23,1,1019,Belagavi
7880,Torch Light,Electronics,11991.6,2023-06-10,8,1003,Davanagere
7881,Scrub Pad,Home Care,3297.68,2025-11-05,2,2286,Mangaluru
7882,Keyboard,Electronics,2121.65,2024-04-25,1,1175,Kalaburagi
7883,Peanut Butter,Groceries,797.42,2023-06-26,1,1808,Tumakuru
7884,Murukku Pack,Snacks,5819.7,2023-07-14,8,1972,Mangaluru
7885,Curd 500g,Dairy,9411.49,2022-12-15,8,1594,Hubballi
7886,Green Tea,Beverages,4889.31,2025-09-06,7,2659,Hubballi
7887,Sunflower Oil 1L,Groceries,8311.81,2023-02-08,4,1793,Vijayapura
7888,Green Tea,Beverages,2291.37,2023-10-30,3,2090,Davanagere
7889,Energy Drink,Beverages,12023.26,2022-01-22,8,1972,Ballari
7890,Curd 500g,Dairy,1314.33,2022-12-27,1,2071,Udupi
7891,Floor Cleaner 1L,Home Care,11270.3,2024-03-01,5,1549,Udupi
7892,Chocolate Bar,Snacks,4389.11,2024-02-15,2,1181,Belagavi
7893,Buttermilk 200ml,Beverages,2792.22,2025-10-04,4,2909,Hubballi
7894,Paneer 200g,Dairy,3359.13,2024-06-22,7,1684,Tumakuru
7895,Printer Paper,Stationery,10187.58,2022-03-20,5,2195,Shivamogga
7896,Tea Powder 500g,Beverages,6261.62,2024-04-01,6,1446,Bengaluru
7897,Groundnut Oil 1L,Groceries,1550.59,2022-10-25,7,2457,Mysuru
7898,Sunflower Oil 1L,Groceries,13874.75,2024-03-07,6,1531,Bengaluru
7899,Sanitary Pads,Personal Care,15708.52,2025-12-29,8,2735,Kalaburagi
7900,Groundnut Oil 1L,Groceries,1257.99,2024-10-23,5,1222,Mysuru
7901,Detergent Powder 1kg,Home Care,1579.61,2023-02-05,6,2790,Udupi
7902,Air Freshener,Home Care,10102.62,2024-01-18,4,2907,Mangaluru
7903,Scrub Pad,Home Care,5077.55,2025-05-04,3,1650,Vijayapura
7904,Marker Pen,Stationery,4731.18,2024-08-18,7,2428,Bengaluru
7905,Vermicelli 500g,Groceries,3369.43,2025-04-28,6,2198,Udupi
7906,Sugar 1kg,Groceries,13557.88,2023-01-09,8,2421,Vijayapura
7907,Lassi 200ml,Beverages,8282.33,2025-05-16,7,2906,Mysuru
7908,Poha 1kg,Groceries,695.44,2023-01-10,5,2995,Davanagere
7909,Wheat Atta 10kg,Groceries,84.6,2025-03-21,1,1507,Hubballi
7910,Paneer 200g,Dairy,2249.77,2024-03-11,4,2044,Vijayapura
7911,Face Wash,Personal Care,20359.06,2024-05-11,8,1041,Mangaluru
7912,Tea Powder 500g,Beverages,4209.65,2025-01-21,4,2730,Ballari
7913,Notebook,Stationery,4037.29,2024-09-14,2,1172,Udupi
7914,Banana Chips,Snacks,2978.34,2022-12-20,2,2435,Kalaburagi
7915,Torch Light,Electronics,8048.09,2025-04-24,6,1724,Tumakuru
7916,Milk 1L,Dairy,4439.95,2024-01-17,8,1689,Ballari
7917,Mineral Water 1L,Beverages,6390.8,2025-11-19,3,1755,Shivamogga
7918,Potato Chips,Snacks,3438.47,2025-09-30,6,1053,Tumakuru
7919,Face Wash,Personal Care,2529.78,2022-11-06,1,2573,Mangaluru
7920,Instant Noodles,Groceries,1665.04,2023-04-02,3,2634,Hubballi
7921,Coconut Oil 1L,Groceries,1807.43,2024-06-17,3,2080,Vijayapura
7922,Bluetooth Speaker,Electronics,3349.49,2023-02-02,2,1719,Vijayapura
7923,HDMI Cable,Electronics,15098.16,2022-11-17,7,1841,Ballari
7924,Laptop Sleeve,Electronics,3017.25,2024-10-18,5,1545,Tumakuru
7925,Mobile Charger,Electronics,8035.92,2024-07-20,6,2402,Mangaluru
7926,Mouse,Electronics,2165.26,2022-01-21,4,2891,Mysuru
7927,Instant Noodles,Groceries,3406.75,2022-04-11,6,2078,Ballari
7928,Sunflower Oil 1L,Groceries,17203.93,2023-09-28,8,2677,Shivamogga
7929,Urad Dal 1kg,Groceries,3470.91,2025-08-25,6,1025,Shivamogga
7930,Sketch Pen Set,Stationery,91.82,2025-02-25,1,2853,Kalaburagi
7931,Corn Flakes,Groceries,16464.31,2024-10-04,7,2647,Belagavi
7932,USB Cable,Electronics,10658.94,2025-04-19,8,1435,Davanagere
7933,Stapler,Stationery,5478.0,2024-02-26,7,2610,Kalaburagi
7934,Ball Pen Pack,Stationery,11449.22,2023-05-12,7,2917,Hubballi
7935,Toilet Cleaner,Home Care,8067.53,2024-06-25,5,1567,Udupi
7936,Peanut Butter,Groceries,6134.02,2023-02-11,7,2952,Davanagere
7937,Peanut Butter,Groceries,2236.1,2025-11-19,3,1882,Mangaluru
7938,Pendrive 64GB,Electronics,4318.57,2022-06-02,2,1707,Bengaluru
7939,Toothpaste 150g,Personal Care,1617.47,2023-02-28,4,2126,Kalaburagi
7940,Bluetooth Speaker,Electronics,6580.43,2023-10-04,4,1103,Shivamogga
7941,Bath Soap,Personal Care,3573.04,2022-01-18,2,1655,Kalaburagi
7942,Rice 5kg,Groceries,7985.93,2024-05-03,5,1055,Vijayapura
7943,Scrub Pad,Home Care,10494.03,2022-06-05,7,1553,Shivamogga
7944,Jam 500g,Groceries,7930.7,2024-04-19,8,1774,Bengaluru
7945,Peanut Butter,Groceries,4879.81,2025-05-27,6,2141,Mysuru
7946,Body Lotion,Personal Care,2215.3,2023-04-20,5,1797,Tumakuru
7947,Ghee 500ml,Groceries,1106.59,2025-08-15,4,2083,Ballari
7948,Almonds 500g,Groceries,1849.8,2024-11-02,8,2531,Vijayapura
7949,Almonds 500g,Groceries,1294.91,2023-05-17,6,1232,Kalaburagi
7950,Buttermilk 200ml,Beverages,3695.33,2023-06-25,5,2963,Udupi
7951,Mineral Water 1L,Beverages,14621.58,2024-06-10,7,1498,Vijayapura
7952,Ragi Flour 1kg,Groceries,5131.24,2023-05-29,3,1978,Davanagere
7953,Scrub Pad,Home Care,7613.31,2025-08-04,5,1324,Mysuru
7954,Mixture Snack,Snacks,8121.87,2024-11-21,4,1933,Davanagere
7955,Green Tea,Beverages,5365.28,2022-05-29,7,2609,Vijayapura
7956,Milk 1L,Dairy,4346.73,2024-10-06,8,2214,Kalaburagi
7957,Stapler,Stationery,2969.76,2023-01-19,4,2668,Vijayapura
7958,Salt 1kg,Groceries,1840.23,2023-10-25,1,2207,Bengaluru
7959,Ragi Flour 1kg,Groceries,8572.8,2022-08-21,5,1898,Hubballi
7960,Energy Drink,Beverages,9675.8,2023-08-06,6,1067,Shivamogga
7961,Oats 1kg,Groceries,4449.64,2023-07-22,2,1621,Mangaluru
7962,Ball Pen Pack,Stationery,10063.19,2025-09-08,7,2515,Davanagere
7963,Paneer 200g,Dairy,1443.44,2023-04-25,3,1506,Bengaluru
7964,Murukku Pack,Snacks,3877.12,2024-02-01,6,2797,Hubballi
7965,Green Tea,Beverages,5463.59,2025-04-13,8,2374,Ballari
7966,Toor Dal 1kg,Groceries,5403.51,2022-11-17,7,2032,Mangaluru
7967,Good Day Biscuits,Snacks,10399.32,2024-12-11,7,2004,Ballari
7968,Smart Watch,Electronics,8630.9,2024-10-29,6,2335,Ballari
7969,Mixture Snack,Snacks,17789.88,2024-08-10,8,2745,Tumakuru
7970,Extension Board,Electronics,1861.93,2024-08-18,1,1934,Hubballi
7971,Honey 500g,Groceries,7065.92,2024-02-28,4,1844,Bengaluru
7972,Oats 1kg,Groceries,18099.32,2024-10-18,8,2031,Shivamogga
7973,Vermicelli 500g,Groceries,619.24,2022-04-24,1,2406,Kalaburagi
7974,Ball Pen Pack,Stationery,8540.33,2025-09-17,5,1095,Davanagere
7975,Banana Chips,Snacks,9658.46,2025-06-02,7,2833,Udupi
7976,Urad Dal 1kg,Groceries,1036.36,2024-06-23,2,2254,Hubballi
7977,Toothpaste 150g,Personal Care,1193.59,2022-10-30,3,1919,Ballari
7978,Mango Juice 1L,Beverages,11601.09,2023-05-02,6,1033,Shivamogga
7979,Eraser Pack,Stationery,3266.03,2023-12-21,5,1872,Davanagere
7980,Good Day Biscuits,Snacks,2720.31,2023-10-17,2,1417,Vijayapura
7981,Instant Noodles,Groceries,4054.39,2025-07-29,8,1647,Ballari
7982,Curd 500g,Dairy,10533.79,2024-11-02,8,2375,Ballari
7983,Printer Paper,Stationery,2154.81,2025-12-28,1,1646,Hubballi
7984,Instant Noodles,Groceries,528.53,2024-03-13,1,1694,Vijayapura
7985,File Folder,Stationery,10488.47,2024-12-04,8,1445,Vijayapura
7986,Green Tea,Beverages,747.59,2025-11-30,1,2995,Bengaluru
7987,Almonds 500g,Groceries,461.69,2022-04-04,2,1838,Vijayapura
7988,Chocolate Bar,Snacks,17549.91,2022-09-21,8,2096,Mysuru
7989,Ragi Flour 1kg,Groceries,12488.93,2025-02-06,7,1922,Bengaluru
7990,Toothpaste 150g,Personal Care,3481.62,2024-12-02,8,2919,Shivamogga
7991,Floor Cleaner 1L,Home Care,17209.12,2025-02-14,8,2579,Mangaluru
7992,Parle-G Biscuits,Snacks,8939.36,2025-03-20,5,1350,Belagavi
7993,Milk 1L,Dairy,2236.8,2024-09-08,4,1495,Bengaluru
7994,Namkeen Mix,Snacks,6594.9,2024-12-19,4,1762,Ballari
7995,Dishwash Liquid,Home Care,255.08,2023-06-19,1,2400,Ballari
7996,Detergent Powder 1kg,Home Care,1847.5,2024-11-22,7,2903,Mysuru
7997,Namkeen Mix,Snacks,12136.78,2025-01-02,8,1809,Tumakuru
7998,Cashew 500g,Groceries,4694.82,2024-03-28,7,1973,Davanagere
7999,Green Tea,Beverages,4310.8,2024-07-08,6,2607,Hubballi
8000,Poha 1kg,Groceries,614.81,2022-01-07,5,1653,Udupi
8001,Sticky Notes,Stationery,5352.8,2025-09-11,8,1268,Shivamogga
8002,Wheat Atta 10kg,Groceries,372.34,2023-11-04,5,2410,Udupi
8003,Stapler,Stationery,1452.45,2025-01-12,2,2868,Shivamogga
8004,Poha 1kg,Groceries,994.55,2023-12-03,8,1993,Ballari
8005,Ball Pen Pack,Stationery,9853.51,2025-07-12,6,1306,Bengaluru
8006,Sketch Pen Set,Stationery,92.7,2022-08-22,1,1034,Belagavi
8007,Milk 1L,Dairy,3075.97,2024-08-14,6,2506,Belagavi
8008,Honey 500g,Groceries,6077.71,2024-02-16,4,1029,Ballari
8009,Laptop Sleeve,Electronics,1111.63,2025-10-25,2,2684,Mysuru
8010,Curd 500g,Dairy,7846.28,2025-07-13,6,1784,Tumakuru
8011,Curd 500g,Dairy,5243.78,2022-02-04,4,2444,Belagavi
8012,Body Lotion,Personal Care,2423.89,2022-03-26,6,2786,Belagavi
8013,Vermicelli 500g,Groceries,2653.2,2025-08-05,5,2135,Vijayapura
8014,Banana Chips,Snacks,4556.3,2022-02-17,3,1832,Vijayapura
8015,Eraser Pack,Stationery,685.56,2024-02-27,1,1636,Vijayapura
8016,Basmati Rice 5kg,Groceries,5612.23,2025-08-22,4,1714,Udupi
8017,HDMI Cable,Electronics,2435.46,2023-04-07,1,2615,Kalaburagi
8018,Cheese Slices,Dairy,3799.04,2024-04-06,4,1600,Davanagere
8019,Banana Chips,Snacks,4270.29,2023-10-29,3,2580,Ballari
8020,Butter 100g,Dairy,623.1,2023-03-29,8,1483,Shivamogga
8021,Tea Powder 500g,Beverages,5727.66,2025-09-29,5,1377,Belagavi
8022,Wireless Earphones,Electronics,6579.01,2023-05-23,7,2375,Vijayapura
8023,Sugar 1kg,Groceries,1931.25,2023-06-17,1,1732,Hubballi
8024,Jam 500g,Groceries,955.76,2025-01-31,1,2778,Ballari
8025,Chocolate Bar,Snacks,19237.89,2023-10-10,8,1214,Belagavi
8026,Wheat Atta 10kg,Groceries,529.36,2024-06-15,7,1105,Vijayapura
8027,Honey 500g,Groceries,12402.41,2024-10-16,8,2689,Bengaluru
8028,Jam 500g,Groceries,2157.54,2024-04-12,2,2965,Ballari
8029,Corn Flakes,Groceries,4455.41,2022-02-06,2,1471,Kalaburagi
8030,Marker Pen,Stationery,3337.73,2022-08-11,5,2392,Mangaluru
8031,Instant Noodles,Groceries,1057.11,2022-07-27,2,1781,Belagavi
8032,Poha 1kg,Groceries,725.33,2024-02-28,5,1315,Shivamogga
8033,Body Lotion,Personal Care,1639.63,2023-12-17,4,1449,Tumakuru
8034,Paneer 200g,Dairy,1521.31,2025-04-30,3,2026,Davanagere
8035,Cheese Slices,Dairy,2966.27,2022-11-28,3,2612,Vijayapura
8036,Coconut Oil 1L,Groceries,5057.42,2025-08-01,8,2197,Belagavi
8037,Smart Watch,Electronics,6815.44,2025-02-11,5,1123,Kalaburagi
8038,Oats 1kg,Groceries,16212.6,2023-04-20,8,2336,Hubballi
8039,Curd 500g,Dairy,8058.34,2022-07-12,6,2911,Tumakuru
8040,Sugar 1kg,Groceries,8627.52,2022-06-18,5,1543,Belagavi
8041,Sanitary Pads,Personal Care,3946.53,2023-11-13,2,1076,Belagavi
8042,Power Bank 10000mAh,Electronics,4740.11,2024-05-30,2,1536,Belagavi
8043,Almonds 500g,Groceries,666.66,2024-04-28,3,2513,Vijayapura
8044,Notebook,Stationery,11855.77,2025-09-13,6,2379,Vijayapura
8045,Parle-G Biscuits,Snacks,7090.79,2024-08-06,4,2143,Bengaluru
8046,USB Cable,Electronics,11508.26,2022-10-04,8,1043,Vijayapura
8047,Face Wash,Personal Care,9468.78,2025-05-01,4,1804,Shivamogga
8048,Bath Soap,Personal Care,9455.67,2024-08-31,5,2373,Tumakuru
8049,Rice 5kg,Groceries,12284.39,2025-10-16,8,1248,Belagavi
8050,Hand Wash,Personal Care,8181.05,2023-07-08,5,1007,Mangaluru
8051,Hand Wash,Personal Care,2871.69,2023-01-27,2,1579,Mangaluru
8052,Poha 1kg,Groceries,776.42,2022-06-26,6,2141,Hubballi
8053,Mixture Snack,Snacks,14815.8,2022-06-30,7,1426,Ballari
8054,USB Cable,Electronics,2895.75,2024-01-08,2,1706,Mysuru
8055,Wheat Atta 10kg,Groceries,469.85,2022-09-29,6,2784,Kalaburagi
8056,Ghee 500ml,Groceries,870.88,2023-11-26,3,1014,Shivamogga
8057,Khakhra Pack,Snacks,540.72,2023-07-15,1,2326,Ballari
8058,Shampoo 180ml,Personal Care,853.21,2024-08-22,1,1148,Mangaluru
8059,Cheese Slices,Dairy,3531.21,2022-03-08,4,2418,Kalaburagi
8060,Toothpaste 150g,Personal Care,1618.7,2022-08-04,4,2502,Hubballi
8061,Soft Drink 750ml,Beverages,251.32,2024-07-13,7,1507,Hubballi
8062,Soft Drink 750ml,Beverages,233.9,2024-07-04,7,2876,Udupi
8063,Namkeen Mix,Snacks,12474.02,2025-06-12,8,1688,Ballari
8064,Keyboard,Electronics,3951.68,2023-08-23,2,2562,Tumakuru
8065,Stapler,Stationery,6598.49,2024-07-26,8,2542,Belagavi
8066,Honey 500g,Groceries,5406.06,2023-08-16,3,1550,Vijayapura
8067,Buttermilk 200ml,Beverages,2863.21,2023-02-17,4,1855,Davanagere
8068,Almonds 500g,Groceries,1623.46,2024-04-05,8,1838,Ballari
8069,Power Bank 10000mAh,Electronics,2632.78,2023-11-08,1,1471,Tumakuru
8070,HDMI Cable,Electronics,16976.64,2025-08-16,7,2027,Hubballi
8071,Toothpaste 150g,Personal Care,380.56,2024-03-23,1,1253,Udupi
8072,Detergent Powder 1kg,Home Care,498.39,2025-05-07,2,1031,Shivamogga
8073,Extension Board,Electronics,8309.23,2023-03-01,5,2136,Kalaburagi
8074,Stapler,Stationery,3009.93,2022-07-28,4,2340,Shivamogga
8075,Laptop Sleeve,Electronics,1130.57,2022-08-04,2,1816,Tumakuru
8076,Mobile Charger,Electronics,1293.91,2024-05-17,1,1277,Ballari
8077,Groundnut Oil 1L,Groceries,506.21,2023-03-31,2,2026,Ballari
8078,Buttermilk 200ml,Beverages,4431.02,2022-05-28,6,1226,Shivamogga
8079,Mobile Charger,Electronics,5626.66,2025-01-19,4,2862,Mysuru
8080,Ghee 500ml,Groceries,2053.95,2022-06-27,8,2762,Shivamogga
8081,Honey 500g,Groceries,2976.03,2024-02-13,2,2587,Tumakuru
8082,Wheat Atta 10kg,Groceries,613.95,2023-04-28,7,2466,Tumakuru
8083,Coconut Oil 1L,Groceries,572.2,2022-03-19,1,2947,Mangaluru
8084,Murukku Pack,Snacks,2173.06,2023-09-29,3,2768,Davanagere
8085,Instant Noodles,Groceries,1513.88,2023-11-21,3,1215,Kalaburagi
8086,Instant Noodles,Groceries,1749.94,2024-05-22,3,2970,Kalaburagi
8087,Butter 100g,Dairy,332.07,2024-05-01,4,1257,Mysuru
8088,Groundnut Oil 1L,Groceries,1068.06,2023-10-24,5,2775,Davanagere
8089,Buttermilk 200ml,Beverages,5873.57,2022-02-06,8,1809,Mangaluru
8090,Buttermilk 200ml,Beverages,1228.48,2025-06-06,2,1979,Kalaburagi
8091,Coconut Oil 1L,Groceries,1923.58,2024-05-15,3,2088,Tumakuru
8092,Chocolate Bar,Snacks,12791.16,2024-12-28,6,1440,Tumakuru
8093,Instant Noodles,Groceries,1143.59,2025-02-15,2,2905,Kalaburagi
8094,Mango Juice 1L,Beverages,3868.05,2024-06-25,2,2954,Hubballi
8095,Air Freshener,Home Care,9013.19,2025-11-05,4,2995,Davanagere
8096,Milk 1L,Dairy,2954.14,2025-03-30,5,1037,Hubballi
8097,Eraser Pack,Stationery,644.62,2022-11-14,1,1054,Bengaluru
8098,Cashew 500g,Groceries,4830.27,2022-03-23,7,1988,Bengaluru
8099,File Folder,Stationery,4647.47,2023-08-06,3,2009,Belagavi
8100,Keyboard,Electronics,12583.46,2024-07-08,6,2278,Ballari
8101,Stapler,Stationery,2196.65,2022-12-11,3,1946,Hubballi
8102,Stapler,Stationery,1729.72,2022-12-23,2,1313,Vijayapura
8103,Detergent Powder 1kg,Home Care,695.31,2024-07-17,3,2374,Kalaburagi
8104,Shampoo 180ml,Personal Care,4929.91,2022-08-18,6,1608,Vijayapura
8105,Laptop Sleeve,Electronics,2278.54,2023-08-29,4,2003,Shivamogga
8106,Ball Pen Pack,Stationery,6390.86,2024-11-02,4,2100,Tumakuru
8107,Basmati Rice 5kg,Groceries,8885.47,2024-07-19,6,2119,Bengaluru
8108,Groundnut Oil 1L,Groceries,2003.25,2025-03-21,8,1356,Udupi
8109,Wireless Earphones,Electronics,6331.1,2024-04-21,7,2227,Ballari
8110,LED Bulb 9W,Electronics,17280.58,2024-01-07,8,2308,Kalaburagi
8111,Ghee 500ml,Groceries,258.59,2023-11-20,1,2115,Hubballi
8112,Marker Pen,Stationery,5319.74,2022-01-28,8,2791,Udupi
8113,Bluetooth Speaker,Electronics,15032.63,2025-06-17,8,2191,Bengaluru
8114,Face Wash,Personal Care,4733.97,2022-10-24,2,1195,Kalaburagi
8115,Filter Coffee 500g,Beverages,395.57,2025-04-18,4,2448,Ballari
8116,Rice 5kg,Groceries,7535.84,2023-04-30,5,1226,Shivamogga
8117,Chocolate Bar,Snacks,15628.31,2022-08-25,7,1100,Mysuru
8118,Basmati Rice 5kg,Groceries,9209.53,2025-06-19,7,2387,Hubballi
8119,Detergent Powder 1kg,Home Care,1405.73,2024-06-09,6,1341,Mangaluru
8120,Ice Cream Tub,Dairy,959.29,2023-03-01,1,1159,Tumakuru
8121,Mobile Charger,Electronics,4384.32,2024-03-27,3,2716,Hubballi
8122,Toilet Cleaner,Home Care,2961.13,2023-08-23,2,1108,Ballari
8123,Soft Drink 750ml,Beverages,133.08,2022-05-11,4,1974,Mysuru
8124,Sanitary Pads,Personal Care,3731.1,2025-04-07,2,1605,Shivamogga
8125,Glass Cleaner,Home Care,4369.13,2022-08-14,5,2237,Kalaburagi
8126,Sticky Notes,Stationery,3649.88,2022-05-31,6,2225,Udupi
8127,Wheat Atta 10kg,Groceries,87.63,2023-11-13,1,1846,Davanagere
8128,Toilet Cleaner,Home Care,8479.49,2024-05-04,6,1463,Shivamogga
8129,Mineral Water 1L,Beverages,12594.59,2024-06-04,6,1489,Shivamogga
8130,Toothpaste 150g,Personal Care,1869.54,2025-08-28,5,2936,Bengaluru
8131,Soft Drink 750ml,Beverages,115.0,2024-12-15,3,2605,Tumakuru
8132,Scrub Pad,Home Care,2927.88,2024-04-28,2,1669,Udupi
8133,Namkeen Mix,Snacks,1519.26,2025-04-05,1,1344,Hubballi
8134,Ghee 500ml,Groceries,2138.0,2023-08-12,8,1167,Kalaburagi
8135,Printer Paper,Stationery,2099.74,2022-06-25,1,2021,Shivamogga
8136,Face Wash,Personal Care,6648.08,2024-10-12,3,2769,Kalaburagi
8137,Eraser Pack,Stationery,5249.28,2025-10-19,8,2574,Shivamogga
8138,Mango Juice 1L,Beverages,15499.61,2023-10-09,7,2080,Davanagere
8139,Mouse,Electronics,1152.8,2025-02-08,2,2766,Hubballi
8140,Butter 100g,Dairy,751.12,2023-10-12,8,2774,Mysuru
8141,Curd 500g,Dairy,2423.34,2023-06-23,2,1238,Mangaluru
8142,Ball Pen Pack,Stationery,8537.29,2023-09-18,5,2979,Tumakuru
8143,Body Lotion,Personal Care,1626.35,2025-10-09,4,2916,Hubballi
8144,Body Lotion,Personal Care,964.05,2024-08-20,2,2835,Udupi
8145,Power Bank 10000mAh,Electronics,4938.07,2022-01-02,2,2398,Tumakuru
8146,Khakhra Pack,Snacks,3114.63,2023-10-13,6,2341,Bengaluru
8147,Marker Pen,Stationery,4083.96,2022-01-11,6,1394,Belagavi
8148,Rice 5kg,Groceries,3307.6,2022-07-05,2,2912,Davanagere
8149,Khakhra Pack,Snacks,1070.85,2024-03-03,2,1214,Hubballi
8150,HDMI Cable,Electronics,2072.87,2025-10-08,1,1258,Davanagere
8151,Dishwash Liquid,Home Care,1113.67,2025-09-23,4,2951,Ballari
8152,File Folder,Stationery,2799.0,2022-03-02,2,2921,Hubballi
8153,Ragi Flour 1kg,Groceries,14385.11,2024-01-03,8,2956,Tumakuru
8154,Power Bank 10000mAh,Electronics,2204.91,2025-03-12,1,1131,Kalaburagi
8155,HDMI Cable,Electronics,12915.53,2022-09-23,6,2600,Tumakuru
8156,Groundnut Oil 1L,Groceries,1904.84,2022-11-01,8,2745,Belagavi
8157,Filter Coffee 500g,Beverages,184.84,2023-07-28,2,1422,Belagavi
8158,Shampoo 180ml,Personal Care,4716.8,2025-12-19,5,2726,Mysuru
8159,Good Day Biscuits,Snacks,7376.39,2024-08-26,5,1650,Belagavi
8160,Phone Stand,Electronics,7699.76,2022-10-23,7,1563,Ballari
8161,Mixture Snack,Snacks,5752.3,2022-05-08,3,2320,Tumakuru
8162,Ball Pen Pack,Stationery,4887.74,2022-06-12,3,1866,Ballari
8163,Power Bank 10000mAh,Electronics,15516.71,2024-11-27,7,2653,Vijayapura
8164,Almonds 500g,Groceries,446.91,2023-11-24,2,2257,Mangaluru
8165,LED Bulb 9W,Electronics,10956.19,2024-05-15,5,1801,Shivamogga
8166,Mixture Snack,Snacks,4334.97,2024-10-11,2,1588,Tumakuru
8167,USB Cable,Electronics,7594.24,2023-04-24,6,1202,Tumakuru
8168,Wireless Earphones,Electronics,5188.34,2022-03-11,6,2596,Shivamogga
8169,Torch Light,Electronics,6765.94,2025-11-16,5,2806,Hubballi
8170,Air Freshener,Home Care,5374.91,2025-08-07,2,2381,Belagavi
8171,Torch Light,Electronics,10788.06,2023-05-11,7,2296,Mysuru
8172,Wheat Atta 10kg,Groceries,661.93,2025-11-01,8,1094,Kalaburagi
8173,Scrub Pad,Home Care,11422.76,2025-11-02,7,2535,Shivamogga
8174,Sanitary Pads,Personal Care,11654.82,2025-02-15,7,2640,Ballari
8175,Toilet Cleaner,Home Care,1448.75,2025-11-25,1,2380,Shivamogga
8176,Sticky Notes,Stationery,3451.17,2024-09-27,5,1628,Davanagere
8177,LED Bulb 9W,Electronics,7710.63,2023-04-02,4,1761,Kalaburagi
8178,HDMI Cable,Electronics,17069.16,2025-05-19,8,1979,Bengaluru
8179,Butter 100g,Dairy,600.91,2024-01-08,7,1320,Shivamogga
8180,LED Bulb 9W,Electronics,4177.41,2025-12-09,2,1991,Shivamogga
8181,Sunflower Oil 1L,Groceries,12242.49,2025-02-28,5,1439,Davanagere
8182,Toor Dal 1kg,Groceries,1519.82,2022-08-25,2,2062,Shivamogga
8183,Eraser Pack,Stationery,4471.89,2025-11-27,7,1917,Belagavi
8184,Torch Light,Electronics,1539.66,2024-01-05,1,1347,Vijayapura
8185,Toor Dal 1kg,Groceries,4401.36,2025-09-07,6,2922,Shivamogga
8186,Sugar 1kg,Groceries,11041.24,2025-03-14,6,1314,Ballari
8187,Tea Powder 500g,Beverages,5275.24,2022-11-10,5,1800,Tumakuru
8188,Pendrive 64GB,Electronics,2066.68,2023-02-25,1,2518,Vijayapura
8189,Lassi 200ml,Beverages,3326.57,2024-05-22,3,2925,Kalaburagi
8190,Butter 100g,Dairy,174.94,2023-07-06,2,1073,Udupi
8191,Sticky Notes,Stationery,4397.97,2024-09-26,7,2051,Kalaburagi
8192,Buttermilk 200ml,Beverages,678.32,2024-12-27,1,2507,Udupi
8193,HDMI Cable,Electronics,2198.86,2023-02-17,1,1183,Mysuru
8194,Soft Drink 750ml,Beverages,71.67,2025-04-08,2,1681,Vijayapura
8195,Banana Chips,Snacks,4691.68,2022-11-25,3,1430,Hubballi
8196,Milk 1L,Dairy,1629.09,2024-09-22,3,2021,Mangaluru
8197,Almonds 500g,Groceries,232.02,2025-12-21,1,2707,Hubballi
8198,Mouse,Electronics,3840.75,2024-05-28,6,1253,Tumakuru
8199,Shampoo 180ml,Personal Care,7186.02,2023-06-19,8,1189,Hubballi
8200,Mobile Charger,Electronics,4164.52,2025-12-21,3,2013,Hubballi
8201,Mixture Snack,Snacks,7810.4,2024-10-04,4,1477,Udupi
8202,Smart Watch,Electronics,6557.66,2022-07-27,5,2385,Belagavi
8203,Soft Drink 750ml,Beverages,36.91,2023-01-15,1,1072,Davanagere
8204,Mineral Water 1L,Beverages,9877.88,2023-06-19,4,1230,Shivamogga
8205,HDMI Cable,Electronics,16410.98,2025-12-22,8,2263,Belagavi
8206,Mixture Snack,Snacks,11070.56,2025-09-18,6,1675,Vijayapura
8207,Banana Chips,Snacks,8401.6,2025-08-05,6,2653,Bengaluru
8208,Peanut Butter,Groceries,4666.87,2025-11-01,6,2122,Davanagere
8209,Bluetooth Speaker,Electronics,6727.59,2025-10-07,4,2606,Mangaluru
8210,Smart Watch,Electronics,5560.49,2023-12-15,4,1930,Mangaluru
8211,Floor Cleaner 1L,Home Care,4177.61,2025-10-26,2,2608,Mysuru
8212,Potato Chips,Snacks,1558.99,2023-10-19,3,1213,Mysuru
8213,Phone Stand,Electronics,1915.68,2023-03-01,2,1104,Mysuru
8214,Urad Dal 1kg,Groceries,4430.8,2024-02-03,8,2937,Kalaburagi
8215,Salt 1kg,Groceries,5470.06,2024-04-09,3,2996,Vijayapura
8216,Mobile Charger,Electronics,7239.04,2022-08-01,5,1350,Hubballi
8217,Banana Chips,Snacks,4160.92,2022-12-15,3,2857,Bengaluru
8218,Corn Flakes,Groceries,19944.13,2024-12-08,8,2542,Shivamogga
8219,Air Freshener,Home Care,2692.29,2025-03-24,1,1624,Hubballi
8220,Honey 500g,Groceries,3125.48,2022-01-25,2,2079,Shivamogga
8221,Corn Flakes,Groceries,20598.59,2023-02-25,8,1983,Vijayapura
8222,Bath Soap,Personal Care,3310.26,2022-08-17,2,1869,Udupi
8223,Instant Noodles,Groceries,1512.56,2025-08-23,3,1111,Ballari
8224,Rice 5kg,Groceries,6354.23,2024-02-02,4,1219,Vijayapura
8225,Toilet Cleaner,Home Care,3292.66,2025-01-17,2,1618,Belagavi
8226,Mineral Water 1L,Beverages,9226.11,2023-02-09,4,1910,Kalaburagi
8227,Mobile Charger,Electronics,11974.58,2023-04-19,8,2114,Mysuru
8228,Butter 100g,Dairy,363.35,2024-07-01,4,1126,Kalaburagi
8229,USB Cable,Electronics,6608.45,2023-09-20,5,2726,Shivamogga
8230,Ragi Flour 1kg,Groceries,8008.12,2024-09-26,5,2808,Bengaluru
8231,Wheat Atta 10kg,Groceries,532.91,2023-12-31,6,1660,Kalaburagi
8232,Pendrive 64GB,Electronics,6779.1,2023-06-25,3,2131,Udupi
8233,Butter 100g,Dairy,181.2,2022-02-26,2,2368,Ballari
8234,Shampoo 180ml,Personal Care,3467.36,2023-10-22,4,1119,Mangaluru
8235,Stapler,Stationery,4005.31,2025-04-26,5,2998,Ballari
8236,Bath Soap,Personal Care,10540.8,2023-12-27,6,1449,Davanagere
8237,Tea Powder 500g,Beverages,6303.74,2023-08-27,6,1206,Shivamogga
8238,LED Bulb 9W,Electronics,8480.55,2024-07-02,4,2581,Bengaluru
8239,Energy Drink,Beverages,10987.96,2024-10-07,7,1125,Kalaburagi
8240,Phone Stand,Electronics,6667.78,2023-04-23,7,1186,Mysuru
8241,Peanut Butter,Groceries,1670.8,2025-11-28,2,1192,Mysuru
8242,Jam 500g,Groceries,5811.14,2023-03-28,6,1053,Vijayapura
8243,Extension Board,Electronics,13775.85,2022-08-22,8,2723,Hubballi
8244,USB Cable,Electronics,1277.06,2024-10-06,1,2276,Mysuru
8245,Glass Cleaner,Home Care,1013.71,2023-03-17,1,1995,Vijayapura
8246,File Folder,Stationery,5114.93,2022-07-19,4,2661,Ballari
8247,Honey 500g,Groceries,5310.77,2022-01-30,3,1588,Shivamogga
8248,Mouse,Electronics,1603.61,2022-10-22,3,2652,Mysuru
8249,Cheese Slices,Dairy,2998.83,2024-07-08,3,2995,Udupi
8250,Printer Paper,Stationery,6210.38,2025-02-18,3,1553,Davanagere
8251,Extension Board,Electronics,5335.7,2023-10-20,3,1125,Tumakuru
8252,Vermicelli 500g,Groceries,1782.09,2025-05-25,3,1050,Shivamogga
8253,Floor Cleaner 1L,Home Care,15764.68,2024-06-22,7,2279,Kalaburagi
8254,Good Day Biscuits,Snacks,3722.85,2024-07-11,3,1326,Udupi
8255,Sugar 1kg,Groceries,11027.04,2025-09-16,6,2986,Vijayapura
8256,Toor Dal 1kg,Groceries,2703.69,2025-12-08,4,1658,Bengaluru
8257,Stapler,Stationery,1626.58,2024-04-28,2,2106,Udupi
8258,Power Bank 10000mAh,Electronics,11733.11,2023-10-31,5,2949,Udupi
8259,Sanitary Pads,Personal Care,3893.67,2024-07-04,2,1540,Belagavi
8260,Toothpaste 150g,Personal Care,443.69,2023-06-18,1,1114,Kalaburagi
8261,Ghee 500ml,Groceries,592.22,2024-01-28,2,2891,Udupi
8262,Laptop Sleeve,Electronics,3329.27,2023-07-29,6,1020,Vijayapura
8263,Shampoo 180ml,Personal Care,797.66,2024-03-17,1,2323,Davanagere
8264,Ragi Flour 1kg,Groceries,6412.52,2022-02-19,4,1147,Hubballi
8265,USB Cable,Electronics,2593.45,2022-03-10,2,1715,Udupi
8266,File Folder,Stationery,1380.44,2024-09-07,1,1040,Vijayapura
8267,Filter Coffee 500g,Beverages,496.11,2023-07-11,5,2953,Tumakuru
8268,Coconut Oil 1L,Groceries,2998.04,2022-01-12,5,3000,Bengaluru
8269,Wheat Atta 10kg,Groceries,88.42,2022-03-18,1,1047,Belagavi
8270,Murukku Pack,Snacks,3648.73,2023-05-31,5,2277,Davanagere
8271,Ice Cream Tub,Dairy,3547.97,2025-01-01,4,2659,Davanagere
8272,Almonds 500g,Groceries,635.51,2022-02-08,3,1578,Ballari
8273,Honey 500g,Groceries,5291.58,2024-03-22,3,1871,Mangaluru
8274,Ragi Flour 1kg,Groceries,13918.3,2022-06-20,8,2979,Hubballi
8275,Sketch Pen Set,Stationery,103.53,2025-05-18,1,1679,Udupi
8276,Milk 1L,Dairy,1234.13,2022-08-18,2,1350,Kalaburagi
8277,Paneer 200g,Dairy,3486.17,2025-10-27,7,2348,Shivamogga
8278,Groundnut Oil 1L,Groceries,458.79,2023-11-07,2,2233,Bengaluru
8279,Basmati Rice 5kg,Groceries,5353.01,2022-02-14,4,1900,Mysuru
8280,Bluetooth Speaker,Electronics,7852.51,2024-06-05,5,2401,Belagavi
8281,Scrub Pad,Home Care,13775.01,2025-09-16,8,1794,Hubballi
8282,Butter 100g,Dairy,89.08,2023-04-14,1,2592,Mangaluru
8283,Extension Board,Electronics,3720.89,2024-04-03,2,1967,Bengaluru
8284,Mango Juice 1L,Beverages,11643.81,2024-02-09,6,1205,Tumakuru
8285,Keyboard,Electronics,10540.31,2023-07-24,5,1778,Vijayapura
8286,Chocolate Bar,Snacks,11399.32,2025-08-11,5,2035,Vijayapura
8287,Toothpaste 150g,Personal Care,2102.25,2022-06-22,5,2929,Kalaburagi
8288,Marker Pen,Stationery,2563.75,2022-05-18,4,2776,Mysuru
8289,LED Bulb 9W,Electronics,16602.73,2023-07-11,8,2929,Udupi
8290,Mobile Charger,Electronics,12076.02,2025-05-04,8,2674,Udupi
8291,Mango Juice 1L,Beverages,16948.89,2023-10-27,8,2177,Mysuru
8292,Wireless Earphones,Electronics,5245.82,2025-03-24,5,1627,Bengaluru
8293,Rice 5kg,Groceries,7843.41,2025-01-19,5,1523,Tumakuru
8294,LED Bulb 9W,Electronics,6240.15,2023-08-16,3,2148,Udupi
8295,Pendrive 64GB,Electronics,17085.25,2025-08-11,8,2962,Davanagere
8296,Extension Board,Electronics,14337.17,2025-07-31,8,2380,Davanagere
8297,Chocolate Bar,Snacks,12543.19,2024-08-20,5,2895,Hubballi
8298,Sanitary Pads,Personal Care,1763.01,2023-07-16,1,2755,Mangaluru
8299,Almonds 500g,Groceries,441.24,2025-01-06,2,1931,Mysuru
8300,Namkeen Mix,Snacks,5219.85,2025-03-16,3,1915,Belagavi
8301,Body Lotion,Personal Care,3301.78,2024-06-04,7,1871,Udupi
8302,Khakhra Pack,Snacks,560.31,2022-06-17,1,2205,Mysuru
8303,Mineral Water 1L,Beverages,9873.76,2022-12-02,4,1780,Belagavi
8304,Potato Chips,Snacks,3452.41,2025-08-21,6,2252,Hubballi
8305,Parle-G Biscuits,Snacks,12884.58,2025-04-01,8,2017,Bengaluru
8306,Sketch Pen Set,Stationery,588.15,2024-07-05,6,1653,Vijayapura
8307,Parle-G Biscuits,Snacks,1673.6,2025-08-29,1,1894,Udupi
8308,Dishwash Liquid,Home Care,1813.54,2025-09-16,7,1621,Belagavi
8309,Sanitary Pads,Personal Care,15988.89,2022-08-16,8,1557,Bengaluru
8310,Coconut Oil 1L,Groceries,5109.11,2024-08-16,8,2935,Bengaluru
8311,Banana Chips,Snacks,9770.04,2022-02-07,6,2428,Mysuru
8312,Ghee 500ml,Groceries,1773.06,2023-06-09,6,2266,Belagavi
8313,Sugar 1kg,Groceries,10986.28,2023-10-26,6,1271,Shivamogga
8314,Ice Cream Tub,Dairy,3692.17,2023-07-02,4,2913,Udupi
8315,Instant Noodles,Groceries,2638.48,2023-11-21,5,2454,Kalaburagi
8316,HDMI Cable,Electronics,17578.75,2025-10-10,8,1840,Hubballi
8317,LED Bulb 9W,Electronics,12590.65,2023-01-12,6,1007,Udupi
8318,Vermicelli 500g,Groceries,643.67,2023-12-01,1,2950,Hubballi
8319,Wheat Atta 10kg,Groceries,611.69,2024-08-20,8,1268,Ballari
8320,File Folder,Stationery,4215.22,2025-03-17,3,1670,Kalaburagi
8321,Pendrive 64GB,Electronics,15397.18,2025-02-11,8,2191,Belagavi
8322,Mango Juice 1L,Beverages,15024.53,2022-02-16,7,1481,Tumakuru
8323,Namkeen Mix,Snacks,1720.84,2023-01-19,1,2594,Davanagere
8324,Hand Wash,Personal Care,7292.28,2022-12-20,5,2314,Vijayapura
8325,Notebook,Stationery,8626.63,2022-04-05,4,1116,Davanagere
8326,Lassi 200ml,Beverages,8595.18,2024-06-04,7,1727,Hubballi
8327,Scrub Pad,Home Care,13810.79,2024-08-14,8,2395,Ballari
8328,USB Cable,Electronics,3869.91,2022-08-06,3,1861,Belagavi
8329,Oats 1kg,Groceries,4462.6,2024-03-08,2,1396,Kalaburagi
8330,Namkeen Mix,Snacks,8828.89,2025-11-07,6,1965,Mangaluru
8331,Cashew 500g,Groceries,2144.11,2022-07-22,3,1796,Vijayapura
8332,Filter Coffee 500g,Beverages,555.18,2024-09-02,6,2086,Bengaluru
8333,Scrub Pad,Home Care,4540.17,2024-09-06,3,2372,Bengaluru
8334,Toor Dal 1kg,Groceries,1318.96,2023-09-23,2,2690,Udupi
8335,Honey 500g,Groceries,1527.48,2024-09-10,1,1614,Hubballi
8336,Shampoo 180ml,Personal Care,6136.5,2022-12-26,7,2553,Belagavi
8337,Eraser Pack,Stationery,2904.07,2022-01-08,5,1185,Udupi
8338,Energy Drink,Beverages,10359.93,2025-06-09,6,1242,Mysuru
8339,Torch Light,Electronics,4473.12,2023-09-08,3,1862,Belagavi
8340,Salt 1kg,Groceries,6206.17,2022-08-08,4,2111,Mangaluru
8341,Instant Noodles,Groceries,4774.86,2022-07-13,8,1539,Tumakuru
8342,Coconut Oil 1L,Groceries,3294.26,2022-06-18,6,2339,Mangaluru
8343,Urad Dal 1kg,Groceries,2444.01,2025-02-26,4,2667,Udupi
8344,Groundnut Oil 1L,Groceries,1442.71,2024-02-28,6,1886,Kalaburagi
8345,Hand Wash,Personal Care,7123.88,2025-03-21,5,2941,Belagavi
8346,Face Wash,Personal Care,9998.82,2024-01-02,4,2804,Kalaburagi
8347,Notebook,Stationery,6268.02,2023-09-07,3,1789,Hubballi
8348,Air Freshener,Home Care,18768.2,2025-07-09,8,2127,Kalaburagi
8349,Poha 1kg,Groceries,139.92,2022-01-20,1,2672,Udupi
8350,Shampoo 180ml,Personal Care,6875.87,2022-10-07,8,2401,Mysuru
8351,Deodorant,Personal Care,1807.79,2024-04-01,4,1325,Shivamogga
8352,Salt 1kg,Groceries,9888.68,2022-11-20,6,1870,Davanagere
8353,Eraser Pack,Stationery,1810.76,2025-09-02,3,2298,Belagavi
8354,Keyboard,Electronics,8075.0,2022-10-22,4,1809,Ballari
8355,Glass Cleaner,Home Care,7825.54,2023-05-08,8,2503,Ballari
8356,Laptop Sleeve,Electronics,3022.96,2022-06-12,5,2642,Mangaluru
8357,Sketch Pen Set,Stationery,689.24,2024-11-03,7,1999,Davanagere
8358,USB Cable,Electronics,11421.79,2024-02-25,8,2883,Vijayapura
8359,Milk 1L,Dairy,539.12,2024-06-26,1,1778,Udupi
8360,Bath Soap,Personal Care,13157.63,2024-02-20,7,1643,Mangaluru
8361,Notebook,Stationery,4356.26,2024-09-22,2,1452,Mysuru
8362,Laptop Sleeve,Electronics,523.4,2023-08-09,1,1042,Belagavi
8363,Filter Coffee 500g,Beverages,93.15,2022-07-29,1,2161,Mysuru
8364,Banana Chips,Snacks,7035.6,2025-11-10,5,1509,Davanagere
8365,Groundnut Oil 1L,Groceries,695.85,2024-06-15,3,2084,Mysuru
8366,Ball Pen Pack,Stationery,10272.76,2024-01-03,7,1651,Bengaluru
8367,Milk 1L,Dairy,2190.42,2022-05-10,4,2356,Mysuru
8368,Urad Dal 1kg,Groceries,1197.43,2024-11-12,2,1619,Shivamogga
8369,Cheese Slices,Dairy,8019.72,2022-07-07,8,2665,Hubballi
8370,Scrub Pad,Home Care,1669.69,2025-11-29,1,2467,Mysuru
8371,Laptop Sleeve,Electronics,4308.56,2023-01-26,8,1189,Davanagere
8372,Ghee 500ml,Groceries,2064.36,2024-10-20,7,1478,Bengaluru
8373,Toothpaste 150g,Personal Care,844.54,2025-12-05,2,2741,Davanagere
8374,Dishwash Liquid,Home Care,1959.58,2025-05-04,8,1986,Kalaburagi
8375,Phone Stand,Electronics,926.32,2022-01-12,1,1201,Kalaburagi
8376,Ball Pen Pack,Stationery,4581.36,2022-06-07,3,2694,Ballari
8377,Buttermilk 200ml,Beverages,2201.01,2022-11-23,3,2945,Udupi
8378,Power Bank 10000mAh,Electronics,2668.3,2024-05-01,1,1159,Hubballi
8379,Sketch Pen Set,Stationery,674.21,2025-11-19,7,2216,Tumakuru
8380,Khakhra Pack,Snacks,504.08,2025-08-24,1,1642,Mysuru
8381,Wireless Earphones,Electronics,3713.42,2022-03-26,4,2710,Belagavi
8382,Air Freshener,Home Care,4516.71,2025-02-14,2,2457,Bengaluru
8383,Sugar 1kg,Groceries,8934.9,2022-06-19,5,2832,Shivamogga
8384,Extension Board,Electronics,3811.5,2025-03-17,2,2933,Shivamogga
8385,Buttermilk 200ml,Beverages,4319.55,2022-11-06,7,1987,Tumakuru
8386,Mineral Water 1L,Beverages,9699.33,2025-12-10,4,2767,Belagavi
8387,Bluetooth Speaker,Electronics,14036.68,2024-05-04,8,1102,Shivamogga
8388,USB Cable,Electronics,7898.28,2023-10-11,6,1968,Shivamogga
8389,Wheat Atta 10kg,Groceries,383.01,2023-09-27,5,1821,Belagavi
8390,Groundnut Oil 1L,Groceries,1679.18,2023-06-24,7,2358,Udupi
8391,Pendrive 64GB,Electronics,15530.78,2024-10-04,7,1692,Belagavi
8392,Paneer 200g,Dairy,1538.94,2024-10-18,3,1224,Mysuru
8393,Printer Paper,Stationery,4212.84,2024-01-26,2,2976,Ballari
8394,Toor Dal 1kg,Groceries,1423.1,2025-10-06,2,2610,Shivamogga
8395,Coconut Oil 1L,Groceries,4340.88,2022-12-15,8,1823,Davanagere
8396,Instant Noodles,Groceries,4069.08,2023-10-30,7,2818,Bengaluru
8397,Power Bank 10000mAh,Electronics,12736.35,2022-07-07,5,2848,Belagavi
8398,Mobile Charger,Electronics,4270.64,2023-06-18,3,2569,Mangaluru
8399,Khakhra Pack,Snacks,4567.85,2022-02-08,8,2086,Ballari
8400,Groundnut Oil 1L,Groceries,1512.06,2022-05-13,6,1673,Mysuru
8401,Toilet Cleaner,Home Care,12548.38,2025-09-09,8,1851,Mangaluru
8402,Murukku Pack,Snacks,3668.17,2024-06-28,5,1089,Belagavi
8403,Mixture Snack,Snacks,9250.51,2025-02-27,5,2363,Ballari
8404,Parle-G Biscuits,Snacks,7587.24,2022-01-12,5,1912,Tumakuru
8405,Phone Stand,Electronics,1996.42,2022-01-22,2,1091,Tumakuru
8406,Stapler,Stationery,1733.55,2023-03-27,2,1873,Shivamogga
8407,Peanut Butter,Groceries,5960.31,2023-04-08,8,2221,Udupi
8408,HDMI Cable,Electronics,17582.55,2022-08-03,8,2400,Bengaluru
8409,Ragi Flour 1kg,Groceries,8167.76,2024-07-29,5,2605,Mysuru
8410,Poha 1kg,Groceries,121.06,2024-10-09,1,1886,Bengaluru
8411,Milk 1L,Dairy,4360.91,2022-08-16,8,2455,Udupi
8412,Stapler,Stationery,722.96,2024-07-08,1,2869,Davanagere
8413,Instant Noodles,Groceries,2541.83,2023-08-05,5,2995,Shivamogga
8414,Ghee 500ml,Groceries,2136.49,2024-12-20,8,2281,Tumakuru
8415,Scrub Pad,Home Care,13626.86,2024-06-06,8,1877,Davanagere
8416,Potato Chips,Snacks,1156.98,2022-11-23,2,2636,Mangaluru
8417,Instant Noodles,Groceries,2085.78,2022-08-29,4,1531,Hubballi
8418,Wheat Atta 10kg,Groceries,226.93,2022-11-21,3,1927,Mangaluru
8419,Ghee 500ml,Groceries,2178.87,2023-02-06,8,1866,Davanagere
8420,Mobile Charger,Electronics,1498.88,2025-10-20,1,2181,Mysuru
8421,Bath Soap,Personal Care,1697.2,2025-04-11,1,2656,Belagavi
8422,Notebook,Stationery,17040.88,2024-03-11,8,2211,Udupi
8423,Stapler,Stationery,736.63,2025-10-06,1,2586,Mangaluru
8424,Cashew 500g,Groceries,5471.1,2022-05-05,7,2090,Hubballi
8425,Chocolate Bar,Snacks,4913.52,2025-02-19,2,2106,Bengaluru
8426,Soft Drink 750ml,Beverages,216.33,2025-09-09,6,1079,Mysuru
8427,Khakhra Pack,Snacks,1689.21,2025-08-31,3,1816,Udupi
8428,LED Bulb 9W,Electronics,14757.52,2024-02-01,8,2899,Shivamogga
8429,Eraser Pack,Stationery,4081.66,2025-06-29,6,1217,Shivamogga
8430,Good Day Biscuits,Snacks,9481.32,2024-02-15,7,2543,Mysuru
8431,Hand Wash,Personal Care,9968.05,2025-03-18,7,1832,Shivamogga
8432,Marker Pen,Stationery,5193.73,2023-01-30,7,1791,Bengaluru
8433,Potato Chips,Snacks,3225.69,2024-02-09,6,2052,Davanagere
8434,Face Wash,Personal Care,7626.05,2025-06-21,3,1304,Mangaluru
8435,Poha 1kg,Groceries,649.44,2025-01-30,5,2936,Bengaluru
8436,Ice Cream Tub,Dairy,4178.47,2024-06-18,5,2146,Davanagere
8437,Detergent Powder 1kg,Home Care,2164.63,2025-01-02,8,2874,Hubballi
8438,Sticky Notes,Stationery,3621.29,2022-04-25,5,1105,Kalaburagi
8439,Rice 5kg,Groceries,10992.07,2025-01-10,7,1600,Ballari
8440,Notebook,Stationery,8891.96,2025-02-28,4,1474,Bengaluru
8441,Rice 5kg,Groceries,7917.45,2023-04-07,5,2437,Shivamogga
8442,HDMI Cable,Electronics,14157.71,2024-12-28,7,2248,Udupi
8443,File Folder,Stationery,12173.27,2024-02-26,8,1566,Vijayapura
8444,Extension Board,Electronics,14265.93,2022-01-11,8,1583,Belagavi
8445,Glass Cleaner,Home Care,987.09,2023-10-07,1,2532,Ballari
8446,Extension Board,Electronics,1742.93,2022-01-31,1,1260,Davanagere
8447,HDMI Cable,Electronics,2093.74,2024-07-21,1,1872,Belagavi
8448,Green Tea,Beverages,1559.99,2022-01-09,2,2405,Bengaluru
8449,Poha 1kg,Groceries,144.25,2022-08-31,1,2834,Vijayapura
8450,Marker Pen,Stationery,4445.09,2023-11-04,6,1612,Davanagere
8451,Detergent Powder 1kg,Home Care,252.11,2023-01-04,1,1993,Belagavi
8452,Urad Dal 1kg,Groceries,3741.84,2022-12-04,7,2027,Shivamogga
8453,Rice 5kg,Groceries,11982.45,2023-10-07,8,1459,Mangaluru
8454,Wheat Atta 10kg,Groceries,511.22,2025-01-03,6,1739,Mysuru
8455,Ragi Flour 1kg,Groceries,11448.89,2022-08-28,6,1387,Shivamogga
8456,Mango Juice 1L,Beverages,10027.79,2022-07-08,5,2641,Davanagere
8457,Instant Noodles,Groceries,4495.84,2023-12-09,8,1028,Udupi
8458,Ghee 500ml,Groceries,509.4,2025-06-28,2,2529,Udupi
8459,Good Day Biscuits,Snacks,6291.93,2022-02-20,5,1735,Udupi
8460,Curd 500g,Dairy,5859.42,2022-02-15,5,2983,Udupi
8461,Rice 5kg,Groceries,12225.23,2022-03-27,8,1563,Udupi
8462,Green Tea,Beverages,1370.85,2025-04-03,2,2237,Hubballi
8463,Dishwash Liquid,Home Care,775.34,2025-12-04,3,2280,Mangaluru
8464,Energy Drink,Beverages,7899.6,2024-11-12,5,1954,Vijayapura
8465,Hair Oil 200ml,Personal Care,866.26,2022-11-05,1,2382,Shivamogga
8466,Shampoo 180ml,Personal Care,3526.27,2024-02-08,4,1105,Shivamogga
8467,Murukku Pack,Snacks,2680.09,2022-04-03,4,1899,Mysuru
8468,Soft Drink 750ml,Beverages,192.5,2022-09-10,5,1417,Davanagere
8469,Detergent Powder 1kg,Home Care,1278.96,2022-10-08,5,2322,Shivamogga
8470,Stapler,Stationery,1626.3,2024-05-31,2,1798,Vijayapura
8471,Notebook,Stationery,8192.5,2023-03-02,4,2983,Tumakuru
8472,Almonds 500g,Groceries,799.02,2023-09-20,4,2846,Udupi
8473,Ragi Flour 1kg,Groceries,8611.95,2024-05-11,5,2131,Mysuru
8474,Green Tea,Beverages,745.43,2025-04-10,1,1655,Mysuru
8475,Ball Pen Pack,Stationery,11315.31,2025-08-30,7,2903,Mysuru
8476,Stapler,Stationery,6569.23,2025-03-31,8,1981,Tumakuru
8477,Toilet Cleaner,Home Care,6646.4,2022-04-05,4,1264,Hubballi
8478,Wheat Atta 10kg,Groceries,381.9,2023-03-07,5,1493,Hubballi
8479,Mouse,Electronics,2165.7,2025-03-13,4,1792,Bengaluru
8480,Mixture Snack,Snacks,11013.82,2025-09-11,6,1315,Davanagere
8481,Toor Dal 1kg,Groceries,3163.36,2023-09-28,5,1503,Ballari
8482,Hand Wash,Personal Care,10561.78,2023-09-13,7,1958,Bengaluru
8483,Bluetooth Speaker,Electronics,5038.8,2022-11-25,3,1951,Shivamogga
8484,Scrub Pad,Home Care,12268.25,2023-02-19,7,1847,Ballari
8485,Urad Dal 1kg,Groceries,3238.43,2024-09-21,6,1397,Ballari
8486,Groundnut Oil 1L,Groceries,664.6,2022-03-30,3,2156,Davanagere
8487,Urad Dal 1kg,Groceries,1172.06,2025-04-04,2,2111,Mangaluru
8488,Ball Pen Pack,Stationery,12431.4,2025-07-16,8,2408,Davanagere
8489,Ghee 500ml,Groceries,543.52,2024-03-22,2,1284,Mysuru
8490,Rice 5kg,Groceries,12003.68,2024-04-06,7,1943,Ballari
8491,Shampoo 180ml,Personal Care,1858.72,2025-01-20,2,2941,Vijayapura
8492,Ice Cream Tub,Dairy,834.85,2024-03-28,1,2749,Ballari
8493,Sketch Pen Set,Stationery,214.17,2022-11-23,2,1997,Vijayapura
8494,Sunflower Oil 1L,Groceries,11669.66,2022-12-01,5,1757,Mangaluru
8495,Marker Pen,Stationery,3336.16,2024-10-28,5,2903,Bengaluru
8496,Namkeen Mix,Snacks,3369.86,2025-05-07,2,1275,Mangaluru
8497,File Folder,Stationery,6497.29,2025-06-05,5,2249,Davanagere
8498,Lassi 200ml,Beverages,8352.78,2022-09-10,8,1085,Ballari
8499,Groundnut Oil 1L,Groceries,898.03,2022-01-09,4,2266,Ballari
8500,Almonds 500g,Groceries,1036.54,2024-12-22,5,1934,Ballari
8501,Peanut Butter,Groceries,871.5,2023-07-11,1,2838,Ballari
8502,Extension Board,Electronics,6960.26,2023-10-14,4,2105,Tumakuru
8503,Deodorant,Personal Care,1246.86,2023-01-10,3,1205,Hubballi
8504,Tea Powder 500g,Beverages,1049.81,2024-05-15,1,2532,Udupi
8505,Chocolate Bar,Snacks,10674.52,2025-08-03,5,2241,Vijayapura
8506,Air Freshener,Home Care,11683.73,2022-02-19,5,2088,Davanagere
8507,Corn Flakes,Groceries,2519.67,2023-03-10,1,1912,Ballari
8508,Shampoo 180ml,Personal Care,5396.5,2023-05-09,6,1899,Mysuru
8509,Potato Chips,Snacks,4153.23,2024-12-13,7,2081,Davanagere
8510,Toor Dal 1kg,Groceries,3856.44,2022-06-14,5,1684,Shivamogga
8511,Smart Watch,Electronics,2653.91,2024-06-19,2,1411,Udupi
8512,Filter Coffee 500g,Beverages,499.41,2022-09-02,5,2722,Davanagere
8513,Laptop Sleeve,Electronics,3307.52,2022-10-09,6,1554,Davanagere
8514,Mineral Water 1L,Beverages,12505.45,2023-06-01,5,1505,Hubballi
8515,Parle-G Biscuits,Snacks,14296.47,2022-11-22,8,1921,Hubballi
8516,Sugar 1kg,Groceries,11409.47,2025-06-16,6,1979,Tumakuru
8517,Hand Wash,Personal Care,4162.14,2023-09-25,3,2690,Bengaluru
8518,Body Lotion,Personal Care,2317.64,2024-04-01,5,1519,Bengaluru
8519,Parle-G Biscuits,Snacks,9677.12,2023-08-26,6,1833,Tumakuru
8520,Banana Chips,Snacks,3021.96,2025-11-30,2,1995,Ballari
8521,Phone Stand,Electronics,6478.38,2023-12-04,6,2293,Mangaluru
8522,Ragi Flour 1kg,Groceries,10951.83,2023-09-08,6,1307,Belagavi
8523,Vermicelli 500g,Groceries,4015.96,2022-12-24,7,2250,Mangaluru
8524,Peanut Butter,Groceries,879.48,2022-11-28,1,1278,Udupi
8525,Chocolate Bar,Snacks,19177.64,2022-03-31,8,1888,Kalaburagi
8526,Urad Dal 1kg,Groceries,1104.55,2023-06-17,2,1214,Hubballi
8527,Mouse,Electronics,1742.35,2023-04-23,3,2141,Tumakuru
8528,Laptop Sleeve,Electronics,2476.3,2025-06-15,4,1277,Hubballi
8529,Stapler,Stationery,5209.43,2024-01-04,7,2325,Belagavi
8530,Namkeen Mix,Snacks,10676.25,2024-04-24,7,2830,Tumakuru
8531,Curd 500g,Dairy,1203.67,2024-04-02,1,1764,Davanagere
8532,Wireless Earphones,Electronics,970.19,2023-10-02,1,1412,Davanagere
8533,HDMI Cable,Electronics,4678.35,2025-04-02,2,1330,Tumakuru
8534,Mixture Snack,Snacks,15349.17,2024-01-19,8,1009,Kalaburagi
8535,Khakhra Pack,Snacks,491.26,2022-06-08,1,1305,Tumakuru
8536,Murukku Pack,Snacks,3652.89,2025-07-27,5,2696,Bengaluru
8537,Honey 500g,Groceries,10540.44,2025-05-23,7,2604,Bengaluru
8538,Oats 1kg,Groceries,3953.68,2025-05-08,2,1218,Tumakuru
8539,Cheese Slices,Dairy,6004.87,2025-04-29,6,2788,Shivamogga
8540,Basmati Rice 5kg,Groceries,9482.37,2023-05-25,6,1080,Bengaluru
8541,Butter 100g,Dairy,739.35,2023-07-05,8,2750,Tumakuru
8542,Potato Chips,Snacks,4739.5,2025-08-25,8,2415,Mangaluru
8543,Rice 5kg,Groceries,9019.79,2022-09-25,6,1697,Kalaburagi
8544,Instant Noodles,Groceries,4508.04,2023-02-09,8,1116,Davanagere
8545,Hair Oil 200ml,Personal Care,2363.73,2024-03-23,3,1765,Tumakuru
8546,Oats 1kg,Groceries,3988.33,2024-07-05,2,1122,Kalaburagi
8547,Stapler,Stationery,5898.18,2022-05-15,7,2771,Mysuru
8548,Bluetooth Speaker,Electronics,3238.75,2023-06-02,2,1002,Kalaburagi
8549,Mixture Snack,Snacks,11029.47,2022-02-15,6,1834,Belagavi
8550,Shampoo 180ml,Personal Care,2839.59,2024-05-11,3,2860,Belagavi
8551,Extension Board,Electronics,9756.21,2025-08-16,5,1628,Kalaburagi
8552,Murukku Pack,Snacks,3798.05,2024-06-01,6,2380,Kalaburagi
8553,Coconut Oil 1L,Groceries,638.82,2023-01-30,1,1583,Davanagere
8554,Smart Watch,Electronics,6417.02,2024-04-22,5,1031,Mangaluru
8555,Keyboard,Electronics,12136.17,2023-12-23,6,1394,Udupi
8556,Instant Noodles,Groceries,4209.77,2025-05-12,8,2310,Ballari
8557,Bluetooth Speaker,Electronics,10438.52,2023-01-19,6,1122,Belagavi
8558,Tea Powder 500g,Beverages,6886.54,2022-12-02,6,2971,Ballari
8559,Bath Soap,Personal Care,6374.69,2022-07-22,4,1818,Belagavi
8560,Toilet Cleaner,Home Care,1641.74,2023-05-20,1,2285,Mangaluru
8561,Lassi 200ml,Beverages,9185.76,2023-07-26,8,1604,Kalaburagi
8562,Notebook,Stationery,7855.58,2022-10-25,4,2215,Udupi
8563,Basmati Rice 5kg,Groceries,9023.02,2024-12-11,6,1878,Davanagere
8564,Torch Light,Electronics,7904.65,2022-04-21,5,1605,Davanagere
8565,Deodorant,Personal Care,1214.95,2025-07-27,3,2566,Tumakuru
8566,Mobile Charger,Electronics,10335.36,2024-11-10,8,1433,Kalaburagi
8567,Ball Pen Pack,Stationery,3146.97,2022-01-21,2,1840,Davanagere
8568,File Folder,Stationery,2554.25,2025-05-06,2,2173,Davanagere
8569,Corn Flakes,Groceries,11300.53,2022-12-22,5,2257,Ballari
8570,Bath Soap,Personal Care,6397.52,2025-07-26,4,1532,Mangaluru
8571,Good Day Biscuits,Snacks,4116.62,2024-05-17,3,1729,Ballari
8572,Almonds 500g,Groceries,1906.75,2022-04-14,8,2982,Mangaluru
8573,Notebook,Stationery,3739.92,2025-08-10,2,1745,Davanagere
8574,Oats 1kg,Groceries,4265.41,2024-12-18,2,2523,Belagavi
8575,Toilet Cleaner,Home Care,7857.1,2023-12-20,5,2828,Tumakuru
8576,Almonds 500g,Groceries,448.89,2023-04-02,2,1588,Hubballi
8577,Power Bank 10000mAh,Electronics,11085.94,2024-08-15,5,2417,Bengaluru
8578,Keyboard,Electronics,1911.19,2025-08-28,1,1444,Mysuru
8579,LED Bulb 9W,Electronics,12397.79,2023-08-22,6,1489,Shivamogga
8580,Sanitary Pads,Personal Care,9793.61,2025-06-22,5,1043,Udupi
8581,Air Freshener,Home Care,10879.38,2022-09-10,4,1320,Ballari
8582,Mango Juice 1L,Beverages,4147.61,2022-05-27,2,1374,Tumakuru
8583,Basmati Rice 5kg,Groceries,4002.4,2025-09-13,3,2047,Mysuru
8584,Ragi Flour 1kg,Groceries,8417.09,2024-10-12,5,2997,Ballari
8585,Pendrive 64GB,Electronics,8892.2,2025-07-25,4,2990,Davanagere
8586,Sunflower Oil 1L,Groceries,16282.83,2022-02-27,8,1910,Bengaluru
8587,Eraser Pack,Stationery,4128.65,2022-02-10,6,2308,Tumakuru
8588,Potato Chips,Snacks,4100.7,2023-01-15,7,1909,Tumakuru
8589,Shampoo 180ml,Personal Care,4503.78,2023-02-19,5,1267,Tumakuru
8590,Vermicelli 500g,Groceries,4356.55,2024-10-12,8,2242,Ballari
8591,Sunflower Oil 1L,Groceries,11696.0,2022-03-24,5,1986,Ballari
8592,Eraser Pack,Stationery,2496.71,2024-11-25,4,2022,Davanagere
8593,Phone Stand,Electronics,5654.51,2025-08-27,6,1391,Vijayapura
8594,Jam 500g,Groceries,7478.86,2023-02-04,7,1797,Vijayapura
8595,Paneer 200g,Dairy,2494.76,2023-07-03,5,1221,Kalaburagi
8596,Jam 500g,Groceries,4390.57,2024-01-13,4,1927,Udupi
8597,Oats 1kg,Groceries,6616.11,2024-03-29,3,2656,Mangaluru
8598,Lassi 200ml,Beverages,1065.45,2023-12-22,1,1215,Shivamogga
8599,Lassi 200ml,Beverages,6483.52,2023-08-05,6,1915,Ballari
8600,Bluetooth Speaker,Electronics,3340.25,2023-11-10,2,2505,Hubballi
8601,Face Wash,Personal Care,8753.36,2025-08-19,4,1914,Vijayapura
8602,Toilet Cleaner,Home Care,3212.29,2023-03-13,2,2314,Belagavi
8603,Bluetooth Speaker,Electronics,11124.89,2022-05-11,6,2263,Tumakuru
8604,Butter 100g,Dairy,669.93,2025-07-15,8,1104,Mangaluru
8605,Parle-G Biscuits,Snacks,1730.19,2022-03-30,1,1352,Davanagere
8606,Sketch Pen Set,Stationery,670.45,2025-06-04,7,2580,Vijayapura
8607,Coconut Oil 1L,Groceries,4354.61,2022-01-11,8,1719,Mysuru
8608,Sticky Notes,Stationery,2193.03,2023-04-11,3,2051,Kalaburagi
8609,Sunflower Oil 1L,Groceries,14669.57,2025-06-11,7,2434,Bengaluru
8610,Vermicelli 500g,Groceries,2521.99,2024-02-24,4,2225,Hubballi
8611,Bath Soap,Personal Care,14385.77,2025-11-01,8,1344,Udupi
8612,Bluetooth Speaker,Electronics,8890.72,2024-02-28,5,2587,Mangaluru
8613,Shampoo 180ml,Personal Care,6543.57,2025-10-17,7,2252,Davanagere
8614,Ragi Flour 1kg,Groceries,6488.04,2023-12-14,4,1335,Kalaburagi
8615,Power Bank 10000mAh,Electronics,9809.36,2022-10-02,4,2760,Kalaburagi
8616,Urad Dal 1kg,Groceries,4428.04,2025-05-19,8,1395,Udupi
8617,Butter 100g,Dairy,460.04,2023-09-06,5,1515,Kalaburagi
8618,Lassi 200ml,Beverages,6147.8,2022-08-24,5,2216,Udupi
8619,Oats 1kg,Groceries,15844.31,2023-10-09,7,2985,Kalaburagi
8620,Peanut Butter,Groceries,5239.53,2023-06-23,7,2371,Hubballi
8621,Instant Noodles,Groceries,2448.03,2025-03-22,5,2942,Udupi
8622,Mixture Snack,Snacks,16046.4,2025-09-23,8,1153,Shivamogga
8623,Sanitary Pads,Personal Care,7555.36,2024-04-27,4,2082,Shivamogga
8624,Rice 5kg,Groceries,11712.67,2025-10-12,8,1225,Ballari
8625,Soft Drink 750ml,Beverages,198.89,2022-08-31,6,2619,Bengaluru
8626,Face Wash,Personal Care,4934.32,2024-06-08,2,1928,Mangaluru
8627,Toor Dal 1kg,Groceries,5453.82,2022-08-04,8,1561,Belagavi
8628,Green Tea,Beverages,4895.71,2022-06-08,7,2269,Tumakuru
8629,Khakhra Pack,Snacks,4477.48,2022-01-20,8,2984,Mysuru
8630,Vermicelli 500g,Groceries,610.51,2023-04-26,1,1558,Bengaluru
8631,Milk 1L,Dairy,617.01,2024-03-14,1,2340,Shivamogga
8632,Cashew 500g,Groceries,5758.02,2023-09-15,8,1946,Shivamogga
8633,Chocolate Bar,Snacks,15950.12,2024-07-26,7,2808,Hubballi
8634,Banana Chips,Snacks,11802.91,2023-09-09,8,1172,Bengaluru
8635,Cashew 500g,Groceries,727.83,2023-10-27,1,2259,Bengaluru
8636,Soft Drink 750ml,Beverages,137.07,2025-06-07,4,2605,Belagavi
8637,Namkeen Mix,Snacks,4507.75,2025-12-10,3,1994,Kalaburagi
8638,Toor Dal 1kg,Groceries,5246.57,2024-02-08,7,2948,Shivamogga
8639,Floor Cleaner 1L,Home Care,16022.83,2022-01-26,8,1660,Hubballi
8640,Ball Pen Pack,Stationery,4702.04,2022-01-01,3,2948,Davanagere
8641,Sketch Pen Set,Stationery,204.6,2024-05-05,2,1306,Vijayapura
8642,Hair Oil 200ml,Personal Care,929.04,2025-08-22,1,1774,Mysuru
8643,Coconut Oil 1L,Groceries,594.81,2022-04-14,1,1885,Tumakuru
8644,Good Day Biscuits,Snacks,9799.64,2023-03-28,7,1888,Davanagere
8645,Groundnut Oil 1L,Groceries,1435.2,2023-07-06,6,1243,Mysuru
8646,Deodorant,Personal Care,3363.18,2024-06-01,8,2382,Hubballi
8647,Paneer 200g,Dairy,2520.66,2022-03-08,5,2163,Vijayapura
8648,Ice Cream Tub,Dairy,933.94,2023-07-10,1,2262,Tumakuru
8649,Tea Powder 500g,Beverages,2974.9,2024-11-13,3,1449,Bengaluru
8650,Keyboard,Electronics,15683.57,2023-09-29,8,2459,Davanagere
8651,Sanitary Pads,Personal Care,5217.0,2023-03-20,3,1933,Shivamogga
8652,Eraser Pack,Stationery,4851.43,2024-03-13,7,2102,Kalaburagi
8653,Hand Wash,Personal Care,4543.24,2023-06-04,3,2886,Ballari
8654,Toothpaste 150g,Personal Care,1464.09,2022-03-15,4,2168,Udupi
8655,Body Lotion,Personal Care,959.84,2023-06-12,2,2000,Shivamogga
8656,Jam 500g,Groceries,5425.49,2023-02-03,6,2745,Hubballi
8657,Ice Cream Tub,Dairy,7927.8,2025-09-09,8,1180,Mysuru
8658,Poha 1kg,Groceries,925.39,2024-12-04,7,2981,Mysuru
8659,Mobile Charger,Electronics,1398.98,2024-12-31,1,1374,Belagavi
8660,Khakhra Pack,Snacks,2934.34,2025-08-08,5,2700,Mysuru
8661,Torch Light,Electronics,5819.56,2024-05-10,4,2623,Shivamogga
8662,Groundnut Oil 1L,Groceries,1218.13,2022-12-10,5,2360,Hubballi
8663,Phone Stand,Electronics,1969.97,2025-03-13,2,1837,Kalaburagi
8664,LED Bulb 9W,Electronics,17737.06,2022-06-25,8,2631,Hubballi
8665,Good Day Biscuits,Snacks,2668.61,2024-11-15,2,2490,Mysuru
8666,LED Bulb 9W,Electronics,15021.1,2022-02-17,7,1054,Belagavi
8667,Body Lotion,Personal Care,426.99,2023-09-18,1,1577,Vijayapura
8668,Power Bank 10000mAh,Electronics,2564.72,2025-10-29,1,2650,Ballari
8669,Tea Powder 500g,Beverages,5884.11,2023-04-02,6,2263,Belagavi
8670,Soft Drink 750ml,Beverages,292.41,2022-07-10,8,2773,Udupi
8671,File Folder,Stationery,2893.44,2025-11-05,2,1329,Tumakuru
8672,Stapler,Stationery,725.48,2024-10-22,1,2729,Tumakuru
8673,Sunflower Oil 1L,Groceries,16649.94,2024-12-06,7,1149,Belagavi
8674,Basmati Rice 5kg,Groceries,2862.37,2025-08-01,2,1874,Udupi
8675,Ice Cream Tub,Dairy,1702.64,2024-08-13,2,2403,Mangaluru
8676,Lassi 200ml,Beverages,5399.74,2022-01-05,5,1839,Davanagere
8677,Sunflower Oil 1L,Groceries,2162.19,2024-11-28,1,2524,Shivamogga
8678,Instant Noodles,Groceries,1558.05,2025-10-21,3,1024,Belagavi
8679,Eraser Pack,Stationery,5037.48,2025-11-02,8,2208,Udupi
8680,Poha 1kg,Groceries,999.98,2022-01-14,8,1069,Hubballi
8681,Groundnut Oil 1L,Groceries,863.94,2022-05-13,4,2529,Ballari
8682,Murukku Pack,Snacks,1349.83,2025-04-22,2,2144,Vijayapura
8683,Hand Wash,Personal Care,4842.8,2025-11-06,3,1636,Vijayapura
8684,Printer Paper,Stationery,16977.88,2025-08-14,8,2966,Mysuru
8685,Buttermilk 200ml,Beverages,3445.28,2023-12-11,5,2770,Ballari
8686,Dishwash Liquid,Home Care,856.82,2022-06-04,3,2227,Vijayapura
8687,Sugar 1kg,Groceries,3331.01,2024-04-06,2,1476,Hubballi
8688,Power Bank 10000mAh,Electronics,8005.62,2024-06-26,3,2883,Davanagere
8689,Air Freshener,Home Care,2489.61,2025-03-28,1,1627,Kalaburagi
8690,Bath Soap,Personal Care,12274.82,2023-04-26,7,2264,Kalaburagi
8691,Ghee 500ml,Groceries,1546.25,2025-11-22,6,1570,Belagavi
8692,Stapler,Stationery,2210.26,2024-12-06,3,2298,Bengaluru
8693,Good Day Biscuits,Snacks,2640.51,2023-11-26,2,1978,Tumakuru
8694,Lassi 200ml,Beverages,6112.44,2025-10-08,5,2978,Shivamogga
8695,Paneer 200g,Dairy,2102.79,2024-01-13,4,1755,Hubballi
8696,Mango Juice 1L,Beverages,8026.17,2022-01-29,4,2033,Hubballi
8697,Buttermilk 200ml,Beverages,5136.01,2024-08-05,8,1655,Mangaluru
8698,Ragi Flour 1kg,Groceries,5494.41,2023-03-28,3,1302,Belagavi
8699,LED Bulb 9W,Electronics,10510.05,2022-07-16,5,2513,Hubballi
8700,Oats 1kg,Groceries,13943.86,2024-09-15,6,2622,Vijayapura
8701,Hand Wash,Personal Care,9997.79,2022-12-06,6,2130,Bengaluru
8702,Smart Watch,Electronics,6038.2,2024-02-05,4,1039,Bengaluru
8703,Chocolate Bar,Snacks,12550.18,2023-10-30,5,2580,Shivamogga
8704,Mouse,Electronics,646.73,2023-09-17,1,2602,Ballari
8705,Bath Soap,Personal Care,7954.23,2025-10-22,5,2109,Mangaluru
8706,Mouse,Electronics,3858.75,2023-12-13,7,2069,Davanagere
8707,Toothpaste 150g,Personal Care,1741.54,2024-07-14,4,1048,Tumakuru
8708,Mango Juice 1L,Beverages,13004.18,2024-08-06,6,2483,Hubballi
8709,Energy Drink,Beverages,1604.03,2024-01-23,1,1722,Ballari
8710,Banana Chips,Snacks,4371.31,2023-02-20,3,2920,Udupi
8711,Laptop Sleeve,Electronics,1234.3,2024-07-31,2,1765,Bengaluru
8712,Tea Powder 500g,Beverages,2077.33,2022-10-05,2,2303,Davanagere
8713,Urad Dal 1kg,Groceries,2448.2,2022-07-15,4,2699,Belagavi
8714,Body Lotion,Personal Care,3857.48,2024-02-17,8,2744,Udupi
8715,Marker Pen,Stationery,4511.77,2024-09-25,7,1184,Hubballi
8716,Body Lotion,Personal Care,3205.44,2022-03-05,8,2765,Udupi
8717,Vermicelli 500g,Groceries,2343.51,2025-01-10,4,2915,Vijayapura
8718,Instant Noodles,Groceries,1151.25,2025-12-13,2,1308,Kalaburagi
8719,Floor Cleaner 1L,Home Care,15746.81,2023-11-08,7,1928,Udupi
8720,Ghee 500ml,Groceries,1138.06,2024-09-23,4,2623,Tumakuru
8721,Wireless Earphones,Electronics,4632.94,2022-11-21,5,2283,Shivamogga
8722,Ice Cream Tub,Dairy,3018.11,2022-11-10,3,1025,Ballari
8723,Phone Stand,Electronics,4272.38,2024-04-15,4,2703,Belagavi
8724,Wireless Earphones,Electronics,2926.98,2025-11-08,3,2503,Tumakuru
8725,Good Day Biscuits,Snacks,5505.34,2024-07-05,4,1154,Ballari
8726,Energy Drink,Beverages,1729.27,2024-06-04,1,2168,Vijayapura
8727,HDMI Cable,Electronics,9175.5,2023-06-23,4,1697,Mysuru
8728,Sugar 1kg,Groceries,13333.64,2024-12-19,7,1409,Ballari
8729,Soft Drink 750ml,Beverages,99.05,2022-10-26,3,2996,Vijayapura
8730,Mouse,Electronics,3716.76,2025-11-22,7,1380,Davanagere
8731,Pendrive 64GB,Electronics,13170.87,2022-08-05,6,2537,Bengaluru
8732,Extension Board,Electronics,13194.73,2025-07-22,7,1026,Shivamogga
8733,Energy Drink,Beverages,9868.94,2025-08-25,6,2548,Tumakuru
8734,Shampoo 180ml,Personal Care,5314.1,2025-11-07,6,2191,Tumakuru
8735,Buttermilk 200ml,Beverages,3095.68,2023-03-15,5,1654,Mangaluru
8736,Instant Noodles,Groceries,562.51,2025-01-28,1,2822,Ballari
8737,Mouse,Electronics,4332.41,2024-12-11,7,1141,Mysuru
8738,Rice 5kg,Groceries,11817.16,2025-05-05,8,2525,Mangaluru
8739,Detergent Powder 1kg,Home Care,1584.05,2024-04-27,7,2048,Bengaluru
8740,Pendrive 64GB,Electronics,13881.08,2025-09-18,6,2036,Belagavi
8741,Power Bank 10000mAh,Electronics,11459.57,2024-09-26,5,1276,Mysuru
8742,Hair Oil 200ml,Personal Care,2529.14,2025-12-26,3,2013,Davanagere
8743,Chocolate Bar,Snacks,10053.84,2023-04-04,4,2589,Mysuru
8744,Jam 500g,Groceries,2076.01,2024-10-29,2,1113,Belagavi
8745,Toilet Cleaner,Home Care,7887.26,2022-04-06,5,2580,Vijayapura
8746,Air Freshener,Home Care,19117.05,2024-02-09,8,2050,Udupi
8747,Power Bank 10000mAh,Electronics,6741.17,2022-09-06,3,2139,Bengaluru
8748,Tea Powder 500g,Beverages,8154.36,2022-12-07,8,2226,Mysuru
8749,Toilet Cleaner,Home Care,2805.71,2024-03-02,2,1731,Vijayapura
8750,Body Lotion,Personal Care,2172.17,2023-03-21,5,1118,Mangaluru
8751,Dishwash Liquid,Home Care,481.57,2024-09-29,2,2081,Mysuru
8752,Sanitary Pads,Personal Care,1758.18,2025-12-11,1,1501,Mangaluru
8753,Bluetooth Speaker,Electronics,10360.4,2025-02-03,6,1189,Mysuru
8754,Stapler,Stationery,4920.82,2022-12-08,6,1050,Tumakuru
8755,Dishwash Liquid,Home Care,278.42,2022-08-27,1,1781,Shivamogga
8756,Potato Chips,Snacks,4232.01,2024-03-22,8,1184,Ballari
8757,Oats 1kg,Groceries,3956.6,2023-12-06,2,1462,Mysuru
8758,Salt 1kg,Groceries,1859.06,2022-05-23,1,1942,Vijayapura
8759,Phone Stand,Electronics,3187.8,2022-05-12,3,1462,Tumakuru
8760,Sticky Notes,Stationery,1876.22,2025-01-17,3,2336,Bengaluru
8761,Filter Coffee 500g,Beverages,387.81,2022-03-07,4,1362,Bengaluru
8762,Oats 1kg,Groceries,4678.52,2023-10-01,2,1011,Mysuru
8763,Mobile Charger,Electronics,9949.26,2022-06-18,7,2773,Udupi
8764,LED Bulb 9W,Electronics,12838.07,2024-08-11,7,2015,Mangaluru
8765,Smart Watch,Electronics,3813.89,2023-08-02,3,1747,Bengaluru
8766,Peanut Butter,Groceries,789.82,2023-02-24,1,2413,Kalaburagi
8767,Almonds 500g,Groceries,826.37,2023-02-28,4,1743,Bengaluru
8768,Parle-G Biscuits,Snacks,11902.28,2024-05-12,7,1271,Shivamogga
8769,Tea Powder 500g,Beverages,1026.34,2025-03-26,1,1558,Tumakuru
8770,Good Day Biscuits,Snacks,10410.41,2024-01-14,8,2364,Mysuru
8771,Cashew 500g,Groceries,1388.89,2025-09-08,2,1258,Bengaluru
8772,Jam 500g,Groceries,6928.48,2022-04-23,7,2772,Vijayapura
8773,Soft Drink 750ml,Beverages,197.77,2024-09-05,5,1634,Mysuru
8774,Sticky Notes,Stationery,2599.34,2025-07-17,4,2394,Tumakuru
8775,Chocolate Bar,Snacks,13323.21,2025-02-27,6,1103,Hubballi
8776,Ice Cream Tub,Dairy,3818.18,2024-11-25,4,2958,Shivamogga
8777,Scrub Pad,Home Care,7554.82,2025-05-24,5,1208,Vijayapura
8778,Ragi Flour 1kg,Groceries,1838.94,2022-02-26,1,2629,Ballari
8779,Printer Paper,Stationery,4220.75,2025-10-28,2,1773,Davanagere
8780,Ghee 500ml,Groceries,248.44,2023-09-28,1,1882,Ballari
8781,LED Bulb 9W,Electronics,3855.74,2024-01-13,2,1012,Bengaluru
8782,Floor Cleaner 1L,Home Care,11178.73,2024-01-29,5,2777,Shivamogga
8783,Keyboard,Electronics,9505.61,2023-08-12,5,2317,Mangaluru
8784,Groundnut Oil 1L,Groceries,471.41,2025-08-15,2,2874,Vijayapura
8785,Toor Dal 1kg,Groceries,1985.57,2022-01-05,3,1195,Tumakuru
8786,Almonds 500g,Groceries,444.48,2025-01-26,2,2908,Vijayapura
8787,Rice 5kg,Groceries,11789.29,2025-05-01,7,1230,Davanagere
8788,Almonds 500g,Groceries,215.98,2023-12-05,1,1246,Udupi
8789,Honey 500g,Groceries,4827.75,2024-08-03,3,1970,Kalaburagi
8790,Coconut Oil 1L,Groceries,571.11,2022-07-12,1,2814,Tumakuru
8791,Torch Light,Electronics,4552.06,2025-10-11,3,2306,Ballari
8792,File Folder,Stationery,7755.19,2025-05-22,5,2381,Tumakuru
8793,Almonds 500g,Groceries,1536.73,2025-07-27,7,2143,Kalaburagi
8794,Bluetooth Speaker,Electronics,4648.64,2022-01-08,3,1527,Ballari
8795,Smart Watch,Electronics,3020.94,2023-04-11,2,1786,Kalaburagi
8796,Cashew 500g,Groceries,2823.43,2024-02-11,4,2541,Belagavi
8797,Curd 500g,Dairy,6100.88,2022-10-20,5,2480,Udupi
8798,Air Freshener,Home Care,5132.33,2025-04-07,2,2917,Davanagere
8799,Ball Pen Pack,Stationery,8797.51,2023-08-31,6,1745,Vijayapura
8800,Green Tea,Beverages,3843.64,2025-02-20,6,2969,Bengaluru
8801,Sunflower Oil 1L,Groceries,6869.47,2022-02-07,3,1874,Udupi
8802,Honey 500g,Groceries,9487.92,2023-02-05,6,2995,Shivamogga
8803,Namkeen Mix,Snacks,7542.12,2024-07-08,5,2409,Mangaluru
8804,Jam 500g,Groceries,4708.63,2025-07-12,5,1191,Bengaluru
8805,Buttermilk 200ml,Beverages,685.77,2022-11-23,1,1535,Shivamogga
8806,Groundnut Oil 1L,Groceries,448.99,2024-05-31,2,2362,Belagavi
8807,Body Lotion,Personal Care,413.39,2023-02-10,1,1857,Bengaluru
8808,Body Lotion,Personal Care,2049.82,2022-05-02,5,2607,Tumakuru
8809,Wheat Atta 10kg,Groceries,230.02,2022-12-14,3,1688,Shivamogga
8810,Hair Oil 200ml,Personal Care,1602.9,2022-07-11,2,1922,Tumakuru
8811,Toothpaste 150g,Personal Care,1227.96,2025-03-25,3,1710,Belagavi
8812,Tea Powder 500g,Beverages,8309.11,2025-10-22,8,1065,Mysuru
8813,Ice Cream Tub,Dairy,4052.36,2024-07-08,4,2258,Bengaluru
8814,Almonds 500g,Groceries,1101.27,2025-02-07,5,1233,Davanagere
8815,Face Wash,Personal Care,9022.64,2025-06-05,4,2522,Tumakuru
8816,Eraser Pack,Stationery,1143.6,2025-01-17,2,1336,Vijayapura
8817,Namkeen Mix,Snacks,9634.04,2022-08-12,6,1280,Bengaluru
8818,Energy Drink,Beverages,7801.24,2024-04-17,5,2714,Davanagere
8819,Energy Drink,Beverages,7924.29,2023-12-30,5,1784,Mangaluru
8820,Vermicelli 500g,Groceries,591.64,2023-12-24,1,1119,Udupi
8821,Filter Coffee 500g,Beverages,445.82,2025-03-20,5,2189,Vijayapura
8822,Soft Drink 750ml,Beverages,215.35,2022-02-01,6,2804,Vijayapura
8823,Honey 500g,Groceries,4950.93,2022-09-03,3,1017,Mangaluru
8824,Mouse,Electronics,3619.02,2022-08-08,6,1514,Hubballi
8825,Sketch Pen Set,Stationery,288.21,2023-11-15,3,1289,Bengaluru
8826,Extension Board,Electronics,5970.96,2025-10-09,3,2780,Udupi
8827,Marker Pen,Stationery,4632.24,2025-03-01,7,1242,Ballari
8828,Good Day Biscuits,Snacks,1447.96,2023-01-16,1,2086,Hubballi
8829,Lassi 200ml,Beverages,1239.05,2023-11-25,1,1399,Bengaluru
8830,Hand Wash,Personal Care,11557.71,2022-01-31,8,2504,Kalaburagi
8831,Marker Pen,Stationery,2906.65,2023-04-10,4,2152,Ballari
8832,Ball Pen Pack,Stationery,1431.05,2024-06-01,1,2306,Davanagere
8833,Glass Cleaner,Home Care,6851.77,2025-11-26,7,2411,Mysuru
8834,Honey 500g,Groceries,3445.3,2023-11-04,2,1027,Davanagere
8835,Butter 100g,Dairy,622.64,2023-12-26,8,1994,Belagavi
8836,Basmati Rice 5kg,Groceries,9470.94,2023-07-23,6,1051,Tumakuru
8837,Jam 500g,Groceries,2158.37,2023-05-22,2,2045,Davanagere
8838,Hand Wash,Personal Care,11528.19,2025-08-10,8,1626,Hubballi
8839,Parle-G Biscuits,Snacks,10270.2,2024-02-03,6,1847,Davanagere
8840,Namkeen Mix,Snacks,9956.99,2024-08-03,6,2280,Mangaluru
8841,Oats 1kg,Groceries,14371.26,2024-04-17,7,1465,Mangaluru
8842,Air Freshener,Home Care,9237.79,2023-06-26,4,2942,Hubballi
8843,Smart Watch,Electronics,1314.55,2025-07-23,1,2262,Mysuru
8844,Peanut Butter,Groceries,772.62,2024-04-10,1,2567,Shivamogga
8845,Paneer 200g,Dairy,2341.31,2023-04-24,5,1632,Hubballi
8846,Toor Dal 1kg,Groceries,5501.06,2025-08-28,8,2753,Hubballi
8847,Soft Drink 750ml,Beverages,282.29,2025-11-24,8,2121,Mysuru
8848,Torch Light,Electronics,9328.26,2023-12-27,7,2660,Udupi
8849,File Folder,Stationery,2871.27,2024-08-22,2,2623,Bengaluru
8850,Mango Juice 1L,Beverages,9458.54,2023-05-02,5,1877,Udupi
8851,LED Bulb 9W,Electronics,15365.91,2025-09-16,8,1441,Davanagere
8852,Extension Board,Electronics,1671.42,2022-06-04,1,2077,Belagavi
8853,Face Wash,Personal Care,10952.22,2023-12-07,5,2761,Kalaburagi
8854,Scrub Pad,Home Care,3410.35,2025-02-24,2,1293,Tumakuru
8855,Good Day Biscuits,Snacks,2528.21,2023-08-11,2,1945,Tumakuru
8856,Bath Soap,Personal Care,1732.21,2023-06-07,1,1945,Ballari
8857,Scrub Pad,Home Care,6728.36,2023-10-02,4,1248,Belagavi
8858,Poha 1kg,Groceries,848.91,2024-05-05,6,2784,Belagavi
8859,Sanitary Pads,Personal Care,6675.54,2022-07-20,4,2595,Tumakuru
8860,Keyboard,Electronics,11882.61,2024-04-08,6,1825,Hubballi
8861,Air Freshener,Home Care,2233.44,2025-08-18,1,2071,Vijayapura
8862,Wireless Earphones,Electronics,3872.52,2022-04-03,4,1256,Belagavi
8863,Instant Noodles,Groceries,3242.44,2022-08-02,6,1829,Shivamogga
8864,Hand Wash,Personal Care,1536.48,2022-04-07,1,2823,Kalaburagi
8865,Power Bank 10000mAh,Electronics,4874.7,2025-06-25,2,1078,Kalaburagi
8866,Potato Chips,Snacks,2711.23,2024-04-03,5,2652,Udupi
8867,Toothpaste 150g,Personal Care,1200.28,2024-08-15,3,1421,Belagavi
8868,Energy Drink,Beverages,1733.0,2025-01-21,1,1937,Hubballi
8869,Hand Wash,Personal Care,5606.05,2025-03-01,4,1400,Udupi
8870,Curd 500g,Dairy,2388.67,2022-10-01,2,2563,Mangaluru
8871,Jam 500g,Groceries,4020.78,2022-01-15,4,1626,Shivamogga
8872,Rice 5kg,Groceries,5785.03,2025-08-08,4,2075,Udupi
8873,Toilet Cleaner,Home Care,7688.9,2025-09-02,5,1166,Tumakuru
8874,Notebook,Stationery,16324.32,2025-04-04,8,1379,Udupi
8875,Scrub Pad,Home Care,6507.06,2024-04-13,4,2137,Mysuru
8876,Detergent Powder 1kg,Home Care,1085.21,2024-08-30,4,2330,Mangaluru
8877,Mango Juice 1L,Beverages,17148.04,2025-02-17,8,1212,Ballari
8878,Filter Coffee 500g,Beverages,545.97,2023-03-02,6,2350,Vijayapura
8879,Toothpaste 150g,Personal Care,2525.22,2024-12-31,6,1511,Bengaluru
8880,Shampoo 180ml,Personal Care,1624.02,2024-09-23,2,1130,Tumakuru
8881,Sunflower Oil 1L,Groceries,8473.83,2023-09-29,4,1149,Udupi
8882,Air Freshener,Home Care,19410.82,2022-11-13,8,2047,Davanagere
8883,Basmati Rice 5kg,Groceries,1443.72,2024-04-27,1,2871,Udupi
8884,USB Cable,Electronics,2431.78,2025-11-24,2,1063,Hubballi
8885,Jam 500g,Groceries,1969.28,2025-01-04,2,1153,Mangaluru
8886,Sketch Pen Set,Stationery,394.0,2025-07-21,4,1454,Vijayapura
8887,Torch Light,Electronics,9534.18,2025-03-07,6,1458,Bengaluru
8888,Corn Flakes,Groceries,7734.03,2023-01-12,3,2613,Davanagere
8889,Torch Light,Electronics,2806.61,2025-03-17,2,1714,Hubballi
8890,Jam 500g,Groceries,5700.77,2024-05-13,6,2209,Ballari
8891,Soft Drink 750ml,Beverages,157.38,2022-12-24,4,1088,Davanagere
8892,Bath Soap,Personal Care,9307.27,2024-04-28,5,1204,Kalaburagi
8893,Milk 1L,Dairy,3327.32,2025-10-08,6,2703,Mangaluru
8894,Toilet Cleaner,Home Care,1613.61,2024-03-07,1,2021,Ballari
8895,Urad Dal 1kg,Groceries,1188.23,2023-07-27,2,1790,Davanagere
8896,Sugar 1kg,Groceries,3528.16,2022-06-08,2,2739,Mangaluru
8897,Corn Flakes,Groceries,2243.01,2024-06-15,1,1216,Mangaluru
8898,Sugar 1kg,Groceries,7765.85,2022-09-20,4,1584,Ballari
8899,Sanitary Pads,Personal Care,9148.08,2024-04-04,5,1381,Hubballi
8900,Sanitary Pads,Personal Care,13316.26,2024-09-09,7,2898,Hubballi
8901,Potato Chips,Snacks,4496.52,2024-04-14,8,1052,Udupi
8902,Chocolate Bar,Snacks,9580.06,2025-08-24,4,2407,Shivamogga
8903,Sticky Notes,Stationery,1398.51,2024-04-14,2,2142,Vijayapura
8904,Honey 500g,Groceries,1621.35,2024-08-29,1,1598,Mysuru
8905,Murukku Pack,Snacks,3509.01,2024-04-30,5,1829,Udupi
8906,Extension Board,Electronics,7283.24,2024-01-31,4,1853,Mysuru
8907,Pendrive 64GB,Electronics,10242.29,2023-12-03,5,1987,Davanagere
8908,Scrub Pad,Home Care,13858.43,2024-01-12,8,2153,Mangaluru
8909,Buttermilk 200ml,Beverages,3698.95,2024-10-31,5,1479,Tumakuru
8910,Filter Coffee 500g,Beverages,371.08,2023-10-02,4,2109,Vijayapura
8911,Bath Soap,Personal Care,7367.86,2024-02-12,4,1077,Belagavi
8912,Potato Chips,Snacks,2701.4,2022-01-09,5,1374,Shivamogga
8913,Ice Cream Tub,Dairy,7606.03,2022-11-15,8,1247,Davanagere
8914,Mouse,Electronics,1805.7,2025-04-18,3,2138,Ballari
8915,Filter Coffee 500g,Beverages,691.35,2022-01-07,7,2972,Hubballi
8916,Body Lotion,Personal Care,2929.46,2022-11-28,7,2207,Belagavi
8917,Rice 5kg,Groceries,6852.23,2024-11-06,4,2679,Udupi
8918,Urad Dal 1kg,Groceries,2703.69,2023-06-08,5,1185,Kalaburagi
8919,Mango Juice 1L,Beverages,14442.52,2025-01-29,7,2921,Bengaluru
8920,Keyboard,Electronics,13118.15,2022-09-04,7,1032,Ballari
8921,Murukku Pack,Snacks,1395.5,2025-04-30,2,1948,Bengaluru
8922,Bluetooth Speaker,Electronics,7042.66,2023-02-28,4,2390,Mysuru
8923,LED Bulb 9W,Electronics,6213.61,2022-03-08,3,1341,Kalaburagi
8924,Air Freshener,Home Care,15105.53,2023-01-07,6,1736,Bengaluru
8925,Tea Powder 500g,Beverages,7275.71,2024-01-17,7,1748,Shivamogga
8926,Air Freshener,Home Care,12423.11,2023-03-11,5,2300,Mangaluru
8927,Corn Flakes,Groceries,5162.62,2025-11-04,2,2857,Kalaburagi
8928,Bluetooth Speaker,Electronics,1815.49,2024-03-18,1,1122,Shivamogga
8929,Ragi Flour 1kg,Groceries,13319.19,2025-07-05,8,2563,Belagavi
8930,Parle-G Biscuits,Snacks,1655.29,2022-01-14,1,2596,Bengaluru
8931,Hand Wash,Personal Care,11417.45,2024-04-15,7,2800,Kalaburagi
8932,Tea Powder 500g,Beverages,6006.24,2022-06-12,6,1903,Tumakuru
8933,Khakhra Pack,Snacks,572.44,2022-12-03,1,1601,Belagavi
8934,Green Tea,Beverages,5065.72,2025-12-09,7,2209,Mysuru
8935,Keyboard,Electronics,3728.23,2023-04-17,2,2555,Udupi
8936,Ice Cream Tub,Dairy,7143.95,2023-11-12,8,2735,Shivamogga
8937,Power Bank 10000mAh,Electronics,18005.26,2024-02-27,7,2140,Hubballi
8938,Wireless Earphones,Electronics,2829.09,2024-02-03,3,1399,Hubballi
8939,Sketch Pen Set,Stationery,317.53,2023-09-28,3,2246,Udupi
8940,Jam 500g,Groceries,7132.07,2024-02-12,7,2487,Bengaluru
8941,Marker Pen,Stationery,1371.8,2023-10-18,2,2060,Ballari
8942,Sugar 1kg,Groceries,8508.4,2025-08-02,5,1041,Hubballi
8943,Chocolate Bar,Snacks,10191.95,2024-12-14,4,1912,Belagavi
8944,Vermicelli 500g,Groceries,1085.67,2024-03-10,2,1248,Vijayapura
8945,LED Bulb 9W,Electronics,16537.23,2022-12-04,8,1324,Kalaburagi
8946,Lassi 200ml,Beverages,4983.05,2025-05-15,4,2325,Udupi
8947,Ball Pen Pack,Stationery,7327.48,2022-05-24,5,2406,Mangaluru
8948,Milk 1L,Dairy,2147.54,2025-12-31,4,1663,Shivamogga
8949,Body Lotion,Personal Care,481.72,2024-08-31,1,1380,Shivamogga
8950,Khakhra Pack,Snacks,3989.82,2025-02-14,7,1994,Mangaluru
8951,Extension Board,Electronics,1786.4,2023-03-06,1,2928,Tumakuru
8952,Almonds 500g,Groceries,1869.77,2023-02-10,8,1906,Udupi
8953,Filter Coffee 500g,Beverages,519.36,2022-04-18,6,1584,Mysuru
8954,LED Bulb 9W,Electronics,14111.23,2024-09-16,7,2955,Tumakuru
8955,Smart Watch,Electronics,8919.52,2025-09-06,6,2420,Kalaburagi
8956,Hair Oil 200ml,Personal Care,2676.83,2022-09-29,3,1556,Vijayapura
8957,Ice Cream Tub,Dairy,6981.16,2022-06-12,8,2207,Tumakuru
8958,Air Freshener,Home Care,14334.78,2024-07-13,6,2194,Mysuru
8959,Potato Chips,Snacks,604.94,2023-09-19,1,1686,Belagavi
8960,Laptop Sleeve,Electronics,611.58,2025-01-07,1,2444,Vijayapura
8961,Mobile Charger,Electronics,6533.27,2024-12-18,5,1284,Tumakuru
8962,Jam 500g,Groceries,7855.07,2023-07-26,8,2958,Mysuru
8963,LED Bulb 9W,Electronics,13831.6,2023-07-07,7,2570,Ballari
8964,Mouse,Electronics,4397.16,2025-05-22,7,2195,Tumakuru
8965,Lassi 200ml,Beverages,1162.43,2024-09-07,1,2062,Tumakuru
8966,Toilet Cleaner,Home Care,3329.98,2023-09-01,2,1251,Ballari
8967,LED Bulb 9W,Electronics,12334.07,2025-06-30,6,1585,Vijayapura
8968,Sunflower Oil 1L,Groceries,11810.4,2023-06-18,5,1956,Belagavi
8969,Toothpaste 150g,Personal Care,2954.83,2022-10-10,8,1742,Belagavi
8970,Wireless Earphones,Electronics,6013.03,2024-09-10,6,2149,Tumakuru
8971,Tea Powder 500g,Beverages,1088.03,2023-06-02,1,1943,Kalaburagi
8972,Mango Juice 1L,Beverages,15428.12,2022-04-23,8,1935,Shivamogga
8973,Curd 500g,Dairy,5206.14,2023-06-02,4,1782,Bengaluru
8974,LED Bulb 9W,Electronics,16322.68,2025-02-18,8,2927,Bengaluru
8975,Toilet Cleaner,Home Care,8946.69,2025-05-10,6,2248,Udupi
8976,Parle-G Biscuits,Snacks,1651.23,2025-08-17,1,1763,Ballari
8977,Bluetooth Speaker,Electronics,13630.17,2024-08-19,8,1734,Bengaluru
8978,Paneer 200g,Dairy,2083.56,2025-10-08,4,2279,Hubballi
8979,Mineral Water 1L,Beverages,7530.25,2024-03-17,3,2984,Davanagere
8980,Buttermilk 200ml,Beverages,5622.72,2023-09-16,8,2584,Kalaburagi
8981,Cheese Slices,Dairy,3446.01,2024-09-08,4,2593,Davanagere
8982,Tea Powder 500g,Beverages,6988.79,2024-04-12,7,2498,Davanagere
8983,Sketch Pen Set,Stationery,637.31,2023-04-22,7,2630,Hubballi
8984,Corn Flakes,Groceries,15543.6,2024-12-29,7,1245,Hubballi
8985,Wheat Atta 10kg,Groceries,304.65,2024-04-19,4,1266,Belagavi
8986,Buttermilk 200ml,Beverages,4551.76,2025-06-03,7,1518,Tumakuru
8987,Cheese Slices,Dairy,5976.31,2023-07-21,6,2162,Davanagere
8988,Sanitary Pads,Personal Care,1929.78,2023-04-06,1,1808,Belagavi
8989,Wireless Earphones,Electronics,4078.32,2025-02-27,4,2331,Shivamogga
8990,Notebook,Stationery,3848.08,2025-08-29,2,1953,Tumakuru
8991,Bath Soap,Personal Care,1893.27,2025-08-28,1,1065,Mysuru
8992,Shampoo 180ml,Personal Care,3729.45,2024-11-05,4,1335,Ballari
8993,Wheat Atta 10kg,Groceries,86.79,2025-04-21,1,1334,Bengaluru
8994,Coconut Oil 1L,Groceries,2560.59,2023-10-21,4,1054,Belagavi
8995,Sticky Notes,Stationery,3948.51,2024-05-23,6,2268,Tumakuru
8996,Mineral Water 1L,Beverages,2076.82,2022-06-13,1,2232,Mangaluru
8997,Dishwash Liquid,Home Care,954.1,2023-10-10,4,1273,Belagavi
8998,Wheat Atta 10kg,Groceries,442.33,2022-09-09,5,2901,Shivamogga
8999,Sticky Notes,Stationery,5186.96,2025-11-13,8,1547,Udupi
9000,Mixture Snack,Snacks,15969.85,2024-05-04,8,2999,Mysuru
9001,HDMI Cable,Electronics,6713.35,2025-03-14,3,2522,Hubballi
9002,LED Bulb 9W,Electronics,7664.63,2023-11-05,4,1893,Vijayapura
9003,Basmati Rice 5kg,Groceries,3937.3,2025-02-03,3,1549,Belagavi
9004,Poha 1kg,Groceries,1046.4,2024-02-14,8,1172,Tumakuru
9005,Laptop Sleeve,Electronics,1821.77,2024-01-16,3,1109,Udupi
9006,Chocolate Bar,Snacks,10696.11,2023-03-14,5,1160,Ballari
9007,Basmati Rice 5kg,Groceries,2982.82,2024-09-24,2,2819,Hubballi
9008,Laptop Sleeve,Electronics,1738.6,2024-01-25,3,2693,Mangaluru
9009,Dishwash Liquid,Home Care,1334.26,2024-05-26,5,1757,Udupi
9010,Ghee 500ml,Groceries,1333.33,2022-05-11,5,1262,Kalaburagi
9011,Groundnut Oil 1L,Groceries,991.61,2025-01-14,4,1575,Udupi
9012,Murukku Pack,Snacks,5648.24,2024-06-11,8,1534,Belagavi
9013,Sunflower Oil 1L,Groceries,4798.05,2024-11-16,2,2265,Mangaluru
9014,Keyboard,Electronics,4194.33,2025-10-23,2,1431,Shivamogga
9015,Dishwash Liquid,Home Care,1676.56,2025-08-04,6,1537,Mangaluru
9016,Cashew 500g,Groceries,4776.86,2024-12-27,7,2369,Tumakuru
9017,Torch Light,Electronics,1468.74,2024-11-12,1,1174,Hubballi
9018,Pendrive 64GB,Electronics,11540.72,2024-07-20,5,2629,Shivamogga
9019,Filter Coffee 500g,Beverages,393.55,2023-06-11,4,2587,Bengaluru
9020,Glass Cleaner,Home Care,4919.07,2024-10-27,5,2781,Udupi
9021,Ragi Flour 1kg,Groceries,1722.91,2025-01-02,1,2812,Mangaluru
9022,Laptop Sleeve,Electronics,2566.85,2023-12-10,5,2376,Shivamogga
9023,Wireless Earphones,Electronics,6996.51,2022-06-09,7,1269,Bengaluru
9024,Khakhra Pack,Snacks,557.05,2025-08-13,1,1883,Mysuru
9025,Butter 100g,Dairy,542.8,2024-07-19,6,1448,Kalaburagi
9026,Body Lotion,Personal Care,1287.45,2022-01-03,3,1476,Mysuru
9027,Ragi Flour 1kg,Groceries,8622.12,2023-04-12,5,2979,Vijayapura
9028,USB Cable,Electronics,7278.44,2022-09-19,5,2121,Bengaluru
9029,Poha 1kg,Groceries,691.29,2022-05-06,5,2197,Mangaluru
9030,Detergent Powder 1kg,Home Care,507.52,2022-04-08,2,2958,Davanagere
9031,Corn Flakes,Groceries,17897.34,2023-12-02,8,2402,Hubballi
9032,Honey 500g,Groceries,1760.39,2023-05-07,1,2555,Belagavi
9033,Sticky Notes,Stationery,2925.81,2025-06-29,4,1326,Tumakuru
9034,Mixture Snack,Snacks,2186.99,2025-10-27,1,1747,Udupi
9035,Green Tea,Beverages,4630.21,2024-02-23,6,2678,Mangaluru
9036,Pendrive 64GB,Electronics,10777.15,2024-01-31,5,1788,Shivamogga
9037,Body Lotion,Personal Care,1896.54,2023-04-15,4,2218,Hubballi
9038,Lassi 200ml,Beverages,5451.07,2022-03-02,5,2185,Kalaburagi
9039,Almonds 500g,Groceries,476.82,2024-10-30,2,2042,Shivamogga
9040,Body Lotion,Personal Care,3577.23,2023-01-18,8,2609,Ballari
9041,Wheat Atta 10kg,Groceries,490.44,2024-11-09,6,1497,Vijayapura
9042,Sanitary Pads,Personal Care,6599.35,2022-05-26,4,2149,Vijayapura
9043,Corn Flakes,Groceries,17544.46,2025-07-16,7,2318,Vijayapura
9044,Mouse,Electronics,2883.87,2025-07-24,5,2417,Udupi
9045,Toor Dal 1kg,Groceries,5901.53,2023-12-01,8,2780,Tumakuru
9046,Mango Juice 1L,Beverages,12543.93,2024-02-12,6,2312,Davanagere
9047,Rice 5kg,Groceries,6952.64,2024-07-05,4,1204,Ballari
9048,Sticky Notes,Stationery,5218.8,2024-07-14,8,2685,Shivamogga
9049,Sunflower Oil 1L,Groceries,2306.08,2022-03-12,1,1995,Shivamogga
9050,Phone Stand,Electronics,2756.05,2024-03-30,3,2625,Vijayapura
9051,Sunflower Oil 1L,Groceries,19578.64,2023-03-03,8,2190,Bengaluru
9052,File Folder,Stationery,10529.62,2024-12-27,7,1515,Davanagere
9053,Bluetooth Speaker,Electronics,7027.86,2022-03-26,4,1306,Belagavi
9054,File Folder,Stationery,7519.48,2023-07-05,5,1027,Kalaburagi
9055,Scrub Pad,Home Care,6602.96,2025-03-21,4,1991,Mysuru
9056,Marker Pen,Stationery,632.12,2023-01-06,1,1119,Hubballi
9057,Cheese Slices,Dairy,8119.43,2025-06-04,8,2395,Kalaburagi
9058,Filter Coffee 500g,Beverages,672.86,2025-07-14,7,1518,Mangaluru
9059,Hand Wash,Personal Care,3354.43,2024-03-14,2,1851,Kalaburagi
9060,Chocolate Bar,Snacks,11675.65,2022-03-01,5,2001,Udupi
9061,Peanut Butter,Groceries,3103.35,2024-06-26,4,1700,Tumakuru
9062,Ghee 500ml,Groceries,890.74,2025-12-19,3,1052,Ballari
9063,Extension Board,Electronics,3991.52,2023-01-30,2,1024,Kalaburagi
9064,Rice 5kg,Groceries,3363.47,2022-06-13,2,2302,Ballari
9065,Floor Cleaner 1L,Home Care,5844.15,2022-11-21,3,2165,Bengaluru
9066,Groundnut Oil 1L,Groceries,1807.68,2024-02-24,8,2795,Tumakuru
9067,Wireless Earphones,Electronics,4179.78,2025-01-31,4,1774,Bengaluru
9068,Ball Pen Pack,Stationery,4714.21,2025-09-20,3,1482,Mysuru
9069,Cheese Slices,Dairy,6964.53,2022-09-25,8,2744,Belagavi
9070,Energy Drink,Beverages,8757.59,2024-08-29,5,1237,Bengaluru
9071,Energy Drink,Beverages,1689.33,2022-05-06,1,1881,Davanagere
9072,Torch Light,Electronics,5869.02,2024-07-17,4,2083,Ballari
9073,Eraser Pack,Stationery,1732.87,2022-09-08,3,2113,Mysuru
9074,Salt 1kg,Groceries,1684.33,2025-05-30,1,1053,Ballari
9075,Phone Stand,Electronics,5023.17,2024-12-27,5,2475,Bengaluru
9076,Paneer 200g,Dairy,1017.23,2023-12-08,2,2572,Tumakuru
9077,Wireless Earphones,Electronics,7881.42,2025-10-20,8,1878,Udupi
9078,Vermicelli 500g,Groceries,3479.22,2024-01-17,6,1922,Vijayapura
9079,Toor Dal 1kg,Groceries,2979.9,2023-04-06,4,1817,Kalaburagi
9080,Glass Cleaner,Home Care,5919.95,2023-07-27,6,2574,Davanagere
9081,Lassi 200ml,Beverages,2470.35,2022-02-12,2,2676,Vijayapura
9082,Eraser Pack,Stationery,2648.99,2024-09-16,4,2084,Belagavi
9083,Marker Pen,Stationery,4610.35,2023-03-21,7,2579,Bengaluru
9084,Stapler,Stationery,768.46,2023-03-15,1,1397,Belagavi
9085,Dishwash Liquid,Home Care,247.58,2025-01-20,1,1357,Bengaluru
9086,Glass Cleaner,Home Care,865.36,2022-11-12,1,1805,Davanagere
9087,Almonds 500g,Groceries,1245.03,2023-12-13,6,1415,Udupi
9088,Buttermilk 200ml,Beverages,5027.28,2025-12-27,7,1184,Tumakuru
9089,Detergent Powder 1kg,Home Care,726.25,2022-08-02,3,1965,Mangaluru
9090,Sticky Notes,Stationery,2446.07,2023-12-16,4,2039,Mangaluru
9091,Curd 500g,Dairy,10800.49,2022-12-25,8,1796,Hubballi
9092,Extension Board,Electronics,1845.86,2022-04-19,1,2604,Udupi
9093,Power Bank 10000mAh,Electronics,2450.49,2025-11-16,1,2056,Udupi
9094,Namkeen Mix,Snacks,2998.68,2024-01-23,2,2029,Bengaluru
9095,Printer Paper,Stationery,11221.06,2023-04-20,5,1124,Tumakuru
9096,Ragi Flour 1kg,Groceries,15333.7,2022-09-17,8,1190,Mysuru
9097,Banana Chips,Snacks,10919.59,2024-04-08,8,2058,Mysuru
9098,Rice 5kg,Groceries,3509.95,2025-09-12,2,2787,Davanagere
9099,Chocolate Bar,Snacks,17955.63,2024-01-23,7,1264,Mysuru
9100,Vermicelli 500g,Groceries,1907.29,2024-09-18,3,1414,Kalaburagi
9101,Sanitary Pads,Personal Care,3343.97,2024-07-14,2,2567,Bengaluru
9102,Cheese Slices,Dairy,6600.47,2024-06-06,7,1562,Tumakuru
9103,Basmati Rice 5kg,Groceries,2782.19,2023-04-27,2,1717,Vijayapura
9104,Basmati Rice 5kg,Groceries,10262.93,2023-11-19,7,1393,Kalaburagi
9105,Glass Cleaner,Home Care,5263.68,2023-12-04,5,1354,Shivamogga
9106,Deodorant,Personal Care,3691.34,2025-01-07,8,2194,Vijayapura
9107,Sticky Notes,Stationery,5606.46,2023-03-29,8,2394,Vijayapura
9108,Green Tea,Beverages,1386.97,2024-03-01,2,1070,Hubballi
9109,Mango Juice 1L,Beverages,8326.57,2022-03-03,4,1205,Belagavi
9110,Toor Dal 1kg,Groceries,4391.43,2022-05-07,6,2391,Davanagere
9111,Torch Light,Electronics,2852.03,2022-07-19,2,2272,Vijayapura
9112,Energy Drink,Beverages,5927.27,2022-04-29,4,2333,Belagavi
9113,Smart Watch,Electronics,10427.35,2025-04-25,8,1858,Mysuru
9114,Curd 500g,Dairy,7851.5,2025-08-08,6,2247,Udupi
9115,Almonds 500g,Groceries,824.48,2024-10-31,4,2585,Belagavi
9116,Curd 500g,Dairy,8245.74,2025-10-31,7,2672,Vijayapura
9117,Toor Dal 1kg,Groceries,4605.06,2024-11-08,7,1179,Shivamogga
9118,Murukku Pack,Snacks,4348.39,2023-01-31,7,1055,Vijayapura
9119,Stapler,Stationery,778.47,2022-06-21,1,2309,Ballari
9120,Dishwash Liquid,Home Care,1411.31,2023-07-16,5,2671,Vijayapura
9121,Detergent Powder 1kg,Home Care,1662.45,2024-06-10,7,2081,Bengaluru
9122,Mouse,Electronics,4650.62,2025-07-12,8,2883,Hubballi
9123,Notebook,Stationery,15435.58,2025-12-07,8,1534,Mysuru
9124,Namkeen Mix,Snacks,12724.52,2022-07-13,8,2640,Ballari
9125,Smart Watch,Electronics,6643.86,2025-06-18,5,1834,Belagavi
9126,Bluetooth Speaker,Electronics,7954.43,2025-08-04,5,1412,Mangaluru
9127,Cheese Slices,Dairy,3924.33,2024-12-06,4,1990,Bengaluru
9128,Lassi 200ml,Beverages,3532.0,2023-11-19,3,1214,Tumakuru
9129,Bath Soap,Personal Care,1771.18,2023-12-15,1,1543,Ballari
9130,Soft Drink 750ml,Beverages,234.63,2024-09-03,7,2856,Hubballi
9131,Floor Cleaner 1L,Home Care,4550.43,2023-01-19,2,1692,Ballari
9132,Butter 100g,Dairy,266.2,2025-02-21,3,2867,Davanagere
9133,Cheese Slices,Dairy,6202.5,2022-01-15,7,1525,Mysuru
9134,Eraser Pack,Stationery,5532.89,2023-06-01,8,1536,Davanagere
9135,Namkeen Mix,Snacks,10182.63,2022-09-22,6,1622,Tumakuru
9136,Buttermilk 200ml,Beverages,4753.5,2023-11-10,7,2926,Mysuru
9137,Murukku Pack,Snacks,1868.9,2024-01-30,3,1148,Davanagere
9138,Paneer 200g,Dairy,1999.76,2025-09-07,4,1295,Kalaburagi
9139,Instant Noodles,Groceries,2622.6,2025-08-08,5,1931,Bengaluru
9140,File Folder,Stationery,7637.87,2022-02-17,6,1726,Davanagere
9141,Power Bank 10000mAh,Electronics,15210.92,2022-03-31,6,1993,Tumakuru
9142,Chocolate Bar,Snacks,11795.76,2024-11-26,5,1611,Mysuru
9143,Floor Cleaner 1L,Home Care,7840.34,2024-07-23,4,1893,Bengaluru
9144,Bluetooth Speaker,Electronics,6454.28,2025-05-27,4,1587,Ballari
9145,Shampoo 180ml,Personal Care,2809.23,2024-01-13,3,1260,Belagavi
9146,Marker Pen,Stationery,1337.06,2022-02-01,2,2359,Hubballi
9147,Ghee 500ml,Groceries,1040.64,2024-09-24,4,1869,Udupi
9148,Coconut Oil 1L,Groceries,2931.28,2023-06-21,5,1203,Mysuru
9149,Torch Light,Electronics,2664.75,2022-07-24,2,1600,Kalaburagi
9150,Glass Cleaner,Home Care,3896.61,2025-09-14,4,2394,Mysuru
9151,File Folder,Stationery,4514.76,2024-11-03,3,2679,Kalaburagi
9152,LED Bulb 9W,Electronics,12178.06,2023-07-31,6,2147,Udupi
9153,Wheat Atta 10kg,Groceries,152.07,2024-08-30,2,1151,Mangaluru
9154,Body Lotion,Personal Care,3695.66,2023-10-21,8,1789,Kalaburagi
9155,Pendrive 64GB,Electronics,11888.34,2025-05-17,6,1010,Vijayapura
9156,Butter 100g,Dairy,656.52,2024-09-25,8,2168,Belagavi
9157,Wheat Atta 10kg,Groceries,84.61,2022-02-28,1,2625,Ballari
9158,Mineral Water 1L,Beverages,6406.5,2025-07-24,3,1092,Tumakuru
9159,Power Bank 10000mAh,Electronics,4968.88,2024-03-07,2,1668,Ballari
9160,Ball Pen Pack,Stationery,1446.57,2025-03-03,1,1502,Davanagere
9161,Chocolate Bar,Snacks,11297.35,2024-05-01,5,2311,Shivamogga
9162,Corn Flakes,Groceries,20626.45,2024-12-10,8,1030,Mangaluru
9163,LED Bulb 9W,Electronics,13642.99,2023-01-01,7,1848,Bengaluru
9164,Wheat Atta 10kg,Groceries,79.82,2025-01-18,1,1053,Kalaburagi
9165,Good Day Biscuits,Snacks,1236.2,2023-05-22,1,1001,Bengaluru
9166,Vermicelli 500g,Groceries,2320.19,2022-11-11,4,2119,Tumakuru
9167,Sketch Pen Set,Stationery,817.54,2025-09-04,8,2735,Kalaburagi
9168,Soft Drink 750ml,Beverages,39.07,2023-01-26,1,1021,Davanagere
9169,Filter Coffee 500g,Beverages,103.01,2025-01-15,1,1129,Tumakuru
9170,Peanut Butter,Groceries,2612.28,2023-02-24,3,2789,Udupi
9171,Jam 500g,Groceries,7814.67,2025-08-19,8,1802,Mangaluru
9172,Parle-G Biscuits,Snacks,9338.17,2023-12-15,6,2744,Udupi
9173,Tea Powder 500g,Beverages,1054.71,2025-10-22,1,2833,Mangaluru
9174,Deodorant,Personal Care,1306.25,2022-12-08,3,2704,Udupi
9175,Mineral Water 1L,Beverages,12238.67,2022-11-13,5,2357,Ballari
9176,Murukku Pack,Snacks,2636.8,2023-05-02,4,1628,Vijayapura
9177,Bath Soap,Personal Care,11524.72,2025-04-08,7,2580,Kalaburagi
9178,Marker Pen,Stationery,5630.54,2023-07-06,8,2262,Shivamogga
9179,Almonds 500g,Groceries,396.8,2022-10-16,2,2580,Udupi
9180,Toilet Cleaner,Home Care,5898.37,2024-12-10,4,2033,Shivamogga
9181,Deodorant,Personal Care,1375.79,2025-08-23,3,1453,Belagavi
9182,Khakhra Pack,Snacks,2222.05,2025-06-01,4,1200,Tumakuru
9183,Milk 1L,Dairy,545.37,2025-02-10,1,2000,Shivamogga
9184,Detergent Powder 1kg,Home Care,259.92,2022-11-03,1,2203,Tumakuru
9185,Curd 500g,Dairy,6645.98,2025-05-16,5,2371,Bengaluru
9186,Buttermilk 200ml,Beverages,3089.7,2024-08-16,5,2160,Shivamogga
9187,File Folder,Stationery,4365.43,2023-01-19,3,1951,Vijayapura
9188,Keyboard,Electronics,3713.83,2023-06-24,2,2889,Ballari
9189,Milk 1L,Dairy,1138.48,2025-06-15,2,2963,Mysuru
9190,Air Freshener,Home Care,7441.84,2023-11-22,3,2604,Ballari
9191,Printer Paper,Stationery,16464.0,2023-06-12,8,1088,Bengaluru
9192,Peanut Butter,Groceries,2363.21,2025-02-05,3,2867,Ballari
9193,Cheese Slices,Dairy,5892.85,2022-02-15,6,2814,Davanagere
9194,Phone Stand,Electronics,3326.98,2022-04-25,3,2142,Kalaburagi
9195,Phone Stand,Electronics,981.3,2022-02-12,1,1165,Vijayapura
9196,Bluetooth Speaker,Electronics,9214.6,2025-09-08,5,2361,Shivamogga
9197,Sanitary Pads,Personal Care,11376.59,2025-09-08,6,2859,Vijayapura
9198,Potato Chips,Snacks,3293.95,2025-11-29,6,2556,Shivamogga
9199,Sticky Notes,Stationery,4701.41,2025-12-09,7,2409,Ballari
9200,Wireless Earphones,Electronics,7138.17,2022-01-28,7,1003,Mysuru
9201,Cashew 500g,Groceries,1365.51,2023-03-09,2,1779,Mangaluru
9202,Wireless Earphones,Electronics,2757.46,2025-08-15,3,2400,Belagavi
9203,Scrub Pad,Home Care,1447.98,2023-12-08,1,1238,Vijayapura
9204,Salt 1kg,Groceries,12829.61,2024-07-07,7,2852,Mangaluru
9205,Basmati Rice 5kg,Groceries,7667.26,2022-04-14,5,2273,Shivamogga
9206,Air Freshener,Home Care,21365.79,2023-08-12,8,2091,Davanagere
9207,Smart Watch,Electronics,6947.46,2023-05-13,5,2952,Bengaluru
9208,Stapler,Stationery,3102.28,2022-09-28,4,2371,Ballari
9209,Lassi 200ml,Beverages,1260.94,2022-07-13,1,2759,Kalaburagi
9210,Groundnut Oil 1L,Groceries,245.79,2024-05-05,1,1512,Belagavi
9211,Torch Light,Electronics,11305.22,2025-10-14,8,1165,Ballari
9212,Wheat Atta 10kg,Groceries,442.09,2022-10-03,5,1094,Kalaburagi
9213,Soft Drink 750ml,Beverages,101.74,2023-10-10,3,2600,Vijayapura
9214,Scrub Pad,Home Care,9559.67,2023-03-16,6,2592,Tumakuru
9215,Corn Flakes,Groceries,7684.81,2024-09-10,3,1775,Shivamogga
9216,Sanitary Pads,Personal Care,11468.86,2023-12-12,6,1285,Shivamogga
9217,Keyboard,Electronics,13767.75,2024-02-26,7,2796,Ballari
9218,Ghee 500ml,Groceries,282.64,2024-05-22,1,2561,Tumakuru
9219,Wireless Earphones,Electronics,7708.73,2025-09-09,8,1821,Belagavi
9220,Keyboard,Electronics,14347.36,2022-04-03,8,1106,Bengaluru
9221,Shampoo 180ml,Personal Care,5029.87,2024-04-09,6,2313,Belagavi
9222,Cashew 500g,Groceries,2796.5,2024-06-29,4,2274,Ballari
9223,Almonds 500g,Groceries,664.75,2025-07-25,3,2284,Ballari
9224,Notebook,Stationery,10291.39,2023-08-11,5,2676,Mysuru
9225,Basmati Rice 5kg,Groceries,7901.25,2025-09-26,6,2527,Tumakuru
9226,Dishwash Liquid,Home Care,1035.78,2024-05-25,4,2236,Shivamogga
9227,HDMI Cable,Electronics,4810.2,2024-12-06,2,1214,Vijayapura
9228,Cheese Slices,Dairy,1762.72,2025-08-13,2,1903,Shivamogga
9229,HDMI Cable,Electronics,13009.68,2023-07-27,6,1335,Mangaluru
9230,Peanut Butter,Groceries,1653.68,2023-05-20,2,2812,Kalaburagi
9231,Soft Drink 750ml,Beverages,165.31,2025-09-29,5,2259,Davanagere
9232,Glass Cleaner,Home Care,1761.02,2022-01-12,2,2763,Mysuru
9233,Energy Drink,Beverages,13275.56,2024-08-01,8,1604,Hubballi
9234,Energy Drink,Beverages,1701.81,2025-01-22,1,2278,Bengaluru
9235,Jam 500g,Groceries,6131.5,2024-06-17,6,1204,Belagavi
9236,Floor Cleaner 1L,Home Care,15070.69,2023-07-10,7,1964,Belagavi
9237,Lassi 200ml,Beverages,5066.53,2023-09-19,4,2589,Davanagere
9238,Ice Cream Tub,Dairy,3858.43,2024-05-05,4,1167,Tumakuru
9239,File Folder,Stationery,2937.7,2024-12-14,2,2363,Davanagere
9240,Deodorant,Personal Care,2861.86,2023-10-10,7,2073,Kalaburagi
9241,Groundnut Oil 1L,Groceries,1104.79,2025-06-20,5,1849,Kalaburagi
9242,Ragi Flour 1kg,Groceries,5541.28,2025-11-22,3,1916,Vijayapura
9243,Sugar 1kg,Groceries,1979.22,2023-02-01,1,2359,Mysuru
9244,Banana Chips,Snacks,9373.84,2023-10-15,7,2428,Davanagere
9245,Printer Paper,Stationery,2001.7,2025-07-10,1,2638,Ballari
9246,Printer Paper,Stationery,13255.82,2025-01-06,6,2562,Davanagere
9247,Namkeen Mix,Snacks,9517.4,2022-07-12,6,2312,Mangaluru
9248,Chocolate Bar,Snacks,4430.09,2024-10-12,2,2062,Hubballi
9249,Sanitary Pads,Personal Care,6741.34,2024-12-01,4,2424,Udupi
9250,LED Bulb 9W,Electronics,12327.85,2023-09-21,6,1224,Mangaluru
9251,LED Bulb 9W,Electronics,9760.23,2022-12-20,5,1414,Mangaluru
9252,Green Tea,Beverages,775.29,2023-01-06,1,1592,Shivamogga
9253,Ragi Flour 1kg,Groceries,12944.17,2022-07-28,8,2569,Tumakuru
9254,Shampoo 180ml,Personal Care,6592.66,2023-03-02,8,1682,Mysuru
9255,Notebook,Stationery,6248.61,2024-04-23,3,1412,Mangaluru
9256,Bluetooth Speaker,Electronics,1598.92,2022-07-24,1,1952,Belagavi
9257,Sticky Notes,Stationery,621.86,2022-06-02,1,1092,Tumakuru
9258,Rice 5kg,Groceries,12558.15,2023-08-31,8,1561,Hubballi
9259,Detergent Powder 1kg,Home Care,1294.98,2022-01-05,5,1372,Kalaburagi
9260,Energy Drink,Beverages,6061.13,2024-01-21,4,1816,Belagavi
9261,Filter Coffee 500g,Beverages,675.48,2025-04-28,7,2649,Ballari
9262,Phone Stand,Electronics,7336.67,2022-12-17,8,1678,Mangaluru
9263,Butter 100g,Dairy,537.63,2022-06-30,6,1551,Kalaburagi
9264,Sticky Notes,Stationery,2926.62,2022-07-15,4,1973,Mangaluru
9265,HDMI Cable,Electronics,9289.33,2024-11-05,4,1750,Bengaluru
9266,Power Bank 10000mAh,Electronics,12254.21,2022-12-14,5,1796,Bengaluru
9267,Sticky Notes,Stationery,2144.53,2023-05-19,3,1684,Belagavi
9268,HDMI Cable,Electronics,16728.24,2022-12-12,8,1526,Bengaluru
9269,Ragi Flour 1kg,Groceries,11246.15,2023-05-01,6,1094,Tumakuru
9270,Filter Coffee 500g,Beverages,206.33,2025-06-09,2,1035,Bengaluru
9271,Wireless Earphones,Electronics,5932.13,2025-05-22,6,1277,Davanagere
9272,Ghee 500ml,Groceries,762.16,2022-04-16,3,2038,Davanagere
9273,Sugar 1kg,Groceries,10898.85,2025-09-23,6,1462,Hubballi
9274,Vermicelli 500g,Groceries,3827.16,2024-04-02,6,1492,Ballari
9275,Green Tea,Beverages,1426.07,2022-11-12,2,2140,Belagavi
9276,Detergent Powder 1kg,Home Care,1918.91,2024-03-08,8,2188,Ballari
9277,Salt 1kg,Groceries,1825.31,2024-01-07,1,2001,Udupi
9278,Detergent Powder 1kg,Home Care,1081.53,2022-01-07,4,1944,Vijayapura
9279,Potato Chips,Snacks,4069.7,2022-01-02,7,2184,Kalaburagi
9280,Notebook,Stationery,1995.5,2024-07-22,1,2812,Shivamogga
9281,Urad Dal 1kg,Groceries,1136.79,2023-10-07,2,1032,Shivamogga
9282,Murukku Pack,Snacks,4628.6,2023-10-24,7,2057,Vijayapura
9283,Buttermilk 200ml,Beverages,696.6,2023-10-24,1,2096,Tumakuru
9284,Jam 500g,Groceries,8594.6,2025-12-28,8,2460,Mangaluru
9285,Mango Juice 1L,Beverages,7539.63,2023-01-08,4,1087,Belagavi
9286,LED Bulb 9W,Electronics,1844.28,2023-05-05,1,2414,Mysuru
9287,Peanut Butter,Groceries,1718.43,2024-05-29,2,2747,Vijayapura
9288,Air Freshener,Home Care,5184.54,2023-05-20,2,1782,Hubballi
9289,Cashew 500g,Groceries,1552.6,2022-07-06,2,2731,Belagavi
9290,Mixture Snack,Snacks,2220.36,2022-11-12,1,2122,Tumakuru
9291,Paneer 200g,Dairy,1636.56,2023-03-19,3,1324,Ballari
9292,Murukku Pack,Snacks,1301.33,2022-09-27,2,2303,Belagavi
9293,Vermicelli 500g,Groceries,2713.15,2023-06-20,5,2512,Vijayapura
9294,Soft Drink 750ml,Beverages,103.75,2022-02-15,3,1305,Hubballi
9295,Potato Chips,Snacks,511.73,2022-07-17,1,1391,Mangaluru
9296,Sanitary Pads,Personal Care,5533.58,2025-10-08,3,1330,Belagavi
9297,Phone Stand,Electronics,3906.96,2025-08-05,4,2201,Davanagere
9298,Oats 1kg,Groceries,4574.66,2023-04-23,2,1688,Hubballi
9299,Mango Juice 1L,Beverages,13256.67,2022-08-27,6,2303,Davanagere
9300,Murukku Pack,Snacks,2082.47,2025-11-27,3,2064,Belagavi
9301,Murukku Pack,Snacks,5784.04,2023-08-09,8,1115,Ballari
9302,Mineral Water 1L,Beverages,18152.24,2024-01-14,8,1442,Tumakuru
9303,Tea Powder 500g,Beverages,4802.37,2023-01-23,5,1001,Kalaburagi
9304,Glass Cleaner,Home Care,979.77,2024-03-14,1,1504,Hubballi
9305,Energy Drink,Beverages,1478.0,2023-01-20,1,2864,Mysuru
9306,Vermicelli 500g,Groceries,4071.66,2022-12-02,7,1864,Mysuru
9307,Smart Watch,Electronics,5525.73,2025-04-18,4,1299,Belagavi
9308,Poha 1kg,Groceries,1113.53,2024-07-20,8,1401,Ballari
9309,Toothpaste 150g,Personal Care,1903.94,2024-10-26,5,1320,Mysuru
9310,Mobile Charger,Electronics,9074.24,2022-11-24,7,1340,Mangaluru
9311,Mango Juice 1L,Beverages,7584.12,2022-06-19,4,1404,Ballari
9312,Poha 1kg,Groceries,418.71,2023-03-22,3,1692,Vijayapura
9313,Urad Dal 1kg,Groceries,3729.5,2025-10-27,7,1057,Vijayapura
9314,Ball Pen Pack,Stationery,1671.24,2025-11-08,1,1197,Belagavi
9315,Printer Paper,Stationery,4030.86,2023-11-25,2,2894,Mangaluru
9316,Toothpaste 150g,Personal Care,1156.33,2024-01-28,3,1795,Davanagere
9317,Urad Dal 1kg,Groceries,2328.78,2023-04-10,4,2854,Udupi
9318,Torch Light,Electronics,7997.79,2024-04-29,6,2862,Mangaluru
9319,Buttermilk 200ml,Beverages,2543.31,2024-07-29,4,1571,Mysuru
9320,Coconut Oil 1L,Groceries,2560.86,2025-02-06,4,2678,Udupi
9321,Toilet Cleaner,Home Care,6330.75,2024-07-04,4,2042,Kalaburagi
9322,Honey 500g,Groceries,10441.15,2022-06-13,6,2498,Vijayapura
9323,Toor Dal 1kg,Groceries,3995.32,2022-03-08,6,2187,Kalaburagi
9324,Wireless Earphones,Electronics,5823.25,2024-01-11,6,2169,Shivamogga
9325,Groundnut Oil 1L,Groceries,684.97,2024-09-03,3,1265,Hubballi
9326,Toothpaste 150g,Personal Care,1464.67,2024-09-14,4,1010,Ballari
9327,Chocolate Bar,Snacks,4739.74,2025-05-19,2,2666,Belagavi
9328,Pendrive 64GB,Electronics,10327.27,2024-07-23,5,1584,Davanagere
9329,File Folder,Stationery,7910.84,2025-06-23,6,1201,Belagavi
9330,Instant Noodles,Groceries,2277.24,2025-08-16,4,1780,Shivamogga
9331,Salt 1kg,Groceries,12057.17,2025-09-23,7,2718,Mangaluru
9332,Deodorant,Personal Care,446.19,2023-11-13,1,2677,Mangaluru
9333,Green Tea,Beverages,3825.14,2022-07-31,5,2631,Mysuru
9334,Laptop Sleeve,Electronics,608.15,2024-01-24,1,1728,Udupi
9335,Murukku Pack,Snacks,2109.06,2022-05-27,3,1293,Tumakuru
9336,Phone Stand,Electronics,6996.75,2025-08-13,7,2040,Bengaluru
9337,Torch Light,Electronics,8009.75,2023-10-04,5,2165,Tumakuru
9338,Printer Paper,Stationery,15652.8,2023-02-15,8,1869,Belagavi
9339,Bath Soap,Personal Care,9356.61,2023-10-28,5,2556,Hubballi
9340,Soft Drink 750ml,Beverages,35.62,2023-07-09,1,2742,Udupi
9341,Floor Cleaner 1L,Home Care,6974.3,2025-07-22,3,1138,Belagavi
9342,Floor Cleaner 1L,Home Care,11390.78,2025-11-25,5,2364,Hubballi
9343,Scrub Pad,Home Care,3114.9,2025-12-27,2,1546,Hubballi
9344,Good Day Biscuits,Snacks,1401.26,2023-11-18,1,2385,Tumakuru
9345,Stapler,Stationery,3305.91,2022-03-03,4,2268,Udupi
9346,Ghee 500ml,Groceries,1130.95,2022-06-09,4,2531,Mangaluru
9347,Mango Juice 1L,Beverages,11295.38,2024-04-02,6,1565,Vijayapura
9348,Body Lotion,Personal Care,2194.56,2024-08-07,5,1127,Tumakuru
9349,Body Lotion,Personal Care,2980.57,2022-12-01,7,2037,Tumakuru
9350,File Folder,Stationery,5125.7,2025-09-11,4,2510,Bengaluru
9351,Deodorant,Personal Care,890.37,2022-05-22,2,2502,Bengaluru
9352,Paneer 200g,Dairy,1476.04,2023-08-17,3,2073,Bengaluru
9353,Green Tea,Beverages,5070.86,2023-09-01,7,2931,Mangaluru
9354,Paneer 200g,Dairy,1075.27,2024-09-14,2,1630,Udupi
9355,Jam 500g,Groceries,906.16,2023-06-09,1,2197,Mysuru
9356,Sunflower Oil 1L,Groceries,2205.52,2025-12-01,1,1394,Udupi
9357,Filter Coffee 500g,Beverages,508.7,2022-12-21,5,1064,Belagavi
9358,Oats 1kg,Groceries,7924.76,2024-04-28,4,1593,Bengaluru
9359,Power Bank 10000mAh,Electronics,4506.62,2022-05-01,2,1939,Bengaluru
9360,Laptop Sleeve,Electronics,2923.96,2023-02-28,5,1154,Bengaluru
9361,Almonds 500g,Groceries,1382.02,2023-03-21,6,1181,Shivamogga
9362,Mouse,Electronics,4751.02,2022-03-21,8,1793,Tumakuru
9363,Wheat Atta 10kg,Groceries,567.88,2024-01-03,7,2327,Mysuru
9364,Wireless Earphones,Electronics,1827.37,2023-04-12,2,1708,Mysuru
9365,Vermicelli 500g,Groceries,3703.92,2023-12-21,7,1247,Belagavi
9366,Potato Chips,Snacks,4510.06,2025-11-04,8,1320,Mysuru
9367,Cashew 500g,Groceries,2974.26,2022-08-24,4,1215,Shivamogga
9368,Good Day Biscuits,Snacks,2512.1,2025-12-23,2,1890,Mangaluru
9369,Air Freshener,Home Care,4706.63,2024-01-28,2,2263,Hubballi
9370,Power Bank 10000mAh,Electronics,4414.8,2022-08-04,2,2326,Tumakuru
9371,Poha 1kg,Groceries,137.16,2025-11-29,1,2789,Davanagere
9372,Toothpaste 150g,Personal Care,2359.45,2022-09-06,6,2740,Udupi
9373,Sugar 1kg,Groceries,13885.51,2022-06-02,8,1383,Mangaluru
9374,Rice 5kg,Groceries,11934.24,2022-03-07,8,2118,Kalaburagi
9375,Basmati Rice 5kg,Groceries,9257.48,2022-12-29,6,1616,Bengaluru
9376,Instant Noodles,Groceries,3969.4,2022-03-12,7,2515,Vijayapura
9377,Namkeen Mix,Snacks,4703.32,2023-04-17,3,2665,Hubballi
9378,Murukku Pack,Snacks,627.41,2022-01-31,1,2890,Vijayapura
9379,HDMI Cable,Electronics,9493.48,2025-04-24,4,1202,Udupi
9380,Wireless Earphones,Electronics,867.83,2025-05-03,1,2252,Kalaburagi
9381,Pendrive 64GB,Electronics,3937.55,2025-07-02,2,1926,Udupi
9382,Parle-G Biscuits,Snacks,5053.5,2025-08-09,3,1379,Ballari
9383,Mouse,Electronics,5040.79,2023-09-19,8,2502,Mysuru
9384,Vermicelli 500g,Groceries,2997.71,2023-12-30,5,1543,Kalaburagi
9385,Face Wash,Personal Care,12466.64,2022-04-01,5,1305,Tumakuru
9386,Namkeen Mix,Snacks,8371.22,2024-09-08,5,1498,Ballari
9387,Hand Wash,Personal Care,11442.74,2023-07-25,7,2124,Mysuru
9388,Milk 1L,Dairy,543.59,2022-12-17,1,2159,Kalaburagi
9389,Banana Chips,Snacks,11017.71,2023-07-10,8,1388,Bengaluru
9390,Namkeen Mix,Snacks,12940.88,2025-06-18,8,2059,Hubballi
9391,Phone Stand,Electronics,7010.64,2024-11-05,7,1137,Bengaluru
9392,Bluetooth Speaker,Electronics,1721.51,2022-10-03,1,1515,Bengaluru
9393,Pendrive 64GB,Electronics,8665.7,2022-06-20,4,2467,Udupi
9394,Floor Cleaner 1L,Home Care,8898.61,2022-07-18,4,1728,Davanagere
9395,Peanut Butter,Groceries,2187.38,2023-01-05,3,2376,Hubballi
9396,Hand Wash,Personal Care,9822.81,2025-12-26,7,1794,Kalaburagi
9397,Mango Juice 1L,Beverages,1849.83,2022-11-06,1,2208,Shivamogga
9398,Parle-G Biscuits,Snacks,4778.97,2024-04-01,3,1119,Kalaburagi
9399,Corn Flakes,Groceries,17998.39,2024-05-16,7,2590,Mysuru
9400,Curd 500g,Dairy,1287.2,2022-01-04,1,2380,Hubballi
9401,Eraser Pack,Stationery,662.25,2023-01-05,1,2349,Kalaburagi
9402,Laptop Sleeve,Electronics,4413.08,2024-09-17,8,1444,Tumakuru
9403,Toor Dal 1kg,Groceries,4647.66,2023-02-28,7,1448,Vijayapura
9404,Mineral Water 1L,Beverages,12476.56,2024-03-11,6,2439,Tumakuru
9405,Torch Light,Electronics,11589.33,2023-11-29,8,1726,Bengaluru
9406,Sketch Pen Set,Stationery,102.57,2023-11-27,1,2703,Bengaluru
9407,Lassi 200ml,Beverages,1169.16,2022-03-30,1,1853,Kalaburagi
9408,Eraser Pack,Stationery,1842.13,2025-11-17,3,2454,Vijayapura
9409,Pendrive 64GB,Electronics,2047.59,2024-01-30,1,2826,Tumakuru
9410,Ball Pen Pack,Stationery,8235.81,2025-04-13,5,2176,Udupi
9411,Notebook,Stationery,4439.81,2023-06-20,2,1433,Tumakuru
9412,Tea Powder 500g,Beverages,6790.05,2022-01-27,7,2432,Mangaluru
9413,Mineral Water 1L,Beverages,2260.72,2022-07-08,1,2191,Mysuru
9414,File Folder,Stationery,2961.07,2023-09-28,2,2252,Ballari
9415,Detergent Powder 1kg,Home Care,1747.73,2023-06-24,7,2250,Bengaluru
9416,LED Bulb 9W,Electronics,6474.53,2022-07-11,3,1922,Davanagere
9417,Mobile Charger,Electronics,3041.53,2024-09-06,2,1892,Davanagere
9418,Vermicelli 500g,Groceries,3176.38,2025-11-20,6,2368,Bengaluru
9419,Mobile Charger,Electronics,5918.2,2023-11-26,4,2315,Hubballi
9420,Paneer 200g,Dairy,3274.85,2023-12-27,6,2321,Kalaburagi
9421,Potato Chips,Snacks,1741.14,2022-04-18,3,2467,Ballari
9422,Extension Board,Electronics,11618.95,2023-02-10,7,2940,Vijayapura
9423,Groundnut Oil 1L,Groceries,928.21,2023-08-20,4,2138,Tumakuru
9424,Body Lotion,Personal Care,2870.5,2024-08-24,6,2949,Shivamogga
9425,Detergent Powder 1kg,Home Care,1632.82,2023-10-09,6,1509,Belagavi
9426,Phone Stand,Electronics,7735.58,2025-05-10,8,2914,Mangaluru
9427,Bluetooth Speaker,Electronics,1724.07,2022-12-16,1,1117,Davanagere
9428,Marker Pen,Stationery,719.92,2022-02-22,1,1425,Davanagere
9429,Marker Pen,Stationery,1465.47,2022-08-25,2,1007,Hubballi
9430,Sticky Notes,Stationery,2136.58,2022-01-12,3,2030,Mangaluru
9431,LED Bulb 9W,Electronics,10930.47,2024-04-09,5,1020,Vijayapura
9432,Buttermilk 200ml,Beverages,687.3,2023-12-13,1,2002,Udupi
9433,Mouse,Electronics,3255.7,2024-03-31,6,1817,Mysuru
9434,Oats 1kg,Groceries,2192.81,2024-03-22,1,1534,Belagavi
9435,Wireless Earphones,Electronics,916.72,2025-04-23,1,1592,Udupi
9436,Laptop Sleeve,Electronics,4119.17,2024-06-08,7,2964,Kalaburagi
9437,Mixture Snack,Snacks,6312.64,2024-08-12,3,2413,Davanagere
9438,Potato Chips,Snacks,3653.18,2023-11-29,7,1551,Kalaburagi
9439,Sugar 1kg,Groceries,5787.7,2022-02-09,3,2528,Mangaluru
9440,Mouse,Electronics,3146.85,2024-04-24,5,1729,Udupi
9441,Vermicelli 500g,Groceries,1897.01,2025-12-19,3,2087,Vijayapura
9442,Ragi Flour 1kg,Groceries,12472.65,2024-03-31,7,2850,Belagavi
9443,Eraser Pack,Stationery,2703.32,2025-10-01,4,2199,Davanagere
9444,Mobile Charger,Electronics,7817.95,2025-05-27,6,2974,Mysuru
9445,Stapler,Stationery,750.37,2025-01-13,1,1603,Ballari
9446,Body Lotion,Personal Care,2852.27,2025-08-01,7,1623,Belagavi
9447,USB Cable,Electronics,5649.84,2023-04-05,4,2372,Kalaburagi
9448,Body Lotion,Personal Care,1734.21,2025-08-12,4,2323,Bengaluru
9449,Eraser Pack,Stationery,633.17,2024-06-16,1,1696,Hubballi
9450,Glass Cleaner,Home Care,4750.27,2023-03-19,5,1215,Ballari
9451,Dishwash Liquid,Home Care,1216.07,2025-03-18,5,1033,Bengaluru
9452,Mango Juice 1L,Beverages,10965.09,2022-12-06,5,2316,Davanagere
9453,Stapler,Stationery,4483.75,2023-02-20,6,1605,Tumakuru
9454,Phone Stand,Electronics,1947.19,2022-11-23,2,1229,Tumakuru
9455,Smart Watch,Electronics,10269.98,2024-12-07,7,2908,Vijayapura
9456,Murukku Pack,Snacks,625.98,2024-02-14,1,2937,Tumakuru
9457,Ragi Flour 1kg,Groceries,14144.48,2022-11-24,8,2446,Belagavi
9458,Potato Chips,Snacks,3636.47,2024-01-09,6,2132,Mangaluru
9459,Peanut Butter,Groceries,3237.97,2023-11-07,4,1514,Udupi
9460,Sticky Notes,Stationery,688.79,2023-09-08,1,2479,Belagavi
9461,File Folder,Stationery,7655.93,2023-04-22,6,2805,Vijayapura
9462,Instant Noodles,Groceries,3569.68,2023-02-11,7,2529,Belagavi
9463,Energy Drink,Beverages,11404.98,2022-02-16,7,2072,Mysuru
9464,USB Cable,Electronics,6893.9,2024-03-12,5,1090,Mangaluru
9465,Lassi 200ml,Beverages,8581.7,2023-04-07,7,1376,Kalaburagi
9466,Corn Flakes,Groceries,10123.82,2023-12-07,4,2358,Hubballi
9467,Toor Dal 1kg,Groceries,5073.61,2025-05-15,8,2635,Mysuru
9468,Eraser Pack,Stationery,669.02,2025-12-15,1,2080,Udupi
9469,Bluetooth Speaker,Electronics,13092.24,2022-06-05,7,1736,Bengaluru
9470,Keyboard,Electronics,8418.86,2023-05-04,4,2905,Belagavi
9471,Ragi Flour 1kg,Groceries,3308.0,2024-12-16,2,1306,Vijayapura
9472,Torch Light,Electronics,7124.07,2022-06-28,5,2041,Hubballi
9473,Hair Oil 200ml,Personal Care,6920.15,2022-08-10,8,1624,Kalaburagi
9474,Smart Watch,Electronics,6508.35,2023-12-18,5,1049,Davanagere
9475,Basmati Rice 5kg,Groceries,5837.94,2022-09-30,4,1094,Hubballi
9476,Mineral Water 1L,Beverages,14623.77,2022-05-02,6,2332,Udupi
9477,Groundnut Oil 1L,Groceries,1888.03,2024-07-04,8,1915,Shivamogga
9478,Vermicelli 500g,Groceries,530.72,2023-10-20,1,1390,Udupi
9479,Ragi Flour 1kg,Groceries,14974.11,2025-07-28,8,2295,Tumakuru
9480,Groundnut Oil 1L,Groceries,922.17,2024-07-15,4,1428,Hubballi
9481,Ice Cream Tub,Dairy,1764.16,2023-06-03,2,1967,Belagavi
9482,Milk 1L,Dairy,3551.76,2022-07-10,6,2702,Tumakuru
9483,Floor Cleaner 1L,Home Care,6512.82,2024-06-13,3,1852,Udupi
9484,Tea Powder 500g,Beverages,5340.71,2025-11-15,5,1321,Udupi
9485,Power Bank 10000mAh,Electronics,9570.92,2025-01-22,4,1701,Mysuru
9486,Body Lotion,Personal Care,1385.36,2025-10-27,3,1741,Udupi
9487,Bluetooth Speaker,Electronics,12926.31,2024-03-03,8,1140,Belagavi
9488,Cheese Slices,Dairy,859.26,2025-10-03,1,1523,Mysuru
9489,Mineral Water 1L,Beverages,15396.96,2022-05-04,7,1126,Udupi
9490,Jam 500g,Groceries,2899.83,2025-10-17,3,2047,Hubballi
9491,Vermicelli 500g,Groceries,4365.86,2024-07-02,7,2066,Hubballi
9492,File Folder,Stationery,11246.86,2024-02-23,8,1673,Belagavi
9493,Rice 5kg,Groceries,4551.82,2024-08-22,3,2561,Mysuru
9494,Notebook,Stationery,11500.69,2023-01-31,6,1926,Belagavi
9495,Phone Stand,Electronics,1067.01,2024-12-24,1,2327,Mangaluru
9496,Chocolate Bar,Snacks,14894.2,2025-08-13,6,2581,Tumakuru
9497,Cashew 500g,Groceries,2244.05,2025-09-29,3,1771,Davanagere
9498,Ghee 500ml,Groceries,1771.71,2024-01-28,7,2560,Belagavi
9499,Cashew 500g,Groceries,3329.8,2023-09-17,5,2197,Kalaburagi
9500,Keyboard,Electronics,7941.34,2024-01-10,4,2271,Shivamogga
9501,Vermicelli 500g,Groceries,2293.62,2023-09-04,4,2287,Mangaluru
9502,Toothpaste 150g,Personal Care,434.47,2023-06-21,1,1898,Bengaluru
9503,Vermicelli 500g,Groceries,3151.51,2024-10-10,5,2773,Tumakuru
9504,Coconut Oil 1L,Groceries,2442.0,2025-12-20,4,2750,Bengaluru
9505,Tea Powder 500g,Beverages,8334.9,2025-11-16,8,2790,Vijayapura
9506,Bath Soap,Personal Care,12784.97,2023-05-07,8,2048,Ballari
9507,Vermicelli 500g,Groceries,1884.13,2024-11-29,3,1924,Mysuru
9508,Coconut Oil 1L,Groceries,2280.05,2025-08-21,4,2594,Belagavi
9509,Floor Cleaner 1L,Home Care,1965.39,2025-04-08,1,2270,Udupi
9510,Phone Stand,Electronics,8728.52,2023-05-07,8,2125,Shivamogga
9511,Basmati Rice 5kg,Groceries,7800.46,2022-12-28,5,2645,Belagavi
9512,Groundnut Oil 1L,Groceries,723.13,2023-06-16,3,2680,Ballari
9513,Rice 5kg,Groceries,8348.26,2024-11-21,5,2076,Tumakuru
9514,File Folder,Stationery,1423.28,2024-07-13,1,1821,Hubballi
9515,USB Cable,Electronics,4039.54,2023-09-22,3,1900,Davanagere
9516,Paneer 200g,Dairy,995.65,2025-01-31,2,1935,Hubballi
9517,Scrub Pad,Home Care,3112.42,2024-04-12,2,1252,Tumakuru
9518,Mango Juice 1L,Beverages,4231.08,2023-03-10,2,1775,Davanagere
9519,Milk 1L,Dairy,2357.75,2024-10-11,4,1405,Mysuru
9520,Ball Pen Pack,Stationery,1615.68,2023-03-18,1,2856,Mysuru
9521,Oats 1kg,Groceries,4297.12,2024-04-30,2,2776,Udupi
9522,Good Day Biscuits,Snacks,8965.8,2025-10-13,7,2354,Tumakuru
9523,Eraser Pack,Stationery,4403.37,2024-03-16,7,1353,Udupi
9524,Filter Coffee 500g,Beverages,263.68,2024-08-09,3,2167,Kalaburagi
9525,File Folder,Stationery,3919.64,2024-10-08,3,1830,Kalaburagi
9526,Instant Noodles,Groceries,3757.02,2025-11-07,7,1934,Mysuru
9527,Cheese Slices,Dairy,6892.04,2023-07-03,8,2063,Kalaburagi
9528,Peanut Butter,Groceries,4764.22,2022-10-16,6,1684,Davanagere
9529,Stapler,Stationery,4998.64,2023-01-29,6,2960,Shivamogga
9530,Soft Drink 750ml,Beverages,39.6,2022-02-23,1,2608,Vijayapura
9531,Face Wash,Personal Care,12588.19,2023-04-02,5,2592,Davanagere
9532,LED Bulb 9W,Electronics,9787.19,2022-09-21,5,1586,Davanagere
9533,Butter 100g,Dairy,166.33,2023-10-07,2,2061,Mangaluru
9534,Toothpaste 150g,Personal Care,820.49,2025-03-04,2,1683,Mysuru
9535,Body Lotion,Personal Care,939.0,2022-01-04,2,1924,Bengaluru
9536,Hand Wash,Personal Care,12176.92,2024-05-25,8,2998,Kalaburagi
9537,Lassi 200ml,Beverages,4934.45,2022-08-28,4,1430,Mysuru
9538,Cheese Slices,Dairy,4514.57,2025-02-07,5,1403,Hubballi
9539,Khakhra Pack,Snacks,2515.17,2023-10-23,5,1017,Hubballi
9540,Ghee 500ml,Groceries,1026.33,2022-12-25,4,2670,Udupi
9541,Curd 500g,Dairy,1171.48,2023-11-22,1,2942,Belagavi
9542,Khakhra Pack,Snacks,4167.72,2025-05-05,8,1142,Belagavi
9543,Honey 500g,Groceries,10562.22,2024-07-08,6,1966,Bengaluru
9544,Toilet Cleaner,Home Care,3157.61,2024-09-10,2,1004,Shivamogga
9545,Namkeen Mix,Snacks,4754.17,2023-02-06,3,1383,Bengaluru
9546,Tea Powder 500g,Beverages,5653.48,2023-03-20,5,1676,Belagavi
9547,Green Tea,Beverages,5268.1,2023-01-31,7,2609,Tumakuru
9548,Air Freshener,Home Care,9771.28,2024-06-06,4,1482,Tumakuru
9549,File Folder,Stationery,7743.0,2023-10-01,5,2474,Belagavi
9550,Honey 500g,Groceries,2981.86,2024-04-06,2,2907,Hubballi
9551,Potato Chips,Snacks,4251.99,2023-01-31,7,2157,Mangaluru
9552,Sticky Notes,Stationery,655.08,2025-12-24,1,2607,Bengaluru
9553,Mobile Charger,Electronics,4473.51,2025-04-03,3,1604,Mangaluru
9554,Buttermilk 200ml,Beverages,2134.81,2022-07-03,3,2258,Mangaluru
9555,Wireless Earphones,Electronics,7306.05,2023-03-12,8,2316,Kalaburagi
9556,Cashew 500g,Groceries,727.48,2025-09-21,1,1990,Ballari
9557,Bath Soap,Personal Care,1777.96,2023-03-01,1,2030,Davanagere
9558,Banana Chips,Snacks,2722.42,2022-02-07,2,1442,Ballari
9559,Soft Drink 750ml,Beverages,147.01,2025-05-05,4,2803,Bengaluru
9560,Paneer 200g,Dairy,3318.1,2025-09-26,6,2947,Kalaburagi
9561,Green Tea,Beverages,4630.97,2024-09-30,6,1873,Mysuru
9562,Hand Wash,Personal Care,1598.94,2024-03-06,1,2051,Bengaluru
9563,LED Bulb 9W,Electronics,1945.0,2022-03-05,1,1013,Shivamogga
9564,Wireless Earphones,Electronics,6739.32,2022-06-12,7,2647,Udupi
9565,Hair Oil 200ml,Personal Care,1818.94,2023-07-16,2,1433,Hubballi
9566,Chocolate Bar,Snacks,2537.7,2024-10-07,1,1537,Hubballi
9567,Toothpaste 150g,Personal Care,849.37,2022-08-09,2,1246,Shivamogga
9568,Wireless Earphones,Electronics,5890.05,2025-09-04,6,2325,Vijayapura
9569,Potato Chips,Snacks,1191.99,2024-08-28,2,2220,Udupi
9570,Paneer 200g,Dairy,3837.85,2025-06-26,7,2638,Kalaburagi
9571,Sunflower Oil 1L,Groceries,4228.51,2023-08-23,2,1135,Davanagere
9572,Torch Light,Electronics,9911.82,2025-12-03,7,2166,Mangaluru
9573,Toor Dal 1kg,Groceries,4615.35,2023-09-12,6,2111,Kalaburagi
9574,Detergent Powder 1kg,Home Care,1583.83,2025-03-13,7,1056,Mysuru
9575,Chocolate Bar,Snacks,2158.94,2022-06-18,1,1697,Kalaburagi
9576,Dishwash Liquid,Home Care,1643.68,2024-02-28,7,1598,Hubballi
9577,Lassi 200ml,Beverages,5632.17,2023-02-05,5,2342,Belagavi
9578,Lassi 200ml,Beverages,8721.82,2022-05-01,8,1007,Vijayapura
9579,Murukku Pack,Snacks,742.93,2024-02-01,1,1403,Shivamogga
9580,Hair Oil 200ml,Personal Care,830.61,2023-01-02,1,2627,Shivamogga
9581,Hand Wash,Personal Care,4984.13,2025-10-18,3,2149,Ballari
9582,Corn Flakes,Groceries,2530.19,2023-09-08,1,2221,Davanagere
9583,Salt 1kg,Groceries,8341.27,2025-02-03,5,2810,Udupi
9584,Vermicelli 500g,Groceries,3410.21,2022-07-19,6,2400,Tumakuru
9585,Oats 1kg,Groceries,8182.19,2023-08-03,4,1065,Shivamogga
9586,Sticky Notes,Stationery,5648.66,2025-10-08,8,2953,Belagavi
9587,Butter 100g,Dairy,185.75,2025-03-04,2,1420,Shivamogga
9588,Hair Oil 200ml,Personal Care,1752.84,2023-04-26,2,2051,Kalaburagi
9589,Honey 500g,Groceries,3418.41,2024-03-30,2,2020,Davanagere
9590,Urad Dal 1kg,Groceries,3204.03,2024-11-05,6,2872,Shivamogga
9591,Pendrive 64GB,Electronics,14862.42,2022-03-29,7,1535,Udupi
9592,Face Wash,Personal Care,11118.19,2022-01-29,5,1067,Ballari
9593,Phone Stand,Electronics,2926.37,2025-01-10,3,2697,Kalaburagi
9594,Poha 1kg,Groceries,1072.1,2023-02-14,8,2247,Udupi
9595,Marker Pen,Stationery,641.83,2022-02-18,1,1439,Davanagere
9596,Air Freshener,Home Care,10393.9,2022-11-11,4,1106,Shivamogga
9597,Instant Noodles,Groceries,3853.54,2025-11-09,7,1627,Ballari
9598,Coconut Oil 1L,Groceries,2480.98,2024-07-24,4,1517,Ballari
9599,Deodorant,Personal Care,902.15,2023-06-09,2,2997,Bengaluru
9600,Jam 500g,Groceries,6236.92,2022-08-29,6,2893,Belagavi
9601,Wheat Atta 10kg,Groceries,448.6,2022-05-28,6,2134,Mysuru
9602,Extension Board,Electronics,11719.33,2022-03-10,7,1005,Bengaluru
9603,Mobile Charger,Electronics,8008.35,2025-09-07,6,1224,Udupi
9604,Banana Chips,Snacks,6121.59,2024-11-02,4,2895,Mysuru
9605,Wheat Atta 10kg,Groceries,424.78,2022-12-05,5,1652,Shivamogga
9606,Extension Board,Electronics,11901.57,2024-01-10,7,1884,Mysuru
9607,Wireless Earphones,Electronics,4411.42,2022-11-15,5,2359,Udupi
9608,Oats 1kg,Groceries,16007.34,2022-04-30,8,2254,Hubballi
9609,Phone Stand,Electronics,2801.84,2022-10-26,3,2206,Belagavi
9610,Paneer 200g,Dairy,4356.44,2022-08-13,8,1227,Mysuru
9611,Basmati Rice 5kg,Groceries,5409.58,2025-12-11,4,1078,Vijayapura
9612,Khakhra Pack,Snacks,3514.66,2022-10-05,6,2908,Kalaburagi
9613,Murukku Pack,Snacks,1263.72,2024-03-05,2,2675,Tumakuru
9614,Oats 1kg,Groceries,11002.63,2025-12-10,5,2732,Kalaburagi
9615,Groundnut Oil 1L,Groceries,215.68,2022-12-04,1,2454,Hubballi
9616,Floor Cleaner 1L,Home Care,1961.62,2024-07-20,1,2188,Tumakuru
9617,Cashew 500g,Groceries,4537.3,2024-03-10,6,2333,Davanagere
9618,Extension Board,Electronics,5183.33,2025-08-18,3,2636,Hubballi
9619,Ice Cream Tub,Dairy,4253.47,2023-05-09,5,1630,Belagavi
9620,Cheese Slices,Dairy,2631.35,2024-10-31,3,1047,Udupi
9621,Smart Watch,Electronics,7233.85,2025-08-10,5,1115,Shivamogga
9622,Hair Oil 200ml,Personal Care,827.87,2025-06-10,1,1753,Bengaluru
9623,Buttermilk 200ml,Beverages,3155.58,2025-08-05,5,1141,Tumakuru
9624,Marker Pen,Stationery,2679.78,2023-11-10,4,2951,Davanagere
9625,Smart Watch,Electronics,3855.47,2025-12-04,3,2028,Davanagere
9626,Toothpaste 150g,Personal Care,3106.29,2022-09-08,8,2953,Bengaluru
9627,Green Tea,Beverages,1536.88,2023-12-18,2,2518,Davanagere
9628,Peanut Butter,Groceries,1560.18,2023-11-20,2,1187,Ballari
9629,Basmati Rice 5kg,Groceries,9091.1,2024-01-24,6,1343,Vijayapura
9630,Namkeen Mix,Snacks,7723.69,2023-10-13,5,1288,Mangaluru
9631,Butter 100g,Dairy,645.05,2025-02-03,8,1626,Mangaluru
9632,Power Bank 10000mAh,Electronics,21125.91,2025-10-04,8,1352,Vijayapura
9633,Stapler,Stationery,828.5,2022-02-16,1,2826,Mangaluru
9634,Eraser Pack,Stationery,1299.55,2024-07-28,2,1353,Tumakuru
9635,Ragi Flour 1kg,Groceries,3643.39,2023-05-15,2,2473,Belagavi
9636,Mixture Snack,Snacks,1951.31,2023-11-19,1,2723,Davanagere
9637,Mouse,Electronics,1290.76,2023-05-16,2,1219,Belagavi
9638,Ghee 500ml,Groceries,1755.97,2024-02-03,7,1466,Bengaluru
9639,Dishwash Liquid,Home Care,279.8,2023-07-29,1,2741,Mysuru
9640,Floor Cleaner 1L,Home Care,1916.06,2022-08-20,1,1432,Mysuru
9641,Notebook,Stationery,13963.79,2023-09-22,7,1379,Mysuru
9642,Notebook,Stationery,8249.48,2024-09-06,4,2029,Kalaburagi
9643,Urad Dal 1kg,Groceries,3328.36,2025-06-17,6,1283,Udupi
9644,Banana Chips,Snacks,12955.03,2022-02-18,8,2931,Kalaburagi
9645,Potato Chips,Snacks,3612.25,2023-09-19,7,2154,Davanagere
9646,Khakhra Pack,Snacks,4413.83,2024-11-27,8,2919,Davanagere
9647,Toothpaste 150g,Personal Care,2386.25,2025-04-26,6,1894,Kalaburagi
9648,Basmati Rice 5kg,Groceries,2650.25,2023-12-14,2,1032,Davanagere
9649,Hand Wash,Personal Care,7834.01,2024-02-18,5,1926,Mangaluru
9650,Sanitary Pads,Personal Care,12004.16,2025-03-02,7,1842,Ballari
9651,Urad Dal 1kg,Groceries,567.01,2022-08-06,1,2262,Belagavi
9652,Bluetooth Speaker,Electronics,9374.71,2023-12-31,6,2301,Mangaluru
9653,Potato Chips,Snacks,520.81,2022-10-22,1,2812,Davanagere
9654,Wheat Atta 10kg,Groceries,380.82,2025-12-03,5,1757,Vijayapura
9655,Floor Cleaner 1L,Home Care,8739.99,2022-10-11,4,1431,Ballari
9656,Milk 1L,Dairy,2660.59,2022-08-17,5,1833,Mysuru
9657,Hand Wash,Personal Care,11225.88,2025-06-26,7,2802,Kalaburagi
9658,Air Freshener,Home Care,12810.99,2024-04-26,5,2193,Davanagere
9659,Salt 1kg,Groceries,12538.16,2025-05-21,8,2080,Udupi
9660,Honey 500g,Groceries,10657.88,2022-08-14,6,1242,Shivamogga
9661,Bluetooth Speaker,Electronics,12721.31,2025-04-08,8,1123,Hubballi
9662,Bluetooth Speaker,Electronics,3313.35,2024-01-26,2,2917,Ballari
9663,Khakhra Pack,Snacks,505.24,2023-09-10,1,1267,Hubballi
9664,Khakhra Pack,Snacks,1691.23,2023-09-12,3,1695,Ballari
9665,Stapler,Stationery,4181.1,2025-04-04,5,2743,Hubballi
9666,Sanitary Pads,Personal Care,3884.95,2024-08-03,2,2325,Ballari
9667,Bluetooth Speaker,Electronics,11058.04,2024-11-29,6,2373,Bengaluru
9668,Coconut Oil 1L,Groceries,4900.0,2022-05-19,8,2821,Davanagere
9669,Sketch Pen Set,Stationery,511.21,2023-07-26,5,1101,Bengaluru
9670,Soft Drink 750ml,Beverages,307.76,2024-11-08,8,2234,Belagavi
9671,Bath Soap,Personal Care,8418.65,2023-04-19,5,1905,Vijayapura
9672,Detergent Powder 1kg,Home Care,1711.47,2022-04-17,7,1587,Belagavi
9673,Stapler,Stationery,5937.28,2024-07-28,7,1240,Mysuru
9674,Stapler,Stationery,1574.83,2024-12-13,2,1346,Udupi
9675,Smart Watch,Electronics,11534.15,2023-08-29,8,2687,Davanagere
9676,Glass Cleaner,Home Care,4889.94,2024-06-16,5,2992,Ballari
9677,Ball Pen Pack,Stationery,9697.01,2024-08-05,6,2835,Hubballi
9678,Extension Board,Electronics,3762.36,2024-11-30,2,1215,Shivamogga
9679,Chocolate Bar,Snacks,18095.03,2023-08-07,8,1248,Hubballi
9680,Vermicelli 500g,Groceries,3000.78,2025-07-20,5,1721,Shivamogga
9681,Phone Stand,Electronics,8241.19,2025-07-28,8,2654,Bengaluru
9682,Deodorant,Personal Care,423.21,2024-06-24,1,2315,Bengaluru
9683,Basmati Rice 5kg,Groceries,8427.68,2023-03-08,6,1055,Bengaluru
9684,Filter Coffee 500g,Beverages,705.5,2023-06-21,8,1214,Mangaluru
9685,Air Freshener,Home Care,8107.17,2025-04-18,3,1360,Mysuru
9686,Sticky Notes,Stationery,2044.9,2025-02-09,3,1732,Tumakuru
9687,Sanitary Pads,Personal Care,5219.6,2024-01-22,3,1750,Shivamogga
9688,Torch Light,Electronics,4256.32,2022-08-03,3,2021,Davanagere
9689,Notebook,Stationery,12289.73,2022-11-16,6,2891,Kalaburagi
9690,Khakhra Pack,Snacks,2920.5,2023-07-07,5,1443,Davanagere
9691,Basmati Rice 5kg,Groceries,4360.09,2022-10-04,3,2602,Mangaluru
9692,Urad Dal 1kg,Groceries,1592.38,2023-07-18,3,1150,Bengaluru
9693,Chocolate Bar,Snacks,12662.24,2024-04-11,5,1086,Davanagere
9694,Mango Juice 1L,Beverages,13678.17,2022-05-07,7,2954,Kalaburagi
9695,Paneer 200g,Dairy,2572.55,2024-05-08,5,1097,Vijayapura
9696,Murukku Pack,Snacks,5948.56,2024-06-18,8,1349,Shivamogga
9697,Sugar 1kg,Groceries,1873.62,2022-11-26,1,2996,Mysuru
9698,Peanut Butter,Groceries,4696.48,2025-06-28,6,1400,Mangaluru
9699,Groundnut Oil 1L,Groceries,1479.39,2024-05-15,6,2492,Shivamogga
9700,Salt 1kg,Groceries,12823.22,2024-03-06,7,2865,Kalaburagi
9701,Parle-G Biscuits,Snacks,10603.39,2024-11-30,6,1520,Belagavi
9702,Laptop Sleeve,Electronics,3130.84,2024-03-23,6,1513,Vijayapura
9703,Power Bank 10000mAh,Electronics,4480.72,2022-02-25,2,2640,Bengaluru
9704,Bath Soap,Personal Care,1764.62,2024-02-08,1,2007,Tumakuru
9705,Sugar 1kg,Groceries,8417.0,2024-04-23,5,1295,Hubballi
9706,Toothpaste 150g,Personal Care,865.77,2022-09-03,2,2427,Davanagere
9707,Ragi Flour 1kg,Groceries,3607.0,2024-08-26,2,2209,Mangaluru
9708,Peanut Butter,Groceries,5073.29,2024-12-07,7,1882,Shivamogga
9709,Toilet Cleaner,Home Care,3307.17,2025-10-22,2,2632,Hubballi
9710,Wireless Earphones,Electronics,2691.94,2024-10-11,3,2694,Bengaluru
9711,Notebook,Stationery,7607.62,2025-11-03,4,1093,Davanagere
9712,Deodorant,Personal Care,1190.49,2025-02-23,3,1956,Belagavi
9713,Eraser Pack,Stationery,4102.53,2025-03-06,6,1395,Udupi
9714,Khakhra Pack,Snacks,4689.94,2022-12-03,8,2108,Udupi
9715,Cheese Slices,Dairy,859.64,2024-03-13,1,2816,Udupi
9716,Torch Light,Electronics,12152.48,2024-12-21,8,1923,Hubballi
9717,Pendrive 64GB,Electronics,1949.08,2022-05-11,1,2652,Hubballi
9718,Sugar 1kg,Groceries,10352.21,2025-04-03,6,1309,Hubballi
9719,Sketch Pen Set,Stationery,387.61,2022-12-03,4,1303,Hubballi
9720,Glass Cleaner,Home Care,7435.34,2023-07-07,8,1587,Ballari
9721,Urad Dal 1kg,Groceries,4137.77,2025-07-12,7,1384,Belagavi
9722,Mobile Charger,Electronics,9818.49,2024-04-19,7,1071,Belagavi
9723,Parle-G Biscuits,Snacks,4814.97,2024-03-22,3,2483,Udupi
9724,Ghee 500ml,Groceries,1665.4,2022-09-23,6,1957,Vijayapura
9725,Extension Board,Electronics,7551.21,2025-03-15,4,1961,Bengaluru
9726,Potato Chips,Snacks,1221.32,2023-09-02,2,2373,Tumakuru
9727,Filter Coffee 500g,Beverages,672.11,2022-03-13,7,1639,Davanagere
9728,Laptop Sleeve,Electronics,3610.22,2022-11-01,7,2977,Vijayapura
9729,Namkeen Mix,Snacks,9301.07,2022-06-19,6,2203,Udupi
9730,Salt 1kg,Groceries,7978.89,2024-08-10,5,2776,Bengaluru
9731,Bath Soap,Personal Care,12157.73,2022-03-09,7,1677,Bengaluru
9732,Detergent Powder 1kg,Home Care,1474.13,2022-12-11,6,1487,Davanagere
9733,Toothpaste 150g,Personal Care,1986.17,2023-07-04,5,2581,Shivamogga
9734,Cheese Slices,Dairy,899.42,2024-01-02,1,2787,Mysuru
9735,Milk 1L,Dairy,608.48,2023-10-18,1,2542,Tumakuru
9736,LED Bulb 9W,Electronics,6503.51,2025-10-10,3,1828,Davanagere
9737,Lassi 200ml,Beverages,2436.56,2022-06-07,2,2668,Davanagere
9738,Keyboard,Electronics,10766.32,2023-12-13,6,2235,Udupi
9739,Bath Soap,Personal Care,13110.33,2025-04-06,8,1159,Tumakuru
9740,Mineral Water 1L,Beverages,12456.61,2022-10-26,5,1268,Vijayapura
9741,Mixture Snack,Snacks,11548.25,2023-06-11,6,1145,Ballari
9742,Body Lotion,Personal Care,2821.52,2024-09-06,6,2980,Tumakuru
9743,Curd 500g,Dairy,9993.14,2025-10-23,8,1993,Mangaluru
9744,Mango Juice 1L,Beverages,10824.5,2024-01-16,5,2722,Ballari
9745,Mouse,Electronics,2322.05,2022-01-29,4,2024,Vijayapura
9746,Corn Flakes,Groceries,8933.51,2025-09-19,4,1579,Bengaluru
9747,Keyboard,Electronics,8140.49,2023-02-03,4,1967,Ballari
9748,Dishwash Liquid,Home Care,1946.45,2022-08-19,7,1721,Kalaburagi
9749,Peanut Butter,Groceries,2570.2,2024-04-29,3,2070,Tumakuru
9750,Energy Drink,Beverages,1609.94,2022-02-15,1,1986,Vijayapura
9751,Green Tea,Beverages,4802.62,2022-04-15,7,1052,Bengaluru
9752,Toothpaste 150g,Personal Care,1213.01,2024-01-17,3,1028,Vijayapura
9753,Hair Oil 200ml,Personal Care,6173.53,2022-02-02,7,1576,Davanagere
9754,Rice 5kg,Groceries,4875.45,2023-04-26,3,2833,Hubballi
9755,Sanitary Pads,Personal Care,3484.51,2025-10-29,2,1229,Hubballi
9756,Air Freshener,Home Care,12245.35,2022-12-28,5,2022,Vijayapura
9757,Toilet Cleaner,Home Care,4670.85,2025-11-04,3,1835,Udupi
9758,Pendrive 64GB,Electronics,11340.66,2023-11-03,5,1533,Mangaluru
9759,Bluetooth Speaker,Electronics,12605.51,2022-09-15,7,2251,Hubballi
9760,Extension Board,Electronics,13399.75,2024-11-12,7,1439,Mangaluru
9761,Basmati Rice 5kg,Groceries,1503.82,2022-12-23,1,2635,Ballari
9762,Milk 1L,Dairy,3448.69,2022-08-03,6,2292,Kalaburagi
9763,Chocolate Bar,Snacks,4840.24,2022-02-22,2,2208,Ballari
9764,Urad Dal 1kg,Groceries,546.35,2025-07-03,1,1426,Hubballi
9765,Cheese Slices,Dairy,2779.02,2023-07-05,3,2593,Belagavi
9766,Vermicelli 500g,Groceries,1645.21,2024-01-07,3,2234,Belagavi
9767,Banana Chips,Snacks,10345.86,2022-10-02,7,2413,Udupi
9768,Scrub Pad,Home Care,4518.19,2022-10-30,3,1209,Shivamogga
9769,Almonds 500g,Groceries,809.82,2022-04-13,4,2592,Mysuru
9770,Cheese Slices,Dairy,3960.31,2023-01-16,4,2161,Davanagere
9771,USB Cable,Electronics,7445.67,2025-12-14,6,2363,Tumakuru
9772,Cashew 500g,Groceries,1452.37,2025-01-24,2,1818,Mangaluru
9773,Ball Pen Pack,Stationery,10029.83,2023-04-06,6,1409,Vijayapura
9774,Namkeen Mix,Snacks,12103.71,2022-01-10,7,2945,Udupi
9775,Cashew 500g,Groceries,5693.36,2022-11-02,8,2314,Vijayapura
9776,Khakhra Pack,Snacks,3961.28,2024-09-07,7,1135,Kalaburagi
9777,Curd 500g,Dairy,2399.98,2022-10-03,2,2349,Bengaluru
9778,Deodorant,Personal Care,1197.47,2025-03-20,3,1244,Vijayapura
9779,Curd 500g,Dairy,6969.14,2023-11-07,5,2898,Shivamogga
9780,Sunflower Oil 1L,Groceries,16995.0,2024-06-05,7,2189,Udupi
9781,Laptop Sleeve,Electronics,3719.77,2022-05-10,6,2987,Tumakuru
9782,Deodorant,Personal Care,3065.27,2024-01-09,7,1728,Vijayapura
9783,Eraser Pack,Stationery,1374.84,2025-05-07,2,1777,Tumakuru
9784,Honey 500g,Groceries,12916.37,2023-01-12,8,1283,Hubballi
9785,Energy Drink,Beverages,8754.31,2025-03-17,5,2453,Vijayapura
9786,Almonds 500g,Groceries,466.05,2023-04-26,2,1923,Kalaburagi
9787,Rice 5kg,Groceries,7542.51,2025-10-24,5,1516,Mangaluru
9788,Ball Pen Pack,Stationery,3326.38,2022-11-15,2,1881,Hubballi
9789,Good Day Biscuits,Snacks,10901.2,2023-07-11,8,2451,Belagavi
9790,Mixture Snack,Snacks,5650.49,2023-01-16,3,2393,Belagavi
9791,Potato Chips,Snacks,1203.67,2025-04-24,2,2724,Davanagere
9792,Face Wash,Personal Care,4948.8,2025-10-29,2,2181,Bengaluru
9793,Toilet Cleaner,Home Care,7500.87,2022-08-01,5,1930,Shivamogga
9794,Butter 100g,Dairy,88.58,2025-04-25,1,2901,Shivamogga
9795,Marker Pen,Stationery,2861.17,2023-11-01,4,1031,Ballari
9796,Detergent Powder 1kg,Home Care,933.7,2022-07-27,4,1050,Belagavi
9797,Ragi Flour 1kg,Groceries,7403.1,2023-10-23,4,1180,Hubballi
9798,Ragi Flour 1kg,Groceries,12945.08,2025-10-08,7,2452,Belagavi
9799,Floor Cleaner 1L,Home Care,4410.58,2022-06-09,2,2240,Kalaburagi
9800,File Folder,Stationery,3046.84,2024-02-19,2,1472,Hubballi
9801,Almonds 500g,Groceries,1077.69,2022-06-24,5,2437,Shivamogga
9802,Power Bank 10000mAh,Electronics,9233.24,2025-08-01,4,2298,Ballari
9803,Bath Soap,Personal Care,10093.67,2024-09-19,6,2641,Tumakuru
9804,Marker Pen,Stationery,2129.7,2022-10-29,3,1067,Tumakuru
9805,Marker Pen,Stationery,2080.57,2025-08-13,3,2213,Udupi
9806,USB Cable,Electronics,8540.49,2025-11-09,6,1086,Mangaluru
9807,Keyboard,Electronics,9424.06,2022-08-31,5,2381,Ballari
9808,Chocolate Bar,Snacks,4926.21,2025-09-21,2,2320,Ballari
9809,Milk 1L,Dairy,4127.24,2024-01-27,7,2929,Belagavi
9810,Mineral Water 1L,Beverages,8432.54,2023-09-12,4,1660,Hubballi
9811,Chocolate Bar,Snacks,12932.28,2023-03-21,6,2886,Ballari
9812,Hand Wash,Personal Care,3236.81,2024-04-28,2,1955,Udupi
9813,Ball Pen Pack,Stationery,9967.57,2022-07-25,7,1880,Bengaluru
9814,Ragi Flour 1kg,Groceries,8378.97,2024-07-16,5,2397,Bengaluru
9815,Scrub Pad,Home Care,6277.79,2022-06-10,4,1261,Davanagere
9816,Power Bank 10000mAh,Electronics,17535.79,2025-05-25,8,2542,Shivamogga
9817,LED Bulb 9W,Electronics,3779.8,2024-07-17,2,2617,Ballari
9818,Mineral Water 1L,Beverages,12255.56,2025-09-19,5,2408,Tumakuru
9819,Eraser Pack,Stationery,4689.73,2025-05-01,8,1873,Davanagere
9820,Mixture Snack,Snacks,1935.29,2025-02-09,1,1881,Mangaluru
9821,Buttermilk 200ml,Beverages,2472.14,2022-08-05,4,2321,Tumakuru
9822,Body Lotion,Personal Care,3422.76,2025-11-13,8,2917,Ballari
9823,Ice Cream Tub,Dairy,4615.95,2023-06-14,5,1030,Mysuru
9824,Lassi 200ml,Beverages,3569.86,2023-12-07,3,1506,Mysuru
9825,Sanitary Pads,Personal Care,10588.09,2022-01-03,6,1534,Tumakuru
9826,Paneer 200g,Dairy,3313.25,2025-12-16,7,1480,Ballari
9827,Wireless Earphones,Electronics,906.36,2024-08-12,1,1258,Tumakuru
9828,Scrub Pad,Home Care,9221.49,2024-06-20,6,1857,Vijayapura
9829,File Folder,Stationery,1435.31,2022-07-02,1,1529,Mangaluru
9830,Coconut Oil 1L,Groceries,611.24,2024-03-14,1,1403,Tumakuru
9831,Groundnut Oil 1L,Groceries,944.22,2025-08-16,4,1660,Mangaluru
9832,Pendrive 64GB,Electronics,5938.08,2023-03-07,3,1305,Vijayapura
9833,Eraser Pack,Stationery,4409.27,2023-03-19,7,2831,Belagavi
9834,Hair Oil 200ml,Personal Care,5165.2,2025-10-31,6,2375,Shivamogga
9835,Eraser Pack,Stationery,1357.13,2024-08-06,2,2807,Davanagere
9836,Murukku Pack,Snacks,2735.08,2024-11-14,4,2908,Tumakuru
9837,Phone Stand,Electronics,2814.33,2025-12-30,3,2326,Udupi
9838,Wireless Earphones,Electronics,3825.68,2024-04-13,4,1402,Tumakuru
9839,Khakhra Pack,Snacks,1619.58,2022-07-18,3,1158,Davanagere
9840,Parle-G Biscuits,Snacks,11127.09,2023-03-11,7,2977,Kalaburagi
9841,Cashew 500g,Groceries,4290.73,2023-02-04,6,2241,Belagavi
9842,Green Tea,Beverages,698.73,2025-03-09,1,2068,Vijayapura
9843,Cashew 500g,Groceries,2260.36,2025-01-07,3,1846,Hubballi
9844,Groundnut Oil 1L,Groceries,1961.74,2024-12-02,8,1684,Shivamogga
9845,File Folder,Stationery,6526.3,2025-04-03,5,1419,Udupi
9846,Buttermilk 200ml,Beverages,3663.64,2022-06-24,5,1640,Vijayapura
9847,Good Day Biscuits,Snacks,6389.43,2022-05-26,5,1730,Belagavi
9848,Basmati Rice 5kg,Groceries,1475.0,2024-08-05,1,2726,Tumakuru
9849,Mixture Snack,Snacks,10967.73,2025-01-31,5,2954,Shivamogga
9850,Bluetooth Speaker,Electronics,7786.96,2022-02-16,5,2943,Shivamogga
9851,Mango Juice 1L,Beverages,16588.65,2024-08-10,8,2902,Bengaluru
9852,Hair Oil 200ml,Personal Care,4873.6,2024-08-03,6,1883,Tumakuru
9853,Toilet Cleaner,Home Care,1658.26,2025-09-11,1,2806,Davanagere
9854,Peanut Butter,Groceries,6173.29,2025-09-28,8,2321,Bengaluru
9855,Honey 500g,Groceries,1611.01,2025-09-04,1,1725,Mysuru
9856,Eraser Pack,Stationery,2856.98,2022-12-14,5,2693,Hubballi
9857,Mobile Charger,Electronics,8950.5,2022-03-27,7,1557,Mysuru
9858,Tea Powder 500g,Beverages,7762.95,2022-11-10,8,2155,Mangaluru
9859,Banana Chips,Snacks,1507.31,2023-10-13,1,1181,Udupi
9860,Detergent Powder 1kg,Home Care,225.23,2025-04-13,1,2410,Shivamogga
9861,Salt 1kg,Groceries,3588.69,2022-07-11,2,1623,Davanagere
9862,USB Cable,Electronics,10100.08,2025-03-17,8,1113,Udupi
9863,Almonds 500g,Groceries,1260.74,2023-05-08,6,1987,Ballari
9864,Face Wash,Personal Care,2275.37,2024-10-09,1,1707,Davanagere
9865,Ball Pen Pack,Stationery,9093.74,2025-01-19,6,1580,Belagavi
9866,Banana Chips,Snacks,9813.62,2023-03-08,7,2687,Hubballi
9867,Sticky Notes,Stationery,3616.11,2024-04-28,5,1702,Mysuru
9868,Peanut Butter,Groceries,753.52,2023-08-19,1,2150,Hubballi
9869,Sunflower Oil 1L,Groceries,6422.67,2023-03-03,3,1085,Mysuru
9870,Namkeen Mix,Snacks,1596.41,2023-06-06,1,2355,Udupi
9871,Power Bank 10000mAh,Electronics,2287.99,2025-08-01,1,2525,Vijayapura
9872,Extension Board,Electronics,9930.42,2022-09-01,5,2977,Davanagere
9873,Scrub Pad,Home Care,6048.07,2025-11-08,4,2335,Hubballi
9874,File Folder,Stationery,1541.3,2025-12-11,1,2709,Davanagere
9875,Parle-G Biscuits,Snacks,5220.13,2022-07-24,3,2282,Ballari
9876,Mango Juice 1L,Beverages,4279.75,2025-10-05,2,1035,Tumakuru
9877,Laptop Sleeve,Electronics,2286.8,2023-03-27,4,1138,Ballari
9878,Energy Drink,Beverages,14027.24,2025-09-25,8,2068,Mysuru
9879,Milk 1L,Dairy,567.17,2022-05-05,1,1316,Hubballi
9880,Marker Pen,Stationery,2947.94,2025-03-28,4,2393,Davanagere
9881,Rice 5kg,Groceries,5104.21,2025-10-04,3,2625,Shivamogga
9882,Sanitary Pads,Personal Care,10398.47,2024-01-03,6,1867,Belagavi
9883,Wireless Earphones,Electronics,2072.29,2025-05-25,2,2343,Kalaburagi
9884,Face Wash,Personal Care,13765.77,2024-07-13,6,2422,Mangaluru
9885,Mouse,Electronics,3909.65,2025-03-04,7,2437,Tumakuru
9886,Mango Juice 1L,Beverages,10712.32,2025-09-20,5,1322,Hubballi
9887,Pendrive 64GB,Electronics,11538.62,2022-10-22,5,1118,Hubballi
9888,Filter Coffee 500g,Beverages,771.28,2025-06-29,8,1155,Belagavi
9889,Poha 1kg,Groceries,136.51,2025-05-16,1,2317,Bengaluru
9890,HDMI Cable,Electronics,9205.85,2024-01-18,4,2572,Davanagere
9891,Banana Chips,Snacks,10609.64,2025-06-13,7,1697,Hubballi
9892,Peanut Butter,Groceries,1448.58,2024-09-11,2,1464,Hubballi
9893,Dishwash Liquid,Home Care,770.95,2023-10-18,3,2680,Hubballi
9894,Ball Pen Pack,Stationery,1665.53,2025-11-18,1,1615,Vijayapura
9895,Ice Cream Tub,Dairy,6500.82,2025-03-23,7,2443,Mangaluru
9896,LED Bulb 9W,Electronics,12246.15,2023-11-10,6,2514,Mangaluru
9897,Urad Dal 1kg,Groceries,1032.78,2022-08-18,2,2300,Udupi
9898,Ghee 500ml,Groceries,1299.04,2023-09-24,5,2128,Belagavi
9899,Smart Watch,Electronics,3786.64,2023-07-10,3,1117,Shivamogga
9900,Paneer 200g,Dairy,3705.89,2023-01-22,8,2390,Mangaluru
9901,Bath Soap,Personal Care,3658.71,2024-07-14,2,1935,Shivamogga
9902,Buttermilk 200ml,Beverages,627.34,2023-05-30,1,2533,Kalaburagi
9903,Mineral Water 1L,Beverages,9288.09,2022-02-23,4,2969,Hubballi
9904,Shampoo 180ml,Personal Care,896.84,2022-08-05,1,2481,Bengaluru
9905,Toilet Cleaner,Home Care,11242.73,2022-05-19,8,1113,Mangaluru
9906,Mineral Water 1L,Beverages,17105.04,2023-12-01,8,2675,Davanagere
9907,Poha 1kg,Groceries,863.52,2022-08-23,6,1319,Tumakuru
9908,Dishwash Liquid,Home Care,1894.21,2022-04-25,8,2012,Vijayapura
9909,Namkeen Mix,Snacks,6128.22,2022-02-17,4,2632,Mangaluru
9910,Mango Juice 1L,Beverages,11150.15,2024-03-03,6,1880,Tumakuru
9911,Stapler,Stationery,2223.11,2022-12-03,3,2002,Belagavi
9912,Chocolate Bar,Snacks,6464.51,2023-03-02,3,1439,Belagavi
9913,Ghee 500ml,Groceries,1642.91,2025-08-01,6,2276,Shivamogga
9914,Cheese Slices,Dairy,5513.21,2022-05-11,6,2188,Mangaluru
9915,Mineral Water 1L,Beverages,14675.69,2022-03-09,6,2195,Udupi
9916,Oats 1kg,Groceries,11789.05,2022-06-03,5,2538,Belagavi
9917,Bluetooth Speaker,Electronics,11169.86,2024-06-18,6,1876,Hubballi
9918,Sanitary Pads,Personal Care,5318.89,2024-05-04,3,2916,Belagavi
9919,Keyboard,Electronics,11768.14,2023-10-01,6,2020,Tumakuru
9920,Chocolate Bar,Snacks,15178.21,2023-10-25,6,2387,Davanagere
9921,Smart Watch,Electronics,1351.23,2025-02-22,1,1834,Shivamogga
9922,Sunflower Oil 1L,Groceries,15515.62,2025-04-05,7,1847,Belagavi
9923,Cashew 500g,Groceries,1357.16,2025-04-14,2,2314,Bengaluru
9924,Ragi Flour 1kg,Groceries,5698.09,2023-11-10,3,1846,Ballari
9925,Deodorant,Personal Care,409.12,2022-12-06,1,1870,Belagavi
9926,Energy Drink,Beverages,13071.71,2022-04-05,8,2737,Udupi
9927,Marker Pen,Stationery,723.01,2023-09-06,1,2411,Tumakuru
9928,Murukku Pack,Snacks,708.38,2025-07-10,1,1799,Hubballi
9929,Pendrive 64GB,Electronics,6336.55,2022-03-06,3,2467,Belagavi
9930,Paneer 200g,Dairy,3334.82,2024-08-09,7,1677,Bengaluru
9931,File Folder,Stationery,3836.3,2025-06-12,3,1324,Mangaluru
9932,Vermicelli 500g,Groceries,1618.6,2023-04-05,3,2150,Bengaluru
9933,Shampoo 180ml,Personal Care,4116.49,2024-02-22,5,2800,Mangaluru
9934,Bluetooth Speaker,Electronics,11407.96,2022-07-16,7,2817,Belagavi
9935,Keyboard,Electronics,14820.22,2024-08-23,8,2291,Mysuru
9936,Ragi Flour 1kg,Groceries,3274.21,2025-05-08,2,2942,Shivamogga
9937,Mobile Charger,Electronics,8757.4,2025-02-21,6,2226,Hubballi
9938,Marker Pen,Stationery,3877.13,2025-07-18,6,2773,Hubballi
9939,Vermicelli 500g,Groceries,2967.19,2025-07-08,5,2713,Vijayapura
9940,Buttermilk 200ml,Beverages,1335.73,2023-12-13,2,1457,Shivamogga
9941,Torch Light,Electronics,8189.24,2025-01-31,6,2466,Davanagere
9942,HDMI Cable,Electronics,12345.07,2022-01-15,6,2171,Udupi
9943,Salt 1kg,Groceries,3429.17,2024-10-13,2,2367,Belagavi
9944,Peanut Butter,Groceries,6082.31,2022-05-10,8,1251,Mysuru
9945,Notebook,Stationery,13779.0,2024-05-17,7,2743,Bengaluru
9946,Oats 1kg,Groceries,4763.45,2022-04-21,2,1645,Kalaburagi
9947,Rice 5kg,Groceries,8305.99,2023-10-22,5,2240,Tumakuru
9948,Sticky Notes,Stationery,1375.02,2024-07-15,2,2843,Kalaburagi
9949,Wireless Earphones,Electronics,868.26,2025-12-14,1,1742,Vijayapura
9950,Smart Watch,Electronics,8872.44,2023-03-02,6,1537,Kalaburagi
9951,Ball Pen Pack,Stationery,9510.86,2023-07-13,6,1345,Mysuru
9952,Toor Dal 1kg,Groceries,3273.69,2025-10-16,5,2043,Belagavi
9953,Curd 500g,Dairy,3854.48,2024-04-13,3,1657,Belagavi
9954,Oats 1kg,Groceries,2339.54,2025-01-25,1,1908,Mangaluru
9955,Poha 1kg,Groceries,727.24,2024-02-04,6,1637,Mysuru
9956,Vermicelli 500g,Groceries,1195.24,2025-03-21,2,1420,Davanagere
9957,Green Tea,Beverages,5969.07,2022-01-05,8,2713,Davanagere
9958,Honey 500g,Groceries,11880.96,2022-03-02,7,2757,Kalaburagi
9959,Khakhra Pack,Snacks,1167.26,2024-05-17,2,2203,Belagavi
9960,Parle-G Biscuits,Snacks,6866.81,2022-07-25,4,1352,Ballari
9961,Power Bank 10000mAh,Electronics,9499.48,2025-05-15,4,1642,Shivamogga
9962,Jam 500g,Groceries,6052.79,2022-11-24,6,1993,Davanagere
9963,Groundnut Oil 1L,Groceries,1676.66,2022-09-27,7,2815,Mangaluru
9964,Chocolate Bar,Snacks,4986.28,2024-03-06,2,2154,Kalaburagi
9965,Laptop Sleeve,Electronics,2874.88,2024-06-09,5,2816,Bengaluru
9966,Sketch Pen Set,Stationery,298.67,2022-09-12,3,1040,Bengaluru
9967,Bath Soap,Personal Care,6801.16,2022-06-07,4,2348,Mangaluru
9968,Urad Dal 1kg,Groceries,2790.62,2025-04-15,5,2451,Tumakuru
9969,Honey 500g,Groceries,3181.94,2024-08-19,2,1421,Udupi
9970,Power Bank 10000mAh,Electronics,13093.29,2025-02-25,5,1709,Kalaburagi
9971,Phone Stand,Electronics,6649.78,2024-09-03,7,1735,Vijayapura
9972,Keyboard,Electronics,9901.79,2022-06-24,5,1498,Udupi
9973,Marker Pen,Stationery,5899.47,2024-12-18,8,2020,Bengaluru
9974,Parle-G Biscuits,Snacks,3348.19,2025-09-18,2,2411,Udupi
9975,Curd 500g,Dairy,2659.05,2023-04-24,2,2631,Davanagere
9976,Buttermilk 200ml,Beverages,4367.96,2022-11-24,6,1427,Hubballi
9977,Butter 100g,Dairy,406.32,2023-07-19,5,1167,Kalaburagi
9978,Body Lotion,Personal Care,459.46,2022-07-21,1,1297,Davanagere
9979,Pendrive 64GB,Electronics,17800.14,2024-05-02,8,1492,Hubballi
9980,Keyboard,Electronics,16363.07,2025-06-16,8,2323,Bengaluru
9981,Keyboard,Electronics,3649.39,2022-12-19,2,1354,Udupi
9982,Sunflower Oil 1L,Groceries,6270.57,2022-04-21,3,1626,Belagavi
9983,Mouse,Electronics,3033.59,2023-05-05,5,2765,Shivamogga
9984,Parle-G Biscuits,Snacks,13092.6,2025-02-24,8,1201,Tumakuru
9985,USB Cable,Electronics,8059.92,2022-03-12,6,2641,Belagavi
9986,Mixture Snack,Snacks,13360.41,2025-04-25,6,1035,Bengaluru
9987,File Folder,Stationery,4246.07,2022-12-03,3,1273,Belagavi
9988,Butter 100g,Dairy,623.83,2022-09-12,8,2105,Kalaburagi
9989,Floor Cleaner 1L,Home Care,4021.69,2024-10-05,2,2385,Belagavi
9990,Detergent Powder 1kg,Home Care,1133.77,2022-05-02,5,2720,Shivamogga
9991,Laptop Sleeve,Electronics,4578.1,2023-11-12,8,2449,Kalaburagi
9992,Curd 500g,Dairy,9622.39,2023-05-19,8,2888,Shivamogga
9993,Mouse,Electronics,1113.19,2024-10-22,2,1335,Mangaluru
9994,Sunflower Oil 1L,Groceries,4579.68,2023-11-17,2,2755,Mangaluru
9995,Buttermilk 200ml,Beverages,5541.12,2025-02-06,8,1754,Belagavi
9996,Khakhra Pack,Snacks,1483.2,2024-02-29,3,2952,Davanagere
9997,Wheat Atta 10kg,Groceries,80.67,2022-03-31,1,2053,Mangaluru
9998,Paneer 200g,Dairy,1467.88,2024-07-25,3,2720,Kalaburagi
9999,Energy Drink,Beverages,10693.79,2025-07-27,7,2303,Shivamogga
10000,Laptop Sleeve,Electronics,2205.55,2025-03-23,4,1262,Mysuru
